"emscripten(JS)","c","Diff in y(1)"
7611.77279265573,7611.773,-0.000207344270166
6334.00764554393,6334.008,-0.000354456073183
5270.73432646641,5270.734,0.000326466411025
4385.94992203631,4385.95,-7.79636948209372E-05
3649.69194885362,3649.692,-5.11463767907117E-05
3037.01389297724,3037.014,-0.000107022761313
2527.1409175315,2527.141,-8.24684984763735E-05
2102.72494902354,2102.725,-5.0976461807295E-05
1749.93418643181,1749.934,0.000186431811244
1456.20879267757,1456.209,-0.000207322432743
1211.7489387846,1211.749,-6.12153990005027E-05
1008.34951196406,1008.35,-0.000488035944045
839.093721418879,839.0937,2.14188793279391E-05
698.242583614287,698.2426,-1.63857133657075E-05
581.030430508286,581.0304,3.05082862723793E-05
483.494314365506,483.4943,1.43655061606296E-05
402.331398528282,402.3314,-1.47171766684551E-06
334.793069037481,334.7931,-3.09625187924212E-05
278.625507429733,278.6255,7.42973298883953E-06
231.84734272667,231.8473,4.27266697329287E-05
192.83797825739,192.838,-2.17426103858998E-05
159.362573529288,159.3626,-2.64707117594298E-05
130.519931227736,130.5199,3.12277364287183E-05
105.311088953041,105.3111,-1.10469594858387E-05
83.5715934151814,83.57159,3.415181396349E-06
65.2470252313499,65.24703,-4.76865010057281E-06
50.1302704157508,50.13027,4.15750797344572E-07
38.0234620974494,38.02346,2.09744938928225E-06
28.564131916993,28.56413,1.91699303897508E-06
21.2540314992842,21.25403,1.49928417059186E-06
15.6659817955455,15.66598,1.79554550605587E-06
11.4707495813379,11.47075,-4.18662139622938E-07
8.41765578747217,8.417656,-2.12527828225006E-07
6.19514982750824,6.19515,-1.72491763095195E-07
4.59639834308773,4.596398,3.43087729781644E-07
12.7432995410221,12.7433,-4.58977924111537E-07
206.146382598638,206.1464,-1.74013617879609E-05
920.881267040885,920.8813,-3.29591151739805E-05
1931.8389556144,1931.839,-4.4385597902874E-05
2764.518134441,2764.518,0.000134441002956
3224.83993320471,3224.84,-6.67952904223057E-05
3352.10047832318,3352.1,0.000478323177958
3267.17930671542,3267.179,0.000306715419356
3051.46972766448,3051.47,-0.000272335520549
2743.0583877338,2743.058,0.000387733797652
2427.5446183434,2427.545,-0.000381656604532
2125.91798064798,2125.918,-1.93520227185218E-05
1849.3075157133,1849.308,-0.000484286698565
1604.64180555405,1604.642,-0.000194445954776
1335.35380581837,1335.354,-0.000194181634015
1111.19204728414,1111.192,4.72841431928828E-05
924.666966514681,924.667,-3.34853191361617E-05
769.443913059382,769.4439,1.30593823541858E-05
640.264520577575,640.2645,2.05775750146131E-05
532.819095016821,532.8191,-4.98317945130111E-06
443.387453846857,443.3875,-4.61531425912654E-05
368.968462782396,368.9685,-3.72176044152184E-05
307.032882099307,307.0329,-1.79006927396586E-05
255.48274327397,255.4827,4.32739701921037E-05
212.595466031609,212.5955,-3.39683914489797E-05
176.906878667675,176.9069,-2.13323248487995E-05
147.207788362107,147.2078,-1.16378928112226E-05
122.50629303279,122.5063,-6.9672101830065E-06
102.986973773134,102.987,-2.62268661259668E-05
144.610132783853,144.6101,3.27838534133207E-05
179.663625286428,179.6636,2.5286428126492E-05
217.324616548868,217.3246,1.65488679044756E-05
268.807820994245,268.8078,2.09942446645073E-05
335.882997885749,335.883,-2.11425083307404E-06
415.736358592721,415.7364,-4.14072786725228E-05
510.142786337867,510.1428,-1.36621328010733E-05
622.228990466622,622.229,-9.53337803366594E-06
759.258159083684,759.2582,-4.09163158110459E-05
923.613762993509,923.6138,-3.70064914250179E-05
1109.38879484016,1109.389,-0.000205159835332
1297.04879033807,1297.049,-0.000209661928011
1472.36513926054,1472.365,0.000139260539754
1624.84921137679,1624.849,0.000211376788229
1747.37764543812,1747.378,-0.000354561881977
1834.31979301146,1834.32,-0.000206988536092
1884.74146558008,1884.741,0.000465580083983
1902.5080367356,1902.508,3.67355999060237E-05
1892.83208762381,1892.832,8.76238107139216E-05
1861.80072105909,1861.801,-0.000278940914313
1815.84268139189,1815.843,-0.000318608110547
1760.33426661328,1760.334,0.000266613280019
1700.73008194705,1700.73,8.19470467376959E-05
1642.76772994987,1642.768,-0.000270050132713
1590.34673813917,1590.347,-0.000261860832325
1534.71723515739,1534.717,0.000235157391216
1474.70542698637,1474.705,0.000426986368893
1409.93576766414,1409.936,-0.000232335858072
1341.39941421496,1341.399,0.000414214963484
1269.25351590971,1269.254,-0.000484090295004
1189.92150032464,1189.922,-0.000499675360516
1098.611173916,1098.611,0.000173916003632
986.648305653844,986.6483,5.65384357287257E-06
870.898353615577,870.8984,-4.63844229443566E-05
759.63442759462,759.6344,2.75946199508326E-05
657.349569858829,657.3496,-3.01411711234323E-05
566.725421899873,566.7254,2.18998733316766E-05
477.676443317598,477.6764,4.33175978855616E-05
397.488222541371,397.4882,2.25413705834399E-05
330.764937537316,330.7649,3.75373158476577E-05
275.237016691563,275.237,1.66915627346498E-05
229.036874111785,229.0369,-2.58882146226824E-05
190.590073432879,190.5901,-2.65671206705065E-05
158.597065034361,158.5971,-3.49656390028485E-05
131.974481515625,131.9745,-1.84843746353636E-05
109.820841143465,109.8208,4.11434647986653E-05
91.3860270367231,91.38603,-2.96327687010489E-06
76.0457642723705,76.04576,4.2723705462322E-06
63.2806149139195,63.28061,4.91391948287401E-06
52.6582817889803,52.65828,1.78898025637864E-06
43.8190314226558,43.81903,1.42265581359879E-06
36.463420118594,36.46342,1.18593987963322E-07
30.342252385216,30.34225,2.38521602469177E-06
26.2271740205599,26.22717,4.02055991344241E-06
39.4951630836237,39.49516,3.08362368883763E-06
55.8518242861646,55.85182,4.28616464631659E-06
78.5260500372855,78.52605,3.72855026853358E-08
108.350742072694,108.3507,4.2072693545947E-05
157.005210367997,157.0052,1.03679974756687E-05
250.413861127303,250.4139,-3.88726974165365E-05
412.213268938556,412.2133,-3.10614444174462E-05
646.256625913654,646.2566,2.59136544400462E-05
928.751663268317,928.7517,-3.67316830534037E-05
1194.94774145727,1194.948,-0.000258542729171
1417.26354330816,1417.264,-0.000456691841691
1592.19086665332,1592.191,-0.000133346676193
1723.02795046228,1723.028,-4.9537722588866E-05
1815.81539893947,1815.815,0.000398939473598
1877.60820012964,1877.608,0.000200129641144
1915.43134287564,1915.431,0.000342875638353
1935.63141132785,1935.631,0.000411327846905
1943.49973534429,1943.5,-0.000264655710453
1943.11431530148,1943.114,0.000315301476348
1938.59197099552,1938.592,-2.90044820303592E-05
1933.24237750653,1933.242,0.000377506527229
1928.72181176585,1928.722,-0.000188234146208
1916.22541821942,1916.225,0.000418219423409
1893.33418715674,1893.334,0.000187156739457
1862.18050390927,1862.181,-0.000496090732895
1823.72115087357,1823.721,0.000150873571101
1778.73467438423,1778.735,-0.000325615771089
1727.01530361568,1727.015,0.00030361567633
1666.53210017646,1666.532,0.000100176463775
1595.10221858917,1595.102,0.000218589167162
1502.0789276931,1502.079,-7.2306897436647E-05
1349.3345359321,1349.335,-0.00046406789852
1171.77895503845,1171.779,-4.4961551338929E-05
985.144462149841,985.1445,-3.78501584918922E-05
819.76911896766,819.7691,1.89676600257371E-05
682.13804466041,682.138,4.46604100261538E-05
567.589734617168,567.5897,3.46171681258056E-05
472.36318614669,472.3632,-1.3853309951628E-05
393.076438541099,393.0764,3.85410987746582E-05
327.086988428615,327.087,-1.15713845048049E-05
272.186391837918,272.1864,-8.1620816558825E-06
226.497451799787,226.4975,-4.82002131434456E-05
188.478071428179,188.4781,-2.85718210477626E-05
156.841440407464,156.8414,4.04074640414365E-05
130.503649016159,130.5036,4.90161588402316E-05
108.601144021477,108.6011,4.40214766683766E-05
90.3687733405491,90.36877,3.34054911377279E-06
75.2048188536553,75.20482,-1.14634474357445E-06
62.5791985271578,62.5792,-1.47284217888455E-06
64.6873668029749,64.68737,-3.1970250518043E-06
93.4792564506994,93.47926,-3.54930057255842E-06
137.074965260681,137.075,-3.47393187212219E-05
186.02262863336,186.0226,2.86333603014555E-05
226.630429093427,226.6304,2.90934265763099E-05
262.332120172522,262.3321,2.01725223405447E-05
300.326832935126,300.3268,3.29351262848831E-05
351.599534410684,351.5995,3.44106835541424E-05
440.763092889703,440.7631,-7.1102974175119E-06
587.845022430279,587.845,2.24302793867537E-05
800.969738894298,800.9697,3.88942979725471E-05
1070.98924344841,1070.989,0.000243448412903
1367.71766552054,1367.718,-0.000334479462481
1662.94226552066,1662.942,0.000265520662879
1934.1939872719,1934.194,-1.27281025470438E-05
2165.85383425322,2165.854,-0.000165746782386
2349.16595355502,2349.166,-4.64449808532663E-05
2481.20233684193,2481.202,0.000336841927492
2563.20403389412,2563.204,3.38941235895618E-05
2599.82653087139,2599.827,-0.000469128611257
2598.17032278197,2598.17,0.0003227819725
2566.88930566091,2566.889,0.000305660908907
2515.61167309847,2515.612,-0.000326901530116
2454.88288109674,2454.883,-0.000118903262774
2393.45363212693,2393.454,-0.000367873066807
2334.08145081889,2334.081,0.000450818893569
2277.42061635132,2277.421,-0.000383648677598
2225.12152017556,2225.122,-0.000479824438571
2177.69263358074,2177.693,-0.000366419264537
2121.55802806412,2121.558,2.80641220342659E-05
2037.90804403382,2037.908,4.40338214957592E-05
1921.40388952687,1921.404,-0.000110473129325
1761.06702797447,1761.067,2.79744729141385E-05
1560.85093268495,1560.851,-6.73150502734643E-05
1378.03472434552,1378.035,-0.000275654475217
1214.84582202367,1214.846,-0.000177976328359
1069.78210572375,1069.782,0.000105723745264
940.444605649547,940.4446,5.64954666515405E-06
817.977793518731,817.9778,-6.48126865598897E-06
702.609922124838,702.6099,2.21248378693417E-05
584.668422536795,584.6684,2.25367946313781E-05
486.52435780105,486.5244,-4.21989502683573E-05
404.847895851013,404.8479,-4.14898659073515E-06
336.87424327338,336.8742,4.3273380242681E-05
280.345223532848,280.3452,2.35328476492214E-05
233.290362355758,233.2904,-3.76442415870315E-05
194.134221519049,194.1342,2.15190492554029E-05
161.546595394669,161.5466,-4.60533104273964E-06
134.422790724366,134.4228,-9.2756341985023E-06
111.8534341286,111.8534,3.41285997080831E-05
111.016057028181,111.0161,-4.29718186438777E-05
116.715336191075,116.7153,3.61910745851901E-05
120.346660078265,120.3467,-3.99217350519621E-05
122.322618031373,122.3226,1.80313729458703E-05
123.001191025915,123.0012,-8.97408547473333E-06
124.557783629059,124.5578,-1.63709407416945E-05
132.799855093908,132.7999,-4.4906092199426E-05
150.373516172672,150.3735,1.61726717067268E-05
178.482921326324,178.4829,2.13263236048533E-05
236.41411941991,236.4141,1.94199098473291E-05
346.856406328178,346.8564,6.3281778466262E-06
528.0329224564,528.0329,2.24563995061544E-05
784.22637364502,784.2264,-2.63549798091844E-05
1101.74762924301,1101.748,-0.000370756985376
1441.83663516723,1441.837,-0.000364832765854
1774.80878409693,1774.809,-0.00021590306892
2081.76060935199,2081.761,-0.000390648011489
2350.38400109486,2350.384,1.09485972643597E-06
2583.17503768866,2583.175,3.76886614503746E-05
2778.89020885678,2778.89,0.000208856780318
2927.59065076299,2927.591,-0.000349237007867
3024.34211962967,3024.342,0.000119629671644
3070.5764847036,3070.576,0.000484703602979
3072.67187175165,3072.672,-0.000128248351302
3039.52343948659,3039.523,0.000439486594587
2983.31305498271,2983.313,5.49827091163024E-05
2914.40691678572,2914.407,-8.32142782201117E-05
2835.52190979894,2835.522,-9.0201058810635E-05
2748.58204035247,2748.582,4.03524686589662E-05
2654.74647161178,2654.746,0.000471611777812
2553.14678073537,2553.147,-0.000219264627049
2448.20286009472,2448.203,-0.000139905276228
2344.11875541091,2344.119,-0.000244589086378
2237.88513477735,2237.885,0.000134777350013
2126.33090133026,2126.331,-9.86697405096493E-05
1995.03140080933,1995.031,0.000400809332859
1800.22054505142,1800.221,-0.000454948585002
1575.89847153977,1575.898,0.000471539766295
1355.45118085577,1355.451,0.000180855767439
1127.91484255318,1127.915,-0.000157446818548
938.547700896021,938.5477,8.96020651453E-07
780.981132068474,780.9811,3.20684740700017E-05
649.936610708791,649.9366,1.07087904552827E-05
540.840324959328,540.8403,2.4959327902252E-05
450.041204738732,450.0412,4.73873177497808E-06
374.505409175636,374.5054,9.17563579605485E-06
311.640411074371,311.6404,1.10743706045469E-05
259.330863371005,259.3309,-3.6628995474075E-05
215.801068464011,215.8011,-3.15359890237232E-05
179.578761557169,179.5788,-3.84428309416762E-05
149.434295456715,149.4343,-4.54328457522024E-06
124.349674800967,124.3497,-2.51990325637053E-05
103.473924059765,103.4739,2.40597649820984E-05
86.1053647545837,86.10536,4.75458375603921E-06
71.6495770867024,71.64958,-2.91329759249948E-06
59.617054517755,59.61705,4.51775500920348E-06
49.6155109749352,49.61551,9.74935190356518E-07
41.287480303261,41.28748,3.03260989653609E-07
59.0518219405143,59.05182,1.94051433766163E-06
107.769210658224,107.7692,1.06582236725217E-05
183.72324058456,183.7232,4.05845595139454E-05
293.466402318875,293.4664,2.31887480595105E-06
448.979214121142,448.9792,1.41211415893849E-05
676.763187651773,676.7632,-1.23482270737441E-05
987.21414796446,987.2141,4.79644595543505E-05
1360.89021214475,1360.89,0.00021214474873
1739.96725774106,1739.967,0.000257741061432
2087.37170562915,2087.372,-0.00029437085368
2384.16820522161,2384.168,0.000205221610031
2621.45315747359,2621.453,0.000157473586569
2789.27299834321,2789.273,-1.65678557095816E-06
2890.24638054446,2890.246,0.000380544455766
2938.73149400677,2938.731,0.000494006769713
2948.69419430694,2948.694,0.00019430694465
2932.7296387238,2932.73,-0.000361276194781
2903.7155295815,2903.716,-0.000470418495752
2867.78901397302,2867.789,1.39730177579622E-05
2830.33692233153,2830.337,-7.76684655647841E-05
2793.72111766914,2793.721,0.000117669139854
2740.42406703583,2740.424,6.70358326715359E-05
2663.80636929593,2663.806,0.000369295933979
2564.00680750728,2564.007,-0.000192492722817
2440.44787185584,2440.448,-0.000128144156406
2309.88835629569,2309.888,0.000356295692654
2189.0402336009,2189.04,0.000233600902902
2076.24846323948,2076.248,0.000463239479814
1969.05470063889,1969.055,-0.00029936110559
1859.53668480175,1859.537,-0.000315198248245
1721.16289582988,1721.163,-0.000104170117766
1556.53516570851,1556.535,0.000165708512668
1382.4908472293,1382.491,-0.000152770702016
1211.60778073796,1211.608,-0.000219262037035
1039.59759960169,1039.598,-0.00040039831083
865.061541387515,865.0615,4.13875151252796E-05
719.827114429365,719.8271,1.44293652510896E-05
599.023938907622,599.0239,3.89076222973017E-05
498.470029364917,498.47,2.93649171680954E-05
414.788309146761,414.7883,9.14676047614194E-06
345.185438944123,345.1854,3.89441232755416E-05
287.244368128579,287.2444,-3.18714207878656E-05
239.020807915224,239.0208,7.91522433019054E-06
198.912204960859,198.9122,4.96085934287294E-06
165.525558043648,165.5256,-4.1956352276884E-05
137.742743282231,137.7427,4.32822309051062E-05
114.622224688751,114.6222,2.46887511963223E-05
95.3815069136957,95.38151,-3.08630428946799E-06
79.3835483509802,79.38355,-1.64901979360366E-06
100.623909541868,100.6239,9.54186799617673E-06
119.174347372438,119.1743,4.73724375780193E-05
136.178084211089,136.1781,-1.57889109289044E-05
152.470835313926,152.4708,3.53139264746005E-05
168.661422554031,168.6614,2.25540306928451E-05
184.917419944496,184.9174,1.99444961026529E-05
206.151009546669,206.151,9.54666896291201E-06
252.419779898063,252.4198,-2.01019365420052E-05
364.20919694084,364.2092,-3.05915955323144E-06
604.988642851141,604.9886,4.285114096092E-05
993.711567991891,993.7116,-3.20081093150293E-05
1437.52459397671,1437.525,-0.000406023291362
1864.05795266841,1864.058,-4.73315949420794E-05
2238.33338009442,2238.333,0.000380094416869
2544.05673100228,2544.057,-0.000268997724106
2770.677090314,2770.677,9.03139971342171E-05
2920.69768636259,2920.698,-0.00031363740527
3007.85399011274,3007.854,-9.88725651041023E-06
3046.28909968204,3046.289,9.96820353975636E-05
3048.66756526787,3048.668,-0.000434732134636
3025.91855202855,3025.919,-0.000447971448466
2987.21345327203,2987.213,0.000453272029063
2940.0725176748,2940.073,-0.0004823251993
2889.8692924074,2889.869,0.000292407396955
2830.81904931122,2830.819,4.93112224830838E-05
2761.91637051451,2761.916,0.000370514507267
2685.91528845252,2685.915,0.000288452519271
2604.07236680717,2604.072,0.000366807172213
2505.6018373545,2505.602,-0.000162645502314
2377.71872959413,2377.719,-0.000270405871561
2218.08044470825,2218.08,0.000444708247869
2003.97695413202,2003.977,-4.5867983772041E-05
1762.59072937294,1762.591,-0.000270627064538
1538.62617286332,1538.626,0.000172863323542
1336.91674893991,1336.917,-0.000251060087066
1158.57597437244,1158.576,-2.56275591254962E-05
1003.78499354794,1003.785,-6.45205534510751E-06
850.71920001841,850.7192,1.84101054401253E-08
707.954655863352,707.9547,-4.41366482846206E-05
589.134869557557,589.1349,-3.04424426076366E-05
490.256478767268,490.2565,-2.12327319673022E-05
407.960079410249,407.9601,-2.05897514433673E-05
339.463013981419,339.463,1.39814191584264E-05
282.478507848138,282.4785,7.84813835252862E-06
235.059654781712,235.0597,-4.52182883634578E-05
195.596549791619,195.5965,4.97916188635372E-05
162.775222530544,162.7752,2.25305440153534E-05
135.454084458944,135.4541,-1.55410558306812E-05
112.717634297145,112.7176,3.42971446229967E-05
128.271197967834,128.2712,-2.03216586669441E-06
140.512102130568,140.5121,2.13056836173564E-06
148.955273429064,148.9553,-2.65709357165633E-05
154.467915768339,154.4679,1.57683386703411E-05
157.775772808713,157.7758,-2.71912869322932E-05
161.220108112965,161.2201,8.11296487768232E-06
175.424364699595,175.4244,-3.5300405045291E-05
206.840166309812,206.8402,-3.36901879336438E-05
261.865595601727,261.8656,-4.39827323361897E-06
366.39182776389,366.3918,2.77638899319754E-05
529.286382281365,529.2864,-1.77186350356351E-05
753.651525257932,753.6515,2.52579322932434E-05
1031.02444066411,1031.024,0.000440664107145
1343.2364819737,1343.236,0.000481973695287
1669.90769725295,1669.908,-0.000302747050227
1987.06701459262,1987.067,1.45926196637447E-05
2272.64656567913,2272.647,-0.000434320867953
2511.75319858297,2511.753,0.000198582974917
2689.62483509844,2689.625,-0.000164901556673
2805.7188270048,2805.719,-0.000172995204139
2870.80118872895,2870.801,0.000188728949524
2896.65857054884,2896.659,-0.000429451156378
2893.93096820393,2893.931,-3.17960707434395E-05
2871.71434639435,2871.714,0.000346394346252
2838.06299288567,2838.063,-7.11433267497341E-06
2799.64355759227,2799.644,-0.000442407728769
2761.85458950477,2761.855,-0.000410495225424
2717.44569003135,2717.446,-0.000309968647343
2660.89295995163,2660.893,-4.00483677367447E-05
2591.87405612746,2591.874,5.61274569008674E-05
2509.13977793968,2509.14,-0.000222060316446
2418.74325613203,2418.743,0.000256132027516
2326.70582018901,2326.706,-0.000179810986083
2229.57850392399,2229.579,-0.000496076011132
2123.59711018071,2123.597,0.000110180707452
1994.1358756323,1994.136,-0.000124367700437
1798.50721112357,1798.507,0.000211123567851
1572.60110408745,1572.601,0.000104087445607
1347.21649749044,1347.216,0.000497490443649
1121.03435965998,1121.034,0.000359659981541
932.829316851143,932.8293,1.68511425044926E-05
776.280130847961,776.2801,3.08479612840529E-05
645.971186186509,645.9712,-1.38134913640897E-05
537.527829026474,537.5278,2.90264734985612E-05
447.322054339986,447.3221,-4.56600139386865E-05
372.239217650827,372.2392,1.76508274307707E-05
309.756934225101,309.7569,3.42251012739325E-05
257.736259500627,257.7363,-4.04993728011505E-05
214.488591383404,214.4886,-8.616595522426E-06
178.487910042917,178.4879,1.00429172675831E-05
148.528018439689,148.528,1.84396892848326E-05
123.593685329314,123.5937,-1.46706856298806E-05
102.85156558784,102.8516,-3.44121604030079E-05
85.5893714184055,85.58937,1.41840550327288E-06
71.221437136522,71.22144,-2.86347801647935E-06
92.711863144293,92.71186,3.14429300374286E-06
131.930042311515,131.93,4.23115146190867E-05
182.277719851417,182.2777,1.98514169653663E-05
241.08307525845,241.0831,-2.47415503338289E-05
308.136565514949,308.1366,-3.44850510600736E-05
399.839539575364,399.8395,3.95753643260832E-05
539.551579430317,539.5516,-2.05696826469648E-05
744.943897375577,744.9439,-2.62442267739971E-06
1021.00055528836,1021.001,-0.000444711636874
1355.11004256758,1355.11,4.25675773385592E-05
1720.3061896882,1720.306,0.000189688195633
2075.53416302927,2075.534,0.000163029268606
2395.89889207304,2395.899,-0.000107926960936
2667.38255254469,2667.383,-0.000447455311587
2884.20631483468,2884.206,0.000314834680921
3044.44544128324,3044.445,0.00044128323907
3152.15883552952,3152.159,-0.000164470484378
3213.59968140964,3213.6,-0.000318590363349
3236.534023624,3236.534,2.36239966397989E-05
3228.15161934971,3228.152,-0.000380650290936
3194.05865349221,3194.059,-0.000346507787526
3142.10128911593,3142.101,0.000289115929718
3081.09691580705,3081.097,-8.41929545458697E-05
3018.42143977325,3018.421,0.000439773245489
2960.28819843946,2960.288,0.000198439456199
2910.36419415553,2910.364,0.000194155528334
2870.53723928917,2870.537,0.000239289167439
2841.91764051829,2841.918,-0.000359481705345
2808.99073954718,2808.991,-0.00026045281902
2751.11528965532,2751.115,0.000289655323741
2662.00238699135,2662.002,0.00038699135348
2537.20286579402,2537.203,-0.000134205982704
2368.14924984799,2368.149,0.000249847991654
2131.87539633576,2131.875,0.00039633575534
1866.89000374116,1866.89,3.74115802515007E-06
1612.51368736393,1612.514,-0.000312636068657
1345.09475977934,1345.095,-0.000240220663954
1119.27555197158,1119.276,-0.000448028421943
931.42988822451,931.4299,-1.17754902930756E-05
775.082572500314,775.0826,-2.74996862117405E-05
644.963216137903,644.9632,1.61379030032549E-05
536.726183450401,536.7262,-1.65495986266251E-05
446.643557744965,446.6436,-4.22550351686368E-05
371.67427694458,371.6743,-2.30554195468358E-05
309.29102859316,309.291,2.85931596408773E-05
257.380937481845,257.3809,3.74818453678927E-05
214.173565271208,214.1736,-3.47287917747963E-05
178.227392107534,178.2274,-7.89246573162927E-06
148.31621347033,148.3162,1.34703303160677E-05
123.4215769032,123.4216,-2.30968000494158E-05
136.793893613799,136.7939,-6.38620062431983E-06
163.667634758865,163.6676,3.47588652971353E-05
188.728559640837,188.7286,-4.03591626536581E-05
214.473666657514,214.4737,-3.33424858922626E-05
252.883677846569,252.8837,-2.2153431160632E-05
316.367902528015,316.3679,2.52801464739605E-06
419.085700895567,419.0857,8.95566927283653E-07
602.410125477157,602.4101,2.54771572372192E-05
895.29996292328,895.3,-3.70767202184652E-05
1259.23691164421,1259.237,-8.835578637445E-05
1658.74008810801,1658.74,8.81080143244617E-05
2059.54419619525,2059.544,0.000196195247099
2432.68275777271,2432.683,-0.000242227290983
2756.98349738406,2756.983,0.000497384056871
3022.12469176775,3022.125,-0.000308232245516
3225.12094812005,3225.121,-5.18799470228259E-05
3368.3992631129,3368.399,0.000263112904577
3455.96548529226,3455.965,0.000485292264329
3496.08297382564,3496.083,-2.61743612099963E-05
3500.91848281568,3500.918,0.00048281567706
3482.13894360637,3482.139,-5.63936332582671E-05
3451.54968702941,3451.55,-0.000312970593313
3422.47322034697,3422.473,0.000220346972128
3398.67057079594,3398.671,-0.000429204056218
3381.17442271374,3381.174,0.000422713744683
3370.05452271127,3370.055,-0.000477288730508
3360.30640717147,3360.306,0.000407171465667
3340.61259812191,3340.613,-0.000401878090997
3306.42532118148,3306.425,0.000321181475556
3253.87038250063,3253.87,0.000382500631986
3194.11196843669,3194.112,-3.15633069476462E-05
3140.76540738797,3140.765,0.000407387970426
3091.21326485011,3091.213,0.000264850108579
3041.14866813294,3041.149,-0.000331867059231
2981.04038881568,2981.04,0.000388815675706
2890.38196321134,2890.382,-3.67886609637935E-05
2759.62772838718,2759.628,-0.00027161281605
2566.37313942047,2566.373,0.00013942046553
2322.38743019977,2322.387,0.000430199765105
2051.18510500705,2051.185,0.000105007045931
1785.03681223553,1785.037,-0.000187764465409
1512.35931246605,1512.359,0.000312466045898
1258.4736860031,1258.474,-0.000313996901014
1047.22864938031,1047.229,-0.00035061969038
871.428240182228,871.4282,4.01822284175069E-05
725.089475805273,725.0895,-2.41947269614684E-05
603.321545123378,603.3215,4.51233779585891E-05
502.108772860394,502.1088,-2.71396055495643E-05
417.830591397404,417.8306,-8.60259615365067E-06
347.70026543745,347.7003,-3.45625500699498E-05
289.326724967131,289.3267,2.49671309688892E-05
240.79567760713,240.7957,-2.23928704201626E-05
262.524280416128,262.5243,-1.95838716763319E-05
286.983881614403,286.9839,-1.83855966042756E-05
320.23780877009,320.2378,8.77008994848438E-06
364.648018179109,364.648,1.81791091335981E-05
411.331312268302,411.3313,1.2268302270968E-05
451.312981959806,451.313,-1.80401943339348E-05
484.005773896619,484.0058,-2.61033806623345E-05
515.400160584747,515.4002,-3.94152532408043E-05
574.470451545268,574.4705,-4.84547324504092E-05
751.524708918235,751.5247,8.91823503934575E-06
1126.804197993,1126.804,0.000197993000938
1690.64162686134,1690.642,-0.000373138656641
2332.54765308651,2332.548,-0.000346913490375
2904.83858220205,2904.839,-0.00041779795265
3366.30111752496,3366.301,0.00011752495675
3721.10501787421,3721.105,1.7874213426694E-05
3981.83516942006,3981.835,0.000169420064594
4164.85453838878,4164.855,-0.000461611221908
4283.70041370832,4283.7,0.000413708318774
4346.39012648798,4346.39,0.000126487982016
4362.57318591265,4362.573,0.000185912649613
4342.69383200437,4342.694,-0.000167995624906
4299.61016167514,4299.61,0.000161675136042
4239.76073971447,4239.761,-0.000260285531112
4169.9039749344,4169.904,-2.50655966738123E-05
4097.75728484559,4097.757,0.000284845585156
4035.87049896083,4035.87,0.000498960830555
3968.1329578725,3968.133,-4.21274980908493E-05
3881.47984774083,3881.48,-0.000152259172864
3765.26067619507,3765.261,-0.000323804928485
3644.12299346062,3644.123,-6.53938195682713E-06
3551.45968919579,3551.46,-0.000310804208311
3487.22667797264,3487.227,-0.000322027362472
3448.68285785893,3448.683,-0.000142141069318
3408.12697095301,3408.127,-2.90469893116096E-05
3274.93095535743,3274.931,-4.46425701738917E-05
2996.54843805133,2996.548,0.000438051330548
2632.1116158153,2632.112,-0.000384184699669
2238.08965871016,2238.09,-0.000341289837252
1862.33007598094,1862.33,7.59809420287638E-05
1549.68242395228,1549.682,0.000423952279561
1289.60840339394,1289.608,0.000403393936722
1073.12861212894,1073.129,-0.00038787106314
892.981902213512,892.9819,2.213512061644E-06
743.133112257334,743.1331,1.22573344469856E-05
618.392552234723,618.3926,-4.77652769177439E-05
514.573184576423,514.5732,-1.54235767695354E-05
428.227551199887,428.2276,-4.88001125518167E-05
356.351412787392,356.3514,1.27873915403143E-05
296.539661949006,296.5397,-3.80509939077456E-05
246.764506040709,246.7645,6.04070910981136E-06
290.378625785447,290.3786,2.57854472351937E-05
330.161681107798,330.1617,-1.88922016377546E-05
367.36339970139,367.3634,-2.98610245863529E-07
404.003221416437,404.0032,2.14164373346648E-05
440.976239400403,440.9762,3.94004025565664E-05
482.490971112633,482.491,-2.88873668523593E-05
531.154142991251,531.1541,4.29912513482122E-05
583.377516684344,583.3775,1.6684343563611E-05
640.701708804133,640.7017,8.80413301729277E-06
735.504624002488,735.5046,2.40024878621625E-05
950.900584911701,950.9006,-1.50882990510581E-05
1345.2701651665,1345.27,0.000165166495663
1892.84391582396,1892.844,-8.41760354433063E-05
2491.18185841145,2491.182,-0.000141588551742
3022.24507822607,3022.245,7.82260690357361E-05
3445.30144225362,3445.301,0.000442253615802
3758.42126833687,3758.421,0.000268336870249
3972.14160980714,3972.142,-0.000390192863961
4104.51792455861,4104.518,-7.54413904360263E-05
4174.74043031394,4174.74,0.000430313938523
4196.56774969736,4196.568,-0.000250302641689
4182.71935316465,4182.719,0.000353164648004
4146.145293451,4146.145,0.000293451003927
4099.82901156324,4099.829,1.15632356028073E-05
4048.63102325656,4048.631,2.3256554868567E-05
3997.99461475313,3997.995,-0.000385246873066
3953.03132552177,3953.031,0.000325521768445
3914.60146780362,3914.601,0.000467803622087
3875.17493921573,3875.175,-6.0784265770053E-05
3829.02757547354,3829.028,-0.000424526463576
3770.07725879115,3770.077,0.000258791153556
3695.44486157648,3695.445,-0.00013842351882
3602.57361537542,3602.574,-0.000384624584058
3484.17074091442,3484.171,-0.000259085584275
3332.8911071571,3332.891,0.000107157099592
3139.10470019119,3139.105,-0.000299808810723
2917.27745698139,2917.277,0.000456981389107
2673.78862447848,2673.789,-0.000375521519345
2419.4735721336,2419.474,-0.000427866395512
2163.81891998495,2163.819,-8.00150464783656E-05
1890.93666717912,1890.937,-0.00033282088225
1610.62919565819,1610.629,0.000195658191387
1340.21857935748,1340.219,-0.000420642520339
1115.2519335865,1115.252,-6.64135036458902E-05
928.073493924274,928.0735,-6.07572565058945E-06
772.274991981962,772.275,-8.01803832928272E-06
642.646294319789,642.6463,-5.68021130220586E-06
534.782932559361,534.7829,3.25593605339236E-05
445.01665621651,445.0167,-4.37834899003065E-05
370.316803281915,370.3168,3.28191492826591E-06
308.127662250773,308.1277,-3.77492265215551E-05
256.421914515073,256.4219,1.45150730759269E-05
213.353755368582,213.3538,-4.46314183193408E-05
177.536794778998,177.5368,-5.22100177136053E-06
147.748914114036,147.7489,1.41140362757142E-05
122.942267412051,122.9423,-3.2587948624041E-05
158.297525031864,158.2975,2.50318643963965E-05
207.019106378087,207.0191,6.37808739156753E-06
261.962893030254,261.9629,-6.96974620950641E-06
323.078640116221,323.0786,4.01162213279349E-05
387.84775004365,387.8478,-4.99563501534794E-05
481.938188032837,481.9382,-1.19671629477125E-05
720.262923051323,720.2629,2.30513227279516E-05
1200.69973768821,1200.7,-0.000262311793904
1881.66585165137,1881.666,-0.000148348632365
2596.59042762541,2596.59,0.000427625406701
3198.15742236918,3198.157,0.000422369181706
3647.93419008735,3647.934,0.000190087353531
3956.14466937005,3956.145,-0.000330629944983
4146.32191183762,4146.322,-8.8162374595413E-05
4261.51649270393,4261.516,0.000492703924465
4332.20864678262,4332.209,-0.000353217382326
4364.59931238589,4364.599,0.000312385885991
4365.99348284153,4365.993,0.000482841531266
4342.12855482257,4342.129,-0.000445177433903
4296.14071761031,4296.141,-0.000282389689346
4237.70209764149,4237.702,9.76414876276976E-05
4175.00681654899,4175.007,-0.000183451005796
4116.74372882276,4116.744,-0.000271177235845
4091.01636961825,4091.016,0.000369618247078
4078.52703280573,4078.527,3.28057299157081E-05
4060.31972747621,4060.32,-0.000272523792773
4021.16734419362,4021.167,0.000344193615547
3948.83982278249,3948.84,-0.000177217512373
3831.89791382192,3831.898,-8.61780804370937E-05
3656.50243542753,3656.502,0.000435427533375
3382.70382182244,3382.704,-0.000178177564067
3032.51443489059,3032.514,0.000434890587258
2701.61550141115,2701.616,-0.000498588845403
2398.04182006954,2398.042,-0.000179930464583
2122.41877373285,2122.419,-0.000226267150992
1872.58166095293,1872.582,-0.000339047072202
1634.39020114978,1634.39,0.000201149775194
1377.53439951824,1377.534,0.000399518238964
1146.3027650055,1146.303,-0.000234994504808
953.888465191952,953.8885,-3.48080478715929E-05
793.774272151892,793.7743,-2.78481082887083E-05
660.513035373204,660.513,3.53732042412957E-05
549.630166138008,549.6302,-3.38619922786165E-05
457.365154894189,457.3652,-4.51058108410507E-05
380.585785379486,380.5858,-1.46205138662481E-05
316.708106076792,316.7081,6.07679203312728E-06
263.557112562016,263.5571,1.25620159678874E-05
219.319660029186,219.3197,-3.99708144698252E-05
182.507373346264,182.5074,-2.66537363984298E-05
151.86400164431,151.864,1.64431017424249E-06
126.365848848883,126.3658,4.88488829404332E-05
105.153056001417,105.1531,-4.39985827540568E-05
87.5076866033658,87.50769,-3.39663419879344E-06
130.079140398351,130.0791,4.03983507624162E-05
193.662935277262,193.6629,3.5277261815736E-05
284.985166508383,284.9852,-3.3491617045911E-05
413.059196147141,413.0592,-3.85285943593772E-06
623.205340526798,623.2053,4.05267976475443E-05
912.643593651633,912.6436,-6.34836715107667E-06
1275.60258901758,1275.603,-0.00041098242491
1697.15275771616,1697.153,-0.00024228383586
2156.27112070917,2156.271,0.000120709174553
2647.81589494742,2647.816,-0.000105052578419
3140.23281716252,3140.233,-0.000182837481134
3591.23029536331,3591.23,0.000295363309306
3968.95713335579,3968.957,0.000133355790695
4259.96284293875,4259.963,-0.000157061247592
4470.83947928166,4470.839,0.000479281660773
4612.16701666685,4612.167,1.66668532983749E-05
4695.80048637371,4695.8,0.000486373708554
4734.91379511094,4734.914,-0.000204889061934
4745.38630751861,4745.386,0.00030751860595
4733.18992727069,4733.19,-7.2729309067654E-05
4704.16801167955,4704.168,1.16795526992064E-05
4664.78490909024,4664.785,-9.09097634576028E-05
4626.8204362102,4626.82,0.000436210201769
4584.80247702249,4584.802,0.000477022486848
4532.73721921147,4532.737,0.000219211467083
4467.08799034853,4467.088,-9.65147410170175E-06
4388.49993391468,4388.5,-6.60853238514392E-05
4298.87757499697,4298.878,-0.000425003026976
4195.04934635659,4195.049,0.000346356587215
4072.77290969611,4072.773,-9.03038899195963E-05
3918.20617529816,3918.206,0.000175298160229
3678.45854912909,3678.459,-0.000450870912118
3327.84417172135,3327.844,0.000171721351307
2930.37040668834,2930.37,0.000406688341627
2545.10815333445,2545.108,0.000153334451625
2149.17130791651,2149.171,0.000307916505335
1788.34414558755,1788.344,0.000145587547877
1488.24735913788,1488.247,0.00035913788065
1238.44803449501,1238.448,3.44950090038765E-05
1030.54490624461,1030.545,-9.37553893436416E-05
857.561421228211,857.5614,2.122821103967E-05
713.610678653265,713.6107,-2.13467354797103E-05
593.824634401134,593.8246,3.44011343713646E-05
494.15208917689,494.1521,-1.08231095623523E-05
411.207357091061,411.2074,-4.29089387807835E-05
342.185103055703,342.1851,3.05570318914761E-06
284.749504257263,284.7495,4.25726341291011E-06
236.949993479903,236.95,-6.52009725854441E-06
197.173419494324,197.1734,1.94943238511769E-05
164.086144598444,164.0861,4.45984442194458E-05
136.545078958744,136.5451,-2.10412562751117E-05
113.626856483132,113.6269,-4.35168678905029E-05
127.723781985887,127.7238,-1.80141131949085E-05
213.139579171622,213.1396,-2.08283781830687E-05
340.773102624164,340.7731,2.62416432406098E-06
523.842344905258,523.8423,4.49052581643628E-05
790.737548311209,790.7375,4.83112091842486E-05
1153.15823017896,1153.158,0.000230178955917
1616.0709078436,1616.071,-9.21564039799705E-05
2148.19039530293,2148.19,0.000395302930428
2691.59729922369,2691.597,0.000299223686852
3179.4639270007,3179.464,-7.29992952983594E-05
3585.00136441483,3585.001,0.000364414829619
3902.86366112327,3902.864,-0.00033887672771
4137.26288060905,4137.263,-0.000119390952023
4297.45990785747,4297.46,-9.21425280466792E-05
4397.5470587558,4397.547,5.87557988183107E-05
4447.95424549352,4447.954,0.000245493522016
4459.57123356585,4459.571,0.000233565852795
4443.34249730425,4443.342,0.000497304252349
4410.39320732388,4410.393,0.000207323882023
4364.08995974853,4364.09,-4.02514706365764E-05
4309.11738034598,4309.117,0.000380345975827
4250.263134684,4250.263,0.000134683999931
4191.69879797485,4191.699,-0.00020202514861
4136.47278679553,4136.473,-0.000213204469219
4086.38270978418,4086.383,-0.00029021581895
4042.15808123768,4042.158,8.12376792964642E-05
3991.32550299809,3991.326,-0.000497001911754
3915.82334040589,3915.823,0.000340405887982
3807.69301331168,3807.693,1.33116800498101E-05
3660.30225961121,3660.302,0.000259611213551
3459.00285927416,3459.003,-0.000140725842812
3151.88916462239,3151.889,0.000164622394095
2783.8554080923,2783.855,0.000408092304951
2416.76874653606,2416.769,-0.000253463943864
2032.78162545227,2032.782,-0.000374547727461
1691.48532539093,1691.485,0.000325390930357
1407.56004053518,1407.56,4.05351806875842E-05
1171.21154007061,1171.212,-0.000459929390672
974.651300455067,974.6513,4.550669245873E-07
811.070996110115,811.071,-3.88988451049954E-06
674.928704391132,674.9287,4.3911320517509E-06
561.637199336442,561.6372,-6.63558239466511E-07
467.366337659203,467.3663,3.76592025190803E-05
388.91836305424,388.9184,-3.69457596889333E-05
323.630655488015,323.6307,-4.45119853793585E-05
269.284710098847,269.2847,1.00988467011121E-05
224.080513543666,224.0805,1.35436659149946E-05
186.471789306941,186.4718,-1.06930593233301E-05
155.171121444339,155.1711,2.14443385289087E-05
129.124274029664,129.1243,-2.59703357983199E-05
107.444562680356,107.4446,-3.73196443206325E-05
89.4101504605875,89.41015,4.60587486372788E-07
138.237509762042,138.2375,9.76204151470483E-06
224.694459244547,224.6945,-4.0755453227348E-05
351.128395559495,351.1284,-4.44050516534844E-06
527.445459179812,527.4455,-4.08201875643499E-05
782.494184584806,782.4942,-1.54151938431823E-05
1104.62032839674,1104.62,0.000328396737586
1489.82605216893,1489.826,5.21689255492674E-05
1920.6530016704,1920.653,1.67039956977533E-06
2369.53111807893,2369.531,0.000118078934975
2812.24900334711,2812.249,3.34711148752831E-06
3219.00184835141,3219.002,-0.00015164858587
3563.69707390774,3563.697,7.39077445359726E-05
3832.87069141323,3832.871,-0.000308586772007
4023.31836874459,4023.318,0.000368744588286
4141.40193369439,4141.402,-6.63056080156821E-05
4196.16632492025,4196.166,0.000324920249113
4198.76427268416,4198.764,0.000272684157608
4168.31164561875,4168.312,-0.000354381253601
4129.7747847782,4129.775,-0.00021522179668
4076.76086188876,4076.761,-0.000138111240176
4009.41607633256,4009.416,7.63325610932952E-05
3931.64454426569,3931.645,-0.000455734309526
3858.62240967051,3858.622,0.000409670514728
3799.45613442082,3799.456,0.000134420819904
3756.66967058517,3756.67,-0.000329414825046
3730.32752165644,3730.328,-0.000478343558825
3707.0438988497,3707.044,-0.000101150296814
3668.67922977837,3668.679,0.000229778373523
3608.54640296191,3608.546,0.00040296191537
3520.51412219435,3520.514,0.000122194349387
3396.88465011768,3396.885,-0.000349882320734
3226.64015530435,3226.64,0.000155304345753
2978.75171710476,2978.752,-0.00028289524289
2670.3630974344,2670.363,9.74344038695563E-05
2346.19900402467,2346.199,4.02467276217067E-06
2043.9015436162,2043.902,-0.00045638380243
1775.82405067541,1775.824,5.06754120124242E-05
1501.26345117761,1501.263,0.000451177612604
1249.21888525234,1249.219,-0.000114747655971
1039.5819790411,1039.582,-2.09588990855991E-05
865.095831945978,865.0958,3.19459777529119E-05
719.896869373055,719.8969,-3.0626944976575E-05
599.054144089615,599.0541,4.40896147893E-05
498.474029413217,498.474,2.94132166231975E-05
414.797364549347,414.7974,-3.54506525468423E-05
410.802187471675,410.8022,-1.25283247598418E-05
406.414699104318,406.4147,-8.9568186467659E-07
402.61366851446,402.6137,-3.14855405463277E-05
402.577554489288,402.5776,-4.55107118000342E-05
408.372499800255,408.3725,-1.99744931705936E-07
420.334529841757,420.3345,2.98417572253129E-05
437.77028490567,437.7703,-1.50943296262085E-05
468.322872523041,468.3229,-2.7476959132855E-05
521.638479575089,521.6385,-2.04249113266997E-05
630.691990630965,630.692,-9.36903461479233E-06
845.456899570738,845.4569,-4.29261831413896E-07
1195.92707440173,1195.927,7.44017338547565E-05
1654.66180042422,1654.662,-0.000199575779561
2171.07035752981,2171.07,0.000357529808298
2687.50649032677,2687.506,0.000490326770887
3155.38733130003,3155.387,0.000331300027483
3544.16164910729,3544.162,-0.000350892706138
3841.6901174447,3841.69,0.000117444701573
4048.37866194516,4048.379,-0.000338054845088
4172.90219872976,4172.902,0.000198729760996
4234.27364209045,4234.274,-0.000357909548256
4250.43652962619,4250.437,-0.000470373810458
4231.30419012076,4231.304,0.000190120762454
4186.83675759724,4186.837,-0.000242402760705
4128.3493175473,4128.349,0.000317547296618
4067.83143352109,4067.831,0.000433521092873
4008.38533823341,4008.385,0.000338233407547
3954.28788535334,3954.288,-0.000114646662041
3909.92606406675,3909.926,6.40667522020522E-05
3873.93312368789,3873.933,0.000123687895211
3835.36772278746,3835.368,-0.000277212542187
3784.35434921694,3784.354,0.000349216943505
3711.24905594143,3711.249,5.59414320377982E-05
3616.03954735285,3616.04,-0.000452647147085
3502.56985023613,3502.57,-0.000149763865011
3363.82701872897,3363.827,1.87289701898408E-05
3189.16693176135,3189.167,-6.82386457810935E-05
2946.48355321315,2946.484,-0.000446786849352
2646.55659897399,2646.557,-0.000401026014515
2329.86982284829,2329.87,-0.000177151705429
2027.01792335652,2027.018,-7.66434754950751E-05
1730.21004340617,1730.21,4.34061723808554E-05
1439.69615621909,1439.696,0.000156219093697
1198.10768243044,1198.108,-0.000317569564913
996.983162049729,996.9832,-3.79502707801294E-05
829.626865540661,829.6269,-3.44593388490466E-05
690.406235027196,690.4062,3.50271956222059E-05
574.524664805281,574.5247,-3.51947195440516E-05
478.093984478655,478.094,-1.55213450625524E-05
397.841931159035,397.8419,3.11590350179358E-05
331.063378757798,331.0634,-2.12422020808845E-05
275.491895486305,275.4919,-4.51369487564079E-06
229.238683733706,229.2387,-1.62662941249891E-05
190.76676185219,190.7668,-3.81478097040144E-05
158.749655873354,158.7497,-4.41266456334688E-05
194.042864718847,194.0429,-3.52811528046004E-05
229.760309509727,229.7603,9.50972702185027E-06
262.863439369728,262.8634,3.93697276876992E-05
296.19282917892,296.1928,2.91789198740844E-05
338.632574411366,338.6326,-2.55886337754418E-05
398.121379596333,398.1214,-2.04036665536478E-05
473.068685008897,473.0687,-1.49911031144256E-05
589.889740108863,589.8897,4.01088627768331E-05
797.179145202853,797.1791,4.5202853129922E-05
1135.8015650789,1135.802,-0.000434921095575
1606.06764398785,1606.068,-0.000356012151315
2160.95660812434,2160.957,-0.000391875662444
2728.10400307922,2728.104,3.0792243705946E-06
3237.5460404355,3237.546,4.0435501432512E-05
3655.90069332601,3655.901,-0.00030667398778
3973.9702935327,3973.97,0.000293532699288
4196.0410658056,4196.041,6.58055960229831E-05
4339.81306819654,4339.813,6.81965393596329E-05
4425.69214613262,4425.692,0.000146132622831
4465.24105148172,4465.241,5.14817202201812E-05
4469.2644341238,4469.264,0.000434123801824
4448.51808700718,4448.518,8.70071808094508E-05
4414.1304813421,4414.13,0.000481342101011
4371.01640923767,4371.016,0.000409237667554
4324.53190587172,4324.532,-9.41282823987422E-05
4279.97090189581,4279.971,-9.81041848717723E-05
4241.20030968608,4241.2,0.000309686077344
4202.48226258392,4202.482,0.000262583924268
4158.99698040126,4158.997,-1.95987422557664E-05
4106.51673102338,4106.517,-0.000268976621555
4044.12584969825,4044.126,-0.000150301752001
3971.55809042365,3971.558,9.04236544556625E-05
3883.22556339683,3883.226,-0.000436603168055
3772.59781213048,3772.598,-0.000187869517504
3630.92651546878,3630.927,-0.000484531221446
3433.21910180326,3433.219,0.000101803265352
3154.9355041974,3154.936,-0.000495802604291
2828.37143339995,2828.371,0.000433399948633
2492.13496455579,2492.135,-3.54442072421079E-05
2175.63290338611,2175.633,-9.66138895819313E-05
1893.34789676133,1893.348,-0.000103238670135
1587.86773481169,1587.868,-0.000265188311914
1321.32623413086,1321.326,0.000234130859553
