"p","omega","delta","mu_e","mu_ql","mu_el","mu_qn","mu_en","mu_qa","mu_ea","mu_h","beta_nh","beta_hl","beta_hn","lambda_l","lambda_n","lambda_a","alpha","f_l","f_n","f_a","kappa","c","Tf","obsprob","T_min_l","gamma","E0","QL0","EL_s0","EL_i0","QN_s0","QN_i0","EN_s0","EN_i0","QA_s0","QA_i0","EA0","H_s0","H_i0"
2000,3.387109375,0.5,0.02618,0.0068,0.001428,0.0034,0.000476,0.00136,0.000408,0.002739726027397,0.9,0.8,0.8,0.02244140625,0.03802734375,0.08330078125,98.8282421875,0.419921875,0.553515625,0.405859375,0.023123828125,0.4,4,0.372265625,8.0703125,0.0157421875,11.328125,2.734375,3.515625,54.296875,23.828125,69.140625,66.015625,86.328125,33.203125,70.703125,30.078125,0.470703125,0.474609375
2000,8.337109375,0.5,0.02618,0.0068,0.001428,0.0034,0.000476,0.00136,0.000408,0.002739726027397,0.9,0.8,0.8,0.06994140625,0.08552734375,0.03580078125,48.8332421875,0.869921875,0.103515625,0.855859375,0.073073828125,0.4,4,0.222265625,5.0703125,0.2607421875,61.328125,52.734375,53.515625,4.296875,73.828125,19.140625,16.015625,36.328125,83.203125,20.703125,80.078125,0.220703125,0.224609375
2000,0.912109375,0.5,0.02618,0.0068,0.001428,0.0034,0.000476,0.00136,0.000408,0.002739726027397,0.9,0.8,0.8,0.09369140625,0.06177734375,0.05955078125,23.8357421875,0.194921875,0.328515625,0.180859375,0.098048828125,0.4,4,0.297265625,6.5703125,0.3832421875,36.328125,77.734375,28.515625,29.296875,48.828125,94.140625,41.015625,61.328125,58.203125,45.703125,55.078125,0.345703125,0.099609375
2000,5.862109375,0.5,0.02618,0.0068,0.001428,0.0034,0.000476,0.00136,0.000408,0.002739726027397,0.9,0.8,0.8,0.04619140625,0.01427734375,0.01205078125,73.8307421875,0.644921875,0.778515625,0.630859375,0.048098828125,0.4,4,0.447265625,9.5703125,0.1382421875,86.328125,27.734375,78.515625,79.296875,98.828125,44.140625,91.015625,11.328125,8.203125,95.703125,5.078125,0.095703125,0.349609375
2000,2.149609375,0.5,0.02618,0.0068,0.001428,0.0034,0.000476,0.00136,0.000408,0.002739726027397,0.9,0.8,0.8,0.01056640625,0.09740234375,0.07142578125,61.3319921875,0.757421875,0.441015625,0.968359375,0.060586328125,0.4,4,0.334765625,10.3203125,0.0769921875,23.828125,65.234375,91.015625,91.796875,86.328125,81.640625,3.515625,98.828125,70.703125,83.203125,42.578125,0.158203125,0.162109375
2000,7.099609375,0.5,0.02618,0.0068,0.001428,0.0034,0.000476,0.00136,0.000408,0.002739726027397,0.9,0.8,0.8,0.05806640625,0.04990234375,0.02392578125,11.3369921875,0.307421875,0.891015625,0.518359375,0.010636328125,0.4,4,0.484765625,7.3203125,0.3219921875,73.828125,15.234375,41.015625,41.796875,36.328125,31.640625,53.515625,48.828125,20.703125,33.203125,92.578125,0.408203125,0.412109375
2000,4.624609375,0.5,0.02618,0.0068,0.001428,0.0034,0.000476,0.00136,0.000408,0.002739726027397,0.9,0.8,0.8,0.08181640625,0.02615234375,0.09517578125,36.3344921875,0.982421875,0.666015625,0.743359375,0.035611328125,0.4,4,0.409765625,5.8203125,0.4444921875,48.828125,40.234375,66.015625,16.796875,61.328125,56.640625,78.515625,73.828125,45.703125,8.203125,67.578125,0.033203125,0.287109375
2000,9.574609375,0.5,0.02618,0.0068,0.001428,0.0034,0.000476,0.00136,0.000408,0.002739726027397,0.9,0.8,0.8,0.03431640625,0.07365234375,0.04767578125,86.3294921875,0.532421875,0.216015625,0.293359375,0.085561328125,0.4,4,0.259765625,8.8203125,0.1994921875,98.828125,90.234375,16.015625,66.796875,11.328125,6.640625,28.515625,23.828125,95.703125,58.203125,17.578125,0.283203125,0.037109375
2000,0.293359375,0.5,0.02618,0.0068,0.001428,0.0034,0.000476,0.00136,0.000408,0.002739726027397,0.9,0.8,0.8,0.06400390625,0.04396484375,0.07736328125,92.5788671875,0.588671875,0.497265625,0.124609375,0.016880078125,0.4,4,0.466015625,6.1953125,0.2301171875,30.078125,58.984375,47.265625,35.546875,5.078125,87.890625,97.265625,42.578125,26.953125,51.953125,36.328125,0.001953125,0.193359375
2000,5.243359375,0.5,0.02618,0.0068,0.001428,0.0034,0.000476,0.00136,0.000408,0.002739726027397,0.9,0.8,0.8,0.01650390625,0.09146484375,0.02986328125,42.5838671875,0.138671875,0.947265625,0.574609375,0.066830078125,0.4,4,0.316015625,9.1953125,0.4751171875,80.078125,8.984375,97.265625,85.546875,55.078125,37.890625,47.265625,92.578125,76.953125,1.953125,86.328125,0.251953125,0.443359375
2000,2.768359375,0.5,0.02618,0.0068,0.001428,0.0034,0.000476,0.00136,0.000408,0.002739726027397,0.9,0.8,0.8,0.04025390625,0.06771484375,0.05361328125,17.5863671875,0.813671875,0.722265625,0.349609375,0.091805078125,0.4,4,0.241015625,10.6953125,0.3526171875,5.078125,33.984375,22.265625,60.546875,30.078125,62.890625,22.265625,17.578125,51.953125,26.953125,61.328125,0.126953125,0.318359375
2000,7.718359375,0.5,0.02618,0.0068,0.001428,0.0034,0.000476,0.00136,0.000408,0.002739726027397,0.9,0.8,0.8,0.08775390625,0.02021484375,0.00611328125,67.5813671875,0.363671875,0.272265625,0.799609375,0.041855078125,0.4,4,0.391015625,7.6953125,0.1076171875,55.078125,83.984375,72.265625,10.546875,80.078125,12.890625,72.265625,67.578125,1.953125,76.953125,11.328125,0.376953125,0.068359375
2000,4.005859375,0.5,0.02618,0.0068,0.001428,0.0034,0.000476,0.00136,0.000408,0.002739726027397,0.9,0.8,0.8,0.07587890625,0.07958984375,0.06548828125,55.0826171875,0.476171875,0.609765625,0.687109375,0.054342578125,0.4,4,0.203515625,6.9453125,0.1688671875,42.578125,21.484375,59.765625,23.046875,92.578125,50.390625,34.765625,30.078125,64.453125,89.453125,48.828125,0.314453125,0.380859375
2000,8.955859375,0.5,0.02618,0.0068,0.001428,0.0034,0.000476,0.00136,0.000408,0.002739726027397,0.9,0.8,0.8,0.02837890625,0.03208984375,0.01798828125,5.0876171875,0.926171875,0.159765625,0.237109375,0.004392578125,0.4,4,0.353515625,9.9453125,0.4138671875,92.578125,71.484375,9.765625,73.046875,42.578125,0.390625,84.765625,80.078125,14.453125,39.453125,98.828125,0.064453125,0.130859375
2000,1.530859375,0.5,0.02618,0.0068,0.001428,0.0034,0.000476,0.00136,0.000408,0.002739726027397,0.9,0.8,0.8,0.05212890625,0.00833984375,0.08923828125,30.0851171875,0.251171875,0.384765625,0.912109375,0.029367578125,0.4,4,0.428515625,8.4453125,0.2913671875,17.578125,96.484375,84.765625,98.046875,67.578125,75.390625,59.765625,5.078125,39.453125,14.453125,73.828125,0.439453125,0.005859375
2000,6.480859375,0.5,0.02618,0.0068,0.001428,0.0034,0.000476,0.00136,0.000408,0.002739726027397,0.9,0.8,0.8,0.09962890625,0.05583984375,0.04173828125,80.0801171875,0.701171875,0.834765625,0.462109375,0.079317578125,0.4,4,0.278515625,5.4453125,0.0463671875,67.578125,46.484375,34.765625,48.046875,17.578125,25.390625,9.765625,55.078125,89.453125,64.453125,23.828125,0.189453125,0.255859375
2000,1.840234375,0.5,0.02618,0.0068,0.001428,0.0034,0.000476,0.00136,0.000408,0.002739726027397,0.9,0.8,0.8,0.06697265625,0.02912109375,0.03876953125,64.4566796875,0.223046875,0.862890625,0.715234375,0.013758203125,0.4,4,0.231640625,6.3828125,0.3373046875,45.703125,93.359375,94.140625,32.421875,14.453125,78.515625,44.140625,70.703125,61.328125,92.578125,76.953125,0.330078125,0.302734375
2000,6.790234375,0.5,0.02618,0.0068,0.001428,0.0034,0.000476,0.00136,0.000408,0.002739726027397,0.9,0.8,0.8,0.01947265625,0.07662109375,0.08626953125,14.4616796875,0.673046875,0.412890625,0.265234375,0.063708203125,0.4,4,0.381640625,9.3828125,0.0923046875,95.703125,43.359375,44.140625,82.421875,64.453125,28.515625,94.140625,20.703125,11.328125,42.578125,26.953125,0.080078125,0.052734375
2000,4.315234375,0.5,0.02618,0.0068,0.001428,0.0034,0.000476,0.00136,0.000408,0.002739726027397,0.9,0.8,0.8,0.04322265625,0.05287109375,0.01501953125,39.4591796875,0.448046875,0.187890625,0.940234375,0.088683203125,0.4,4,0.456640625,10.8828125,0.2148046875,20.703125,18.359375,69.140625,57.421875,39.453125,53.515625,69.140625,95.703125,36.328125,17.578125,1.953125,0.455078125,0.177734375
2000,9.265234375,0.5,0.02618,0.0068,0.001428,0.0034,0.000476,0.00136,0.000408,0.002739726027397,0.9,0.8,0.8,0.09072265625,0.00537109375,0.06251953125,89.4541796875,0.898046875,0.637890625,0.490234375,0.038733203125,0.4,4,0.306640625,7.8828125,0.4598046875,70.703125,68.359375,19.140625,7.421875,89.453125,3.515625,19.140625,45.703125,86.328125,67.578125,51.953125,0.205078125,0.427734375
2000,3.077734375,0.5,0.02618,0.0068,0.001428,0.0034,0.000476,0.00136,0.000408,0.002739726027397,0.9,0.8,0.8,0.05509765625,0.08849609375,0.02689453125,76.9554296875,0.785546875,0.300390625,0.152734375,0.051220703125,0.4,4,0.494140625,7.1328125,0.2760546875,33.203125,30.859375,6.640625,19.921875,76.953125,66.015625,81.640625,58.203125,48.828125,55.078125,89.453125,0.017578125,0.115234375
2000,8.027734375,0.5,0.02618,0.0068,0.001428,0.0034,0.000476,0.00136,0.000408,0.002739726027397,0.9,0.8,0.8,0.00759765625,0.04099609375,0.07439453125,26.9604296875,0.335546875,0.750390625,0.602734375,0.001270703125,0.4,4,0.344140625,10.1328125,0.0310546875,83.203125,80.859375,56.640625,69.921875,26.953125,16.015625,31.640625,8.203125,98.828125,5.078125,39.453125,0.267578125,0.365234375
2000,0.602734375,0.5,0.02618,0.0068,0.001428,0.0034,0.000476,0.00136,0.000408,0.002739726027397,0.9,0.8,0.8,0.03134765625,0.01724609375,0.05064453125,1.9629296875,0.560546875,0.975390625,0.377734375,0.026245703125,0.4,4,0.269140625,8.6328125,0.1535546875,8.203125,55.859375,31.640625,94.921875,51.953125,91.015625,6.640625,83.203125,73.828125,30.078125,14.453125,0.142578125,0.490234375
2000,5.552734375,0.5,0.02618,0.0068,0.001428,0.0034,0.000476,0.00136,0.000408,0.002739726027397,0.9,0.8,0.8,0.07884765625,0.06474609375,0.09814453125,51.9579296875,0.110546875,0.525390625,0.827734375,0.076195703125,0.4,4,0.419140625,5.6328125,0.3985546875,58.203125,5.859375,81.640625,44.921875,1.953125,41.015625,56.640625,33.203125,23.828125,80.078125,64.453125,0.392578125,0.240234375
2000,4.933984375,0.5,0.02618,0.0068,0.001428,0.0034,0.000476,0.00136,0.000408,0.002739726027397,0.9,0.8,0.8,0.01353515625,0.04693359375,0.03283203125,70.7060546875,0.954296875,0.244140625,0.996484375,0.020001953125,0.4,4,0.325390625,8.2578125,0.4291796875,14.453125,49.609375,50.390625,51.171875,8.203125,59.765625,12.890625,1.953125,55.078125,86.328125,83.203125,0.173828125,0.021484375
2000,9.883984375,0.5,0.02618,0.0068,0.001428,0.0034,0.000476,0.00136,0.000408,0.002739726027397,0.9,0.8,0.8,0.06103515625,0.09443359375,0.08033203125,20.7110546875,0.504296875,0.694140625,0.546484375,0.069951953125,0.4,4,0.475390625,5.2578125,0.1841796875,64.453125,99.609375,0.390625,1.171875,58.203125,9.765625,62.890625,51.953125,5.078125,36.328125,33.203125,0.423828125,0.271484375
2000,2.458984375,0.5,0.02618,0.0068,0.001428,0.0034,0.000476,0.00136,0.000408,0.002739726027397,0.9,0.8,0.8,0.08478515625,0.07068359375,0.00908203125,45.7085546875,0.729296875,0.919140625,0.771484375,0.094926953125,0.4,4,0.400390625,6.7578125,0.0616796875,39.453125,74.609375,75.390625,26.171875,33.203125,84.765625,87.890625,26.953125,30.078125,11.328125,8.203125,0.048828125,0.396484375
2000,7.408984375,0.5,0.02618,0.0068,0.001428,0.0034,0.000476,0.00136,0.000408,0.002739726027397,0.9,0.8,0.8,0.03728515625,0.02318359375,0.05658203125,95.7035546875,0.279296875,0.469140625,0.321484375,0.044976953125,0.4,4,0.250390625,9.7578125,0.3066796875,89.453125,24.609375,25.390625,76.171875,83.203125,34.765625,37.890625,76.953125,80.078125,61.328125,58.203125,0.298828125,0.146484375
2000,1.221484375,0.5,0.02618,0.0068,0.001428,0.0034,0.000476,0.00136,0.000408,0.002739726027397,0.9,0.8,0.8,0.02541015625,0.08255859375,0.02095703125,83.2048046875,0.166796875,0.806640625,0.433984375,0.057464453125,0.4,4,0.362890625,10.5078125,0.4904296875,1.953125,87.109375,37.890625,88.671875,95.703125,97.265625,50.390625,14.453125,42.578125,73.828125,95.703125,0.486328125,0.333984375
2000,6.171484375,0.5,0.02618,0.0068,0.001428,0.0034,0.000476,0.00136,0.000408,0.002739726027397,0.9,0.8,0.8,0.07291015625,0.03505859375,0.06845703125,33.2098046875,0.616796875,0.356640625,0.883984375,0.007514453125,0.4,4,0.212890625,7.5078125,0.2454296875,51.953125,37.109375,87.890625,38.671875,45.703125,47.265625,0.390625,64.453125,92.578125,23.828125,45.703125,0.236328125,0.083984375
2000,3.696484375,0.5,0.02618,0.0068,0.001428,0.0034,0.000476,0.00136,0.000408,0.002739726027397,0.9,0.8,0.8,0.09666015625,0.01130859375,0.04470703125,8.2123046875,0.391796875,0.131640625,0.208984375,0.032489453125,0.4,4,0.287890625,6.0078125,0.1229296875,26.953125,12.109375,12.890625,13.671875,70.703125,72.265625,25.390625,39.453125,67.578125,48.828125,20.703125,0.361328125,0.208984375
2000,8.646484375,0.5,0.02618,0.0068,0.001428,0.0034,0.000476,0.00136,0.000408,0.002739726027397,0.9,0.8,0.8,0.04916015625,0.05880859375,0.09220703125,58.2073046875,0.841796875,0.581640625,0.658984375,0.082439453125,0.4,4,0.437890625,9.0078125,0.3679296875,76.953125,62.109375,62.890625,63.671875,20.703125,22.265625,75.390625,89.453125,17.578125,98.828125,70.703125,0.111328125,0.458984375
2000,0.757421875,0.5,0.02618,0.0068,0.001428,0.0034,0.000476,0.00136,0.000408,0.002739726027397,0.9,0.8,0.8,0.04470703125,0.05435546875,0.07884765625,3.5252734375,0.265234375,0.455078125,0.869921875,0.093366015625,0.4,4,0.433203125,10.9765625,0.2837109375,72.265625,98.046875,51.953125,40.234375,69.140625,45.703125,70.703125,78.515625,37.890625,56.640625,53.515625,0.181640625,0.044921875
2000,5.707421875,0.5,0.02618,0.0068,0.001428,0.0034,0.000476,0.00136,0.000408,0.002739726027397,0.9,0.8,0.8,0.09220703125,0.00685546875,0.03134765625,53.5202734375,0.715234375,0.905078125,0.419921875,0.043416015625,0.4,4,0.283203125,7.9765625,0.0387109375,22.265625,48.046875,1.953125,90.234375,19.140625,95.703125,20.703125,28.515625,87.890625,6.640625,3.515625,0.431640625,0.294921875
2000,3.232421875,0.5,0.02618,0.0068,0.001428,0.0034,0.000476,0.00136,0.000408,0.002739726027397,0.9,0.8,0.8,0.06845703125,0.03060546875,0.05509765625,78.5177734375,0.490234375,0.680078125,0.644921875,0.018441015625,0.4,4,0.208203125,6.4765625,0.1612109375,97.265625,23.046875,76.953125,65.234375,94.140625,20.703125,45.703125,53.515625,62.890625,31.640625,28.515625,0.056640625,0.419921875
2000,8.182421875,0.5,0.02618,0.0068,0.001428,0.0034,0.000476,0.00136,0.000408,0.002739726027397,0.9,0.8,0.8,0.02095703125,0.07810546875,0.00759765625,28.5227734375,0.940234375,0.230078125,0.194921875,0.068391015625,0.4,4,0.358203125,9.4765625,0.4062109375,47.265625,73.046875,26.953125,15.234375,44.140625,70.703125,95.703125,3.515625,12.890625,81.640625,78.515625,0.306640625,0.169921875
2000,4.469921875,0.5,0.02618,0.0068,0.001428,0.0034,0.000476,0.00136,0.000408,0.002739726027397,0.9,0.8,0.8,0.03283203125,0.01873046875,0.06697265625,41.0215234375,0.827734375,0.567578125,0.532421875,0.030928515625,0.4,4,0.245703125,8.7265625,0.3449609375,59.765625,35.546875,39.453125,2.734375,31.640625,8.203125,8.203125,91.015625,50.390625,94.140625,66.015625,0.494140625,0.357421875
2000,9.419921875,0.5,0.02618,0.0068,0.001428,0.0034,0.000476,0.00136,0.000408,0.002739726027397,0.9,0.8,0.8,0.08033203125,0.06623046875,0.01947265625,91.0165234375,0.377734375,0.117578125,0.982421875,0.080878515625,0.4,4,0.395703125,5.7265625,0.0999609375,9.765625,85.546875,89.453125,52.734375,81.640625,58.203125,58.203125,41.015625,0.390625,44.140625,16.015625,0.244140625,0.107421875
2000,1.994921875,0.5,0.02618,0.0068,0.001428,0.0034,0.000476,0.00136,0.000408,0.002739726027397,0.9,0.8,0.8,0.05658203125,0.08998046875,0.09072265625,66.0190234375,0.602734375,0.342578125,0.307421875,0.055903515625,0.4,4,0.470703125,7.2265625,0.2224609375,84.765625,60.546875,14.453125,77.734375,6.640625,33.203125,83.203125,66.015625,25.390625,19.140625,41.015625,0.369140625,0.232421875
2000,6.944921875,0.5,0.02618,0.0068,0.001428,0.0034,0.000476,0.00136,0.000408,0.002739726027397,0.9,0.8,0.8,0.00908203125,0.04248046875,0.04322265625,16.0240234375,0.152734375,0.792578125,0.757421875,0.005953515625,0.4,4,0.320703125,10.2265625,0.4674609375,34.765625,10.546875,64.453125,27.734375,56.640625,83.203125,33.203125,16.015625,75.390625,69.140625,91.015625,0.119140625,0.482421875
2000,2.613671875,0.5,0.02618,0.0068,0.001428,0.0034,0.000476,0.00136,0.000408,0.002739726027397,0.9,0.8,0.8,0.08626953125,0.07216796875,0.08478515625,9.7746484375,0.996484375,0.623828125,0.588671875,0.099609765625,0.4,4,0.414453125,6.8515625,0.4980859375,91.015625,41.796875,95.703125,71.484375,50.390625,14.453125,89.453125,47.265625,44.140625,62.890625,59.765625,0.337890625,0.263671875
2000,7.563671875,0.5,0.02618,0.0068,0.001428,0.0034,0.000476,0.00136,0.000408,0.002739726027397,0.9,0.8,0.8,0.03876953125,0.02466796875,0.03728515625,59.7696484375,0.546484375,0.173828125,0.138671875,0.049659765625,0.4,4,0.264453125,9.8515625,0.2530859375,41.015625,91.796875,45.703125,21.484375,0.390625,64.453125,39.453125,97.265625,94.140625,12.890625,9.765625,0.087890625,0.013671875
2000,0.138671875,0.5,0.02618,0.0068,0.001428,0.0034,0.000476,0.00136,0.000408,0.002739726027397,0.9,0.8,0.8,0.01501953125,0.04841796875,0.06103515625,84.7671484375,0.771484375,0.398828125,0.813671875,0.024684765625,0.4,4,0.339453125,8.3515625,0.1305859375,66.015625,66.796875,70.703125,46.484375,75.390625,39.453125,14.453125,22.265625,69.140625,37.890625,34.765625,0.462890625,0.138671875
2000,5.088671875,0.5,0.02618,0.0068,0.001428,0.0034,0.000476,0.00136,0.000408,0.002739726027397,0.9,0.8,0.8,0.06251953125,0.09591796875,0.01353515625,34.7721484375,0.321484375,0.848828125,0.363671875,0.074634765625,0.4,4,0.489453125,5.3515625,0.3755859375,16.015625,16.796875,20.703125,96.484375,25.390625,89.453125,64.453125,72.265625,19.140625,87.890625,84.765625,0.212890625,0.388671875
2000,1.376171875,0.5,0.02618,0.0068,0.001428,0.0034,0.000476,0.00136,0.000408,0.002739726027397,0.9,0.8,0.8,0.09814453125,0.01279296875,0.07291015625,47.2708984375,0.208984375,0.511328125,0.251171875,0.037172265625,0.4,4,0.301953125,6.1015625,0.4368359375,78.515625,79.296875,8.203125,83.984375,37.890625,26.953125,26.953125,34.765625,56.640625,75.390625,72.265625,0.025390625,0.076171875
2000,6.326171875,0.5,0.02618,0.0068,0.001428,0.0034,0.000476,0.00136,0.000408,0.002739726027397,0.9,0.8,0.8,0.05064453125,0.06029296875,0.02541015625,97.2658984375,0.658984375,0.961328125,0.701171875,0.087122265625,0.4,4,0.451953125,9.1015625,0.1918359375,28.515625,29.296875,58.203125,33.984375,87.890625,76.953125,76.953125,84.765625,6.640625,25.390625,22.265625,0.275390625,0.326171875
2000,3.851171875,0.5,0.02618,0.0068,0.001428,0.0034,0.000476,0.00136,0.000408,0.002739726027397,0.9,0.8,0.8,0.02689453125,0.08404296875,0.09666015625,72.2683984375,0.433984375,0.736328125,0.476171875,0.062147265625,0.4,4,0.376953125,10.6015625,0.0693359375,53.515625,4.296875,33.203125,8.984375,12.890625,1.953125,51.953125,9.765625,31.640625,0.390625,47.265625,0.150390625,0.451171875
2000,8.801171875,0.5,0.02618,0.0068,0.001428,0.0034,0.000476,0.00136,0.000408,0.002739726027397,0.9,0.8,0.8,0.07439453125,0.03654296875,0.04916015625,22.2733984375,0.883984375,0.286328125,0.926171875,0.012197265625,0.4,4,0.226953125,7.6015625,0.3143359375,3.515625,54.296875,83.203125,58.984375,62.890625,51.953125,1.953125,59.765625,81.640625,50.390625,97.265625,0.400390625,0.201171875
2000,4.160546875,0.5,0.02618,0.0068,0.001428,0.0034,0.000476,0.00136,0.000408,0.002739726027397,0.9,0.8,0.8,0.08923828125,0.06326171875,0.03431640625,31.6474609375,0.405859375,0.314453125,0.223046875,0.096487890625,0.4,4,0.292578125,6.6640625,0.0846484375,81.640625,7.421875,48.828125,74.609375,66.015625,5.078125,42.578125,62.890625,66.015625,78.515625,0.390625,0.009765625,0.248046875
2000,9.110546875,0.5,0.02618,0.0068,0.001428,0.0034,0.000476,0.00136,0.000408,0.002739726027397,0.9,0.8,0.8,0.04173828125,0.01576171875,0.08181640625,81.6424609375,0.855859375,0.764453125,0.673046875,0.046537890625,0.4,4,0.442578125,9.6640625,0.3296484375,31.640625,57.421875,98.828125,24.609375,16.015625,55.078125,92.578125,12.890625,16.015625,28.515625,50.390625,0.259765625,0.498046875
2000,1.685546875,0.5,0.02618,0.0068,0.001428,0.0034,0.000476,0.00136,0.000408,0.002739726027397,0.9,0.8,0.8,0.01798828125,0.03951171875,0.01056640625,56.6449609375,0.180859375,0.989453125,0.448046875,0.021562890625,0.4,4,0.367578125,8.1640625,0.4521484375,56.640625,82.421875,23.828125,49.609375,91.015625,30.078125,67.578125,87.890625,41.015625,3.515625,75.390625,0.134765625,0.373046875
2000,6.635546875,0.5,0.02618,0.0068,0.001428,0.0034,0.000476,0.00136,0.000408,0.002739726027397,0.9,0.8,0.8,0.06548828125,0.08701171875,0.05806640625,6.6499609375,0.630859375,0.539453125,0.898046875,0.071512890625,0.4,4,0.217578125,5.1640625,0.2071484375,6.640625,32.421875,73.828125,99.609375,41.015625,80.078125,17.578125,37.890625,91.015625,53.515625,25.390625,0.384765625,0.123046875
2000,0.448046875,0.5,0.02618,0.0068,0.001428,0.0034,0.000476,0.00136,0.000408,0.002739726027397,0.9,0.8,0.8,0.07736328125,0.02763671875,0.02244140625,19.1487109375,0.743359375,0.876953125,0.560546875,0.034050390625,0.4,4,0.405078125,5.9140625,0.0233984375,94.140625,69.921875,61.328125,87.109375,28.515625,42.578125,80.078125,50.390625,28.515625,66.015625,12.890625,0.322265625,0.435546875
2000,5.398046875,0.5,0.02618,0.0068,0.001428,0.0034,0.000476,0.00136,0.000408,0.002739726027397,0.9,0.8,0.8,0.02986328125,0.07513671875,0.06994140625,69.1437109375,0.293359375,0.426953125,0.110546875,0.084000390625,0.4,4,0.255078125,8.9140625,0.2683984375,44.140625,19.921875,11.328125,37.109375,78.515625,92.578125,30.078125,0.390625,78.515625,16.015625,62.890625,0.072265625,0.185546875
2000,2.923046875,0.5,0.02618,0.0068,0.001428,0.0034,0.000476,0.00136,0.000408,0.002739726027397,0.9,0.8,0.8,0.00611328125,0.09888671875,0.04619140625,94.1412109375,0.968359375,0.201953125,0.785546875,0.059025390625,0.4,4,0.330078125,10.4140625,0.3908984375,69.140625,44.921875,86.328125,12.109375,3.515625,17.578125,5.078125,75.390625,53.515625,41.015625,87.890625,0.447265625,0.060546875
2000,7.873046875,0.5,0.02618,0.0068,0.001428,0.0034,0.000476,0.00136,0.000408,0.002739726027397,0.9,0.8,0.8,0.05361328125,0.05138671875,0.09369140625,44.1462109375,0.518359375,0.651953125,0.335546875,0.009075390625,0.4,4,0.480078125,7.4140625,0.1458984375,19.140625,94.921875,36.328125,62.109375,53.515625,67.578125,55.078125,25.390625,3.515625,91.015625,37.890625,0.197265625,0.310546875
2000,2.304296875,0.5,0.02618,0.0068,0.001428,0.0034,0.000476,0.00136,0.000408,0.002739726027397,0.9,0.8,0.8,0.03580078125,0.06919921875,0.04025390625,25.3980859375,0.574609375,0.820703125,0.504296875,0.090244140625,0.4,4,0.273828125,10.7890625,0.1765234375,50.390625,51.171875,5.078125,43.359375,59.765625,36.328125,23.828125,6.640625,72.265625,97.265625,6.640625,0.478515625,0.466796875
2000,7.254296875,0.5,0.02618,0.0068,0.001428,0.0034,0.000476,0.00136,0.000408,0.002739726027397,0.9,0.8,0.8,0.08330078125,0.02169921875,0.08775390625,75.3930859375,0.124609375,0.370703125,0.954296875,0.040294140625,0.4,4,0.423828125,7.7890625,0.4215234375,0.390625,1.171875,55.078125,93.359375,9.765625,86.328125,73.828125,56.640625,22.265625,47.265625,56.640625,0.228515625,0.216796875
2000,4.779296875,0.5,0.02618,0.0068,0.001428,0.0034,0.000476,0.00136,0.000408,0.002739726027397,0.9,0.8,0.8,0.05955078125,0.04544921875,0.01650390625,50.3955859375,0.799609375,0.145703125,0.279296875,0.015319140625,0.4,4,0.498828125,6.2890625,0.2990234375,75.390625,26.171875,30.078125,68.359375,84.765625,11.328125,98.828125,31.640625,47.265625,22.265625,81.640625,0.353515625,0.091796875
2000,9.729296875,0.5,0.02618,0.0068,0.001428,0.0034,0.000476,0.00136,0.000408,0.002739726027397,0.9,0.8,0.8,0.01205078125,0.09294921875,0.06400390625,0.4005859375,0.349609375,0.595703125,0.729296875,0.065269140625,0.4,4,0.348828125,9.2890625,0.0540234375,25.390625,76.171875,80.078125,18.359375,34.765625,61.328125,48.828125,81.640625,97.265625,72.265625,31.640625,0.103515625,0.341796875
2000,3.541796875,0.5,0.02618,0.0068,0.001428,0.0034,0.000476,0.00136,0.000408,0.002739726027397,0.9,0.8,0.8,0.04767578125,0.00982421875,0.02837890625,12.8993359375,0.462109375,0.258203125,0.841796875,0.027806640625,0.4,4,0.461328125,8.5390625,0.2377734375,62.890625,13.671875,92.578125,5.859375,47.265625,23.828125,61.328125,19.140625,34.765625,59.765625,19.140625,0.166015625,0.154296875
2000,8.491796875,0.5,0.02618,0.0068,0.001428,0.0034,0.000476,0.00136,0.000408,0.002739726027397,0.9,0.8,0.8,0.09517578125,0.05732421875,0.07587890625,62.8943359375,0.912109375,0.708203125,0.391796875,0.077756640625,0.4,4,0.311328125,5.5390625,0.4827734375,12.890625,63.671875,42.578125,55.859375,97.265625,73.828125,11.328125,69.140625,84.765625,9.765625,69.140625,0.416015625,0.404296875
2000,1.066796875,0.5,0.02618,0.0068,0.001428,0.0034,0.000476,0.00136,0.000408,0.002739726027397,0.9,0.8,0.8,0.07142578125,0.08107421875,0.05212890625,87.8918359375,0.237109375,0.933203125,0.616796875,0.052781640625,0.4,4,0.236328125,7.0390625,0.3602734375,87.890625,88.671875,67.578125,80.859375,22.265625,48.828125,36.328125,44.140625,59.765625,34.765625,94.140625,0.041015625,0.279296875
2000,6.016796875,0.5,0.02618,0.0068,0.001428,0.0034,0.000476,0.00136,0.000408,0.002739726027397,0.9,0.8,0.8,0.02392578125,0.03357421875,0.09962890625,37.8968359375,0.687109375,0.483203125,0.166796875,0.002831640625,0.4,4,0.386328125,10.0390625,0.1152734375,37.890625,38.671875,17.578125,30.859375,72.265625,98.828125,86.328125,94.140625,9.765625,84.765625,44.140625,0.291015625,0.029296875
2000,2.072265625,0.5,0.02618,0.0068,0.001428,0.0034,0.000476,0.00136,0.000408,0.002739726027397,0.9,0.8,0.8,0.04990234375,0.09220703125,0.02318359375,33.9909765625,0.764453125,0.265234375,0.961328125,0.033269921875,0.4,4,0.393359375,6.3359375,0.3181640625,94.921875,69.140625,13.671875,22.265625,23.046875,83.984375,85.546875,7.421875,38.671875,41.796875,16.796875,0.130859375,0.072265625
2000,7.022265625,0.5,0.02618,0.0068,0.001428,0.0034,0.000476,0.00136,0.000408,0.002739726027397,0.9,0.8,0.8,0.09740234375,0.04470703125,0.07068359375,83.9859765625,0.314453125,0.715234375,0.511328125,0.083219921875,0.4,4,0.243359375,9.3359375,0.0731640625,44.921875,19.140625,63.671875,72.265625,73.046875,33.984375,35.546875,57.421875,88.671875,91.796875,66.796875,0.380859375,0.322265625
2000,4.547265625,0.5,0.02618,0.0068,0.001428,0.0034,0.000476,0.00136,0.000408,0.002739726027397,0.9,0.8,0.8,0.07365234375,0.02095703125,0.04693359375,58.9884765625,0.989453125,0.940234375,0.736328125,0.058244921875,0.4,4,0.318359375,10.8359375,0.1956640625,69.921875,44.140625,38.671875,97.265625,48.046875,58.984375,10.546875,32.421875,63.671875,66.796875,91.796875,0.005859375,0.447265625
2000,9.497265625,0.5,0.02618,0.0068,0.001428,0.0034,0.000476,0.00136,0.000408,0.002739726027397,0.9,0.8,0.8,0.02615234375,0.06845703125,0.09443359375,8.9934765625,0.539453125,0.490234375,0.286328125,0.008294921875,0.4,4,0.468359375,7.8359375,0.4406640625,19.921875,94.140625,88.671875,47.265625,98.046875,8.984375,60.546875,82.421875,13.671875,16.796875,41.796875,0.255859375,0.197265625
2000,3.309765625,0.5,0.02618,0.0068,0.001428,0.0034,0.000476,0.00136,0.000408,0.002739726027397,0.9,0.8,0.8,0.03802734375,0.03283203125,0.03505859375,21.4922265625,0.426953125,0.827734375,0.398828125,0.095707421875,0.4,4,0.280859375,7.0859375,0.2569140625,82.421875,6.640625,76.171875,34.765625,85.546875,71.484375,48.046875,19.921875,51.171875,4.296875,4.296875,0.443359375,0.259765625
2000,8.259765625,0.5,0.02618,0.0068,0.001428,0.0034,0.000476,0.00136,0.000408,0.002739726027397,0.9,0.8,0.8,0.08552734375,0.08033203125,0.08255859375,71.4872265625,0.876953125,0.377734375,0.848828125,0.045757421875,0.4,4,0.430859375,10.0859375,0.0119140625,32.421875,56.640625,26.171875,84.765625,35.546875,21.484375,98.046875,69.921875,1.171875,54.296875,54.296875,0.193359375,0.009765625
2000,0.834765625,0.5,0.02618,0.0068,0.001428,0.0034,0.000476,0.00136,0.000408,0.002739726027397,0.9,0.8,0.8,0.06177734375,0.05658203125,0.01130859375,96.4847265625,0.201953125,0.152734375,0.173828125,0.020782421875,0.4,4,0.355859375,8.5859375,0.1344140625,57.421875,81.640625,51.171875,59.765625,60.546875,96.484375,73.046875,44.921875,26.171875,79.296875,79.296875,0.318359375,0.134765625
2000,5.784765625,0.5,0.02618,0.0068,0.001428,0.0034,0.000476,0.00136,0.000408,0.002739726027397,0.9,0.8,0.8,0.01427734375,0.00908203125,0.05880859375,46.4897265625,0.651953125,0.602734375,0.623828125,0.070732421875,0.4,4,0.205859375,5.5859375,0.3794140625,7.421875,31.640625,1.171875,9.765625,10.546875,46.484375,23.046875,94.921875,76.171875,29.296875,29.296875,0.068359375,0.384765625
2000,3.928515625,0.5,0.02618,0.0068,0.001428,0.0034,0.000476,0.00136,0.000408,0.002739726027397,0.9,0.8,0.8,0.07958984375,0.08626953125,0.01724609375,27.7416015625,0.483203125,0.883984375,0.680078125,0.027026171875,0.4,4,0.449609375,8.2109375,0.4100390625,63.671875,12.890625,32.421875,91.015625,4.296875,52.734375,54.296875,63.671875,44.921875,35.546875,23.046875,0.349609375,0.353515625
2000,8.878515625,0.5,0.02618,0.0068,0.001428,0.0034,0.000476,0.00136,0.000408,0.002739726027397,0.9,0.8,0.8,0.03208984375,0.03876953125,0.06474609375,77.7366015625,0.933203125,0.433984375,0.230078125,0.076976171875,0.4,4,0.299609375,5.2109375,0.1650390625,13.671875,62.890625,82.421875,41.015625,54.296875,2.734375,4.296875,13.671875,94.921875,85.546875,73.046875,0.099609375,0.103515625
2000,1.453515625,0.5,0.02618,0.0068,0.001428,0.0034,0.000476,0.00136,0.000408,0.002739726027397,0.9,0.8,0.8,0.00833984375,0.01501953125,0.04099609375,52.7391015625,0.258203125,0.208984375,0.905078125,0.052001171875,0.4,4,0.224609375,6.7109375,0.0425390625,88.671875,87.890625,7.421875,16.015625,29.296875,77.734375,29.296875,88.671875,69.921875,60.546875,98.046875,0.474609375,0.228515625
2000,6.403515625,0.5,0.02618,0.0068,0.001428,0.0034,0.000476,0.00136,0.000408,0.002739726027397,0.9,0.8,0.8,0.05583984375,0.06251953125,0.08849609375,2.7441015625,0.708203125,0.658984375,0.455078125,0.002051171875,0.4,4,0.374609375,9.7109375,0.2875390625,38.671875,37.890625,57.421875,66.015625,79.296875,27.734375,79.296875,38.671875,19.921875,10.546875,48.046875,0.224609375,0.478515625
2000,0.216015625,0.5,0.02618,0.0068,0.001428,0.0034,0.000476,0.00136,0.000408,0.002739726027397,0.9,0.8,0.8,0.09146484375,0.05064453125,0.02912109375,15.2428515625,0.595703125,0.321484375,0.117578125,0.089463671875,0.4,4,0.262109375,10.4609375,0.4712890625,51.171875,50.390625,69.921875,53.515625,91.796875,90.234375,16.796875,51.171875,57.421875,23.046875,10.546875,0.037109375,0.041015625
2000,5.166015625,0.5,0.02618,0.0068,0.001428,0.0034,0.000476,0.00136,0.000408,0.002739726027397,0.9,0.8,0.8,0.04396484375,0.09814453125,0.07662109375,65.2378515625,0.145703125,0.771484375,0.567578125,0.039513671875,0.4,4,0.412109375,7.4609375,0.2262890625,1.171875,0.390625,19.921875,3.515625,41.796875,40.234375,66.796875,1.171875,7.421875,73.046875,60.546875,0.287109375,0.291015625
2000,2.691015625,0.5,0.02618,0.0068,0.001428,0.0034,0.000476,0.00136,0.000408,0.002739726027397,0.9,0.8,0.8,0.02021484375,0.07439453125,0.00537109375,90.2353515625,0.820703125,0.996484375,0.342578125,0.014538671875,0.4,4,0.487109375,5.9609375,0.1037890625,76.171875,25.390625,94.921875,28.515625,66.796875,65.234375,91.796875,76.171875,32.421875,98.046875,85.546875,0.162109375,0.416015625
2000,7.641015625,0.5,0.02618,0.0068,0.001428,0.0034,0.000476,0.00136,0.000408,0.002739726027397,0.9,0.8,0.8,0.06771484375,0.02689453125,0.05287109375,40.2403515625,0.370703125,0.546484375,0.792578125,0.064488671875,0.4,4,0.337109375,8.9609375,0.3487890625,26.171875,75.390625,44.921875,78.515625,16.796875,15.234375,41.796875,26.171875,82.421875,48.046875,35.546875,0.412109375,0.166015625
2000,3.000390625,0.5,0.02618,0.0068,0.001428,0.0034,0.000476,0.00136,0.000408,0.002739726027397,0.9,0.8,0.8,0.09443359375,0.09517578125,0.07365234375,5.8687890625,0.792578125,0.518359375,0.145703125,0.030148046875,0.4,4,0.252734375,8.0234375,0.0272265625,60.546875,34.765625,85.546875,87.890625,13.671875,68.359375,1.171875,48.046875,66.796875,19.921875,63.671875,0.052734375,0.150390625
2000,7.950390625,0.5,0.02618,0.0068,0.001428,0.0034,0.000476,0.00136,0.000408,0.002739726027397,0.9,0.8,0.8,0.04693359375,0.04767578125,0.02615234375,55.8637890625,0.342578125,0.968359375,0.595703125,0.080098046875,0.4,4,0.402734375,5.0234375,0.2722265625,10.546875,84.765625,35.546875,37.890625,63.671875,18.359375,51.171875,98.046875,16.796875,69.921875,13.671875,0.302734375,0.400390625
2000,0.525390625,0.5,0.02618,0.0068,0.001428,0.0034,0.000476,0.00136,0.000408,0.002739726027397,0.9,0.8,0.8,0.02318359375,0.02392578125,0.09740234375,80.8612890625,0.567578125,0.743359375,0.370703125,0.055123046875,0.4,4,0.477734375,6.5234375,0.3947265625,85.546875,59.765625,60.546875,12.890625,38.671875,93.359375,76.171875,23.046875,41.796875,94.921875,38.671875,0.177734375,0.275390625
2000,5.475390625,0.5,0.02618,0.0068,0.001428,0.0034,0.000476,0.00136,0.000408,0.002739726027397,0.9,0.8,0.8,0.07068359375,0.07142578125,0.04990234375,30.8662890625,0.117578125,0.293359375,0.820703125,0.005173046875,0.4,4,0.327734375,9.5234375,0.1497265625,35.546875,9.765625,10.546875,62.890625,88.671875,43.359375,26.171875,73.046875,91.796875,44.921875,88.671875,0.427734375,0.025390625
2000,1.762890625,0.5,0.02618,0.0068,0.001428,0.0034,0.000476,0.00136,0.000408,0.002739726027397,0.9,0.8,0.8,0.08255859375,0.03580078125,0.08552734375,43.3650390625,0.230078125,0.630859375,0.708203125,0.092585546875,0.4,4,0.440234375,10.2734375,0.0884765625,73.046875,97.265625,23.046875,50.390625,76.171875,80.859375,63.671875,35.546875,29.296875,32.421875,51.171875,0.365234375,0.462890625
2000,6.712890625,0.5,0.02618,0.0068,0.001428,0.0034,0.000476,0.00136,0.000408,0.002739726027397,0.9,0.8,0.8,0.03505859375,0.08330078125,0.03802734375,93.3600390625,0.680078125,0.180859375,0.258203125,0.042635546875,0.4,4,0.290234375,7.2734375,0.3334765625,23.046875,47.265625,73.046875,0.390625,26.171875,30.859375,13.671875,85.546875,79.296875,82.421875,1.171875,0.115234375,0.212890625
2000,4.237890625,0.5,0.02618,0.0068,0.001428,0.0034,0.000476,0.00136,0.000408,0.002739726027397,0.9,0.8,0.8,0.01130859375,0.05955078125,0.06177734375,68.3625390625,0.455078125,0.405859375,0.933203125,0.017660546875,0.4,4,0.215234375,5.7734375,0.4559765625,98.046875,22.265625,48.046875,25.390625,51.171875,55.859375,38.671875,10.546875,54.296875,57.421875,26.171875,0.490234375,0.087890625
2000,9.187890625,0.5,0.02618,0.0068,0.001428,0.0034,0.000476,0.00136,0.000408,0.002739726027397,0.9,0.8,0.8,0.05880859375,0.01205078125,0.01427734375,18.3675390625,0.905078125,0.855859375,0.483203125,0.067610546875,0.4,4,0.365234375,8.7734375,0.2109765625,48.046875,72.265625,98.046875,75.390625,1.171875,5.859375,88.671875,60.546875,4.296875,7.421875,76.171875,0.240234375,0.337890625
2000,1.144140625,0.5,0.02618,0.0068,0.001428,0.0034,0.000476,0.00136,0.000408,0.002739726027397,0.9,0.8,0.8,0.02912109375,0.07736328125,0.06771484375,12.1181640625,0.173828125,0.574609375,0.426953125,0.036391796875,0.4,4,0.308984375,6.1484375,0.2416015625,79.296875,78.515625,66.796875,19.140625,7.421875,99.609375,32.421875,79.296875,73.046875,1.171875,69.921875,0.458984375,0.431640625
2000,6.094140625,0.5,0.02618,0.0068,0.001428,0.0034,0.000476,0.00136,0.000408,0.002739726027397,0.9,0.8,0.8,0.07662109375,0.02986328125,0.02021484375,62.1131640625,0.623828125,0.124609375,0.876953125,0.086341796875,0.4,4,0.458984375,9.1484375,0.4866015625,29.296875,28.515625,16.796875,69.140625,57.421875,49.609375,82.421875,29.296875,23.046875,51.171875,19.921875,0.208984375,0.181640625
2000,3.619140625,0.5,0.02618,0.0068,0.001428,0.0034,0.000476,0.00136,0.000408,0.002739726027397,0.9,0.8,0.8,0.05287109375,0.00611328125,0.09146484375,87.1106640625,0.398828125,0.349609375,0.201953125,0.061366796875,0.4,4,0.383984375,10.6484375,0.3641015625,54.296875,3.515625,91.796875,94.140625,32.421875,74.609375,57.421875,54.296875,48.046875,76.171875,44.921875,0.333984375,0.056640625
2000,8.569140625,0.5,0.02618,0.0068,0.001428,0.0034,0.000476,0.00136,0.000408,0.002739726027397,0.9,0.8,0.8,0.00537109375,0.05361328125,0.04396484375,37.1156640625,0.848828125,0.799609375,0.651953125,0.011416796875,0.4,4,0.233984375,7.6484375,0.1191015625,4.296875,53.515625,41.796875,44.140625,82.421875,24.609375,7.421875,4.296875,98.046875,26.171875,94.921875,0.083984375,0.306640625
2000,4.856640625,0.5,0.02618,0.0068,0.001428,0.0034,0.000476,0.00136,0.000408,0.002739726027397,0.9,0.8,0.8,0.04099609375,0.04173828125,0.07958984375,49.6144140625,0.961328125,0.462109375,0.989453125,0.098829296875,0.4,4,0.421484375,6.8984375,0.1803515625,91.796875,41.015625,29.296875,31.640625,94.921875,62.109375,94.921875,91.796875,35.546875,38.671875,57.421875,0.146484375,0.244140625
2000,9.806640625,0.5,0.02618,0.0068,0.001428,0.0034,0.000476,0.00136,0.000408,0.002739726027397,0.9,0.8,0.8,0.08849609375,0.08923828125,0.03208984375,99.6094140625,0.511328125,0.912109375,0.539453125,0.048879296875,0.4,4,0.271484375,9.8984375,0.4253515625,41.796875,91.015625,79.296875,81.640625,44.921875,12.109375,44.921875,41.796875,85.546875,88.671875,7.421875,0.396484375,0.494140625
2000,2.381640625,0.5,0.02618,0.0068,0.001428,0.0034,0.000476,0.00136,0.000408,0.002739726027397,0.9,0.8,0.8,0.06474609375,0.06548828125,0.05583984375,74.6119140625,0.736328125,0.687109375,0.764453125,0.023904296875,0.4,4,0.346484375,8.3984375,0.3028515625,66.796875,66.015625,4.296875,56.640625,69.921875,87.109375,19.921875,66.796875,60.546875,63.671875,32.421875,0.021484375,0.369140625
2000,7.331640625,0.5,0.02618,0.0068,0.001428,0.0034,0.000476,0.00136,0.000408,0.002739726027397,0.9,0.8,0.8,0.01724609375,0.01798828125,0.00833984375,24.6169140625,0.286328125,0.237109375,0.314453125,0.073854296875,0.4,4,0.496484375,5.3984375,0.0578515625,16.796875,16.015625,54.296875,6.640625,19.921875,37.109375,69.921875,16.796875,10.546875,13.671875,82.421875,0.271484375,0.119140625
2000,4.701953125,0.5,0.02618,0.0068,0.001428,0.0034,0.000476,0.00136,0.000408,0.002739726027397,0.9,0.8,0.8,0.02763671875,0.02541015625,0.01873046875,63.6755078125,0.806640625,0.813671875,0.525390625,0.050440234375,0.4,4,0.482421875,6.6171875,0.0961328125,33.984375,30.078125,68.359375,83.203125,71.484375,7.421875,77.734375,2.734375,33.984375,30.859375,93.359375,0.466796875,0.376953125
2000,9.651953125,0.5,0.02618,0.0068,0.001428,0.0034,0.000476,0.00136,0.000408,0.002739726027397,0.9,0.8,0.8,0.07513671875,0.07291015625,0.06623046875,13.6805078125,0.356640625,0.363671875,0.975390625,0.000490234375,0.4,4,0.332421875,9.6171875,0.3411328125,83.984375,80.078125,18.359375,33.203125,21.484375,57.421875,27.734375,52.734375,83.984375,80.859375,43.359375,0.216796875,0.126953125
2000,2.226953125,0.5,0.02618,0.0068,0.001428,0.0034,0.000476,0.00136,0.000408,0.002739726027397,0.9,0.8,0.8,0.09888671875,0.09666015625,0.04248046875,38.6780078125,0.581640625,0.138671875,0.300390625,0.025465234375,0.4,4,0.257421875,8.1171875,0.4636328125,8.984375,55.078125,93.359375,8.203125,96.484375,32.421875,2.734375,27.734375,58.984375,55.859375,18.359375,0.341796875,0.001953125
2000,7.176953125,0.5,0.02618,0.0068,0.001428,0.0034,0.000476,0.00136,0.000408,0.002739726027397,0.9,0.8,0.8,0.05138671875,0.04916015625,0.08998046875,88.6730078125,0.131640625,0.588671875,0.750390625,0.075415234375,0.4,4,0.407421875,5.1171875,0.2186328125,58.984375,5.078125,43.359375,58.203125,46.484375,82.421875,52.734375,77.734375,8.984375,5.859375,68.359375,0.091796875,0.251953125
2000,0.989453125,0.5,0.02618,0.0068,0.001428,0.0034,0.000476,0.00136,0.000408,0.002739726027397,0.9,0.8,0.8,0.01576171875,0.06103515625,0.03060546875,76.1742578125,0.244140625,0.251171875,0.862890625,0.012977734375,0.4,4,0.219921875,5.8671875,0.0348828125,46.484375,92.578125,30.859375,70.703125,33.984375,44.921875,40.234375,15.234375,71.484375,18.359375,80.859375,0.154296875,0.189453125
2000,5.939453125,0.5,0.02618,0.0068,0.001428,0.0034,0.000476,0.00136,0.000408,0.002739726027397,0.9,0.8,0.8,0.06326171875,0.01353515625,0.07810546875,26.1792578125,0.694140625,0.701171875,0.412890625,0.062927734375,0.4,4,0.369921875,8.8671875,0.2798828125,96.484375,42.578125,80.859375,20.703125,83.984375,94.921875,90.234375,65.234375,21.484375,68.359375,30.859375,0.404296875,0.439453125
2000,3.464453125,0.5,0.02618,0.0068,0.001428,0.0034,0.000476,0.00136,0.000408,0.002739726027397,0.9,0.8,0.8,0.08701171875,0.03728515625,0.00685546875,1.1817578125,0.469140625,0.926171875,0.637890625,0.087902734375,0.4,4,0.444921875,10.3671875,0.4023828125,21.484375,17.578125,5.859375,45.703125,8.984375,19.921875,65.234375,40.234375,46.484375,93.359375,5.859375,0.029296875,0.314453125
2000,8.414453125,0.5,0.02618,0.0068,0.001428,0.0034,0.000476,0.00136,0.000408,0.002739726027397,0.9,0.8,0.8,0.03951171875,0.08478515625,0.05435546875,51.1767578125,0.919140625,0.476171875,0.187890625,0.037952734375,0.4,4,0.294921875,7.3671875,0.1573828125,71.484375,67.578125,55.859375,95.703125,58.984375,69.921875,15.234375,90.234375,96.484375,43.359375,55.859375,0.279296875,0.064453125
2000,1.608203125,0.5,0.02618,0.0068,0.001428,0.0034,0.000476,0.00136,0.000408,0.002739726027397,0.9,0.8,0.8,0.05732421875,0.00759765625,0.02466796875,69.9248828125,0.187890625,0.307421875,0.244140625,0.056683984375,0.4,4,0.351171875,10.7421875,0.1880078125,2.734375,86.328125,87.109375,1.953125,52.734375,26.171875,58.984375,71.484375,27.734375,49.609375,99.609375,0.060546875,0.158203125
2000,6.558203125,0.5,0.02618,0.0068,0.001428,0.0034,0.000476,0.00136,0.000408,0.002739726027397,0.9,0.8,0.8,0.00982421875,0.05509765625,0.07216796875,19.9298828125,0.637890625,0.757421875,0.694140625,0.006733984375,0.4,4,0.201171875,7.7421875,0.4330078125,52.734375,36.328125,37.109375,51.953125,2.734375,76.171875,8.984375,21.484375,77.734375,99.609375,49.609375,0.310546875,0.408203125
2000,4.083203125,0.5,0.02618,0.0068,0.001428,0.0034,0.000476,0.00136,0.000408,0.002739726027397,0.9,0.8,0.8,0.03357421875,0.07884765625,0.04841796875,44.9273828125,0.412890625,0.982421875,0.469140625,0.031708984375,0.4,4,0.276171875,6.2421875,0.3105078125,27.734375,11.328125,62.109375,76.953125,77.734375,1.171875,33.984375,96.484375,52.734375,74.609375,24.609375,0.185546875,0.283203125
2000,9.033203125,0.5,0.02618,0.0068,0.001428,0.0034,0.000476,0.00136,0.000408,0.002739726027397,0.9,0.8,0.8,0.08107421875,0.03134765625,0.09591796875,94.9223828125,0.862890625,0.532421875,0.919140625,0.081658984375,0.4,4,0.426171875,9.2421875,0.0655078125,77.734375,61.328125,12.109375,26.953125,27.734375,51.171875,83.984375,46.484375,2.734375,24.609375,74.609375,0.435546875,0.033203125
2000,2.845703125,0.5,0.02618,0.0068,0.001428,0.0034,0.000476,0.00136,0.000408,0.002739726027397,0.9,0.8,0.8,0.06919921875,0.06697265625,0.03654296875,82.4236328125,0.975390625,0.869921875,0.581640625,0.019221484375,0.4,4,0.313671875,8.4921875,0.2492578125,15.234375,48.828125,24.609375,39.453125,40.234375,13.671875,21.484375,58.984375,65.234375,12.109375,87.109375,0.373046875,0.470703125
2000,7.795703125,0.5,0.02618,0.0068,0.001428,0.0034,0.000476,0.00136,0.000408,0.002739726027397,0.9,0.8,0.8,0.02169921875,0.01947265625,0.08404296875,32.4286328125,0.525390625,0.419921875,0.131640625,0.069171484375,0.4,4,0.463671875,5.4921875,0.4942578125,65.234375,98.828125,74.609375,89.453125,90.234375,63.671875,71.484375,8.984375,15.234375,62.109375,37.109375,0.123046875,0.220703125
2000,0.370703125,0.5,0.02618,0.0068,0.001428,0.0034,0.000476,0.00136,0.000408,0.002739726027397,0.9,0.8,0.8,0.04544921875,0.04322265625,0.01279296875,7.4311328125,0.750390625,0.194921875,0.806640625,0.094146484375,0.4,4,0.388671875,6.9921875,0.3717578125,40.234375,73.828125,49.609375,64.453125,15.234375,38.671875,96.484375,83.984375,40.234375,87.109375,12.109375,0.498046875,0.095703125
2000,5.320703125,0.5,0.02618,0.0068,0.001428,0.0034,0.000476,0.00136,0.000408,0.002739726027397,0.9,0.8,0.8,0.09294921875,0.09072265625,0.06029296875,57.4261328125,0.300390625,0.644921875,0.356640625,0.044196484375,0.4,4,0.238671875,9.9921875,0.1267578125,90.234375,23.828125,99.609375,14.453125,65.234375,88.671875,46.484375,33.984375,90.234375,37.109375,62.109375,0.248046875,0.345703125
2000,0.680078125,0.5,0.02618,0.0068,0.001428,0.0034,0.000476,0.00136,0.000408,0.002739726027397,0.9,0.8,0.8,0.07216796875,0.02244140625,0.06919921875,98.0470703125,0.722265625,0.616796875,0.553515625,0.059805859375,0.4,4,0.341796875,10.9296875,0.2645703125,24.609375,64.453125,33.984375,5.078125,68.359375,41.796875,12.109375,43.359375,62.109375,8.984375,40.234375,0.357421875,0.330078125
2000,5.630078125,0.5,0.02618,0.0068,0.001428,0.0034,0.000476,0.00136,0.000408,0.002739726027397,0.9,0.8,0.8,0.02466796875,0.06994140625,0.02169921875,48.0520703125,0.272265625,0.166796875,0.103515625,0.009855859375,0.4,4,0.491796875,7.9296875,0.0195703125,74.609375,14.453125,83.984375,55.078125,18.359375,91.796875,62.109375,93.359375,12.109375,58.984375,90.234375,0.107421875,0.080078125
2000,3.155078125,0.5,0.02618,0.0068,0.001428,0.0034,0.000476,0.00136,0.000408,0.002739726027397,0.9,0.8,0.8,0.04841796875,0.09369140625,0.09294921875,23.0545703125,0.947265625,0.391796875,0.778515625,0.034830859375,0.4,4,0.416796875,6.4296875,0.1420703125,49.609375,39.453125,8.984375,80.078125,93.359375,16.796875,87.109375,18.359375,37.109375,83.984375,65.234375,0.482421875,0.205078125
2000,8.105078125,0.5,0.02618,0.0068,0.001428,0.0034,0.000476,0.00136,0.000408,0.002739726027397,0.9,0.8,0.8,0.09591796875,0.04619140625,0.04544921875,73.0495703125,0.497265625,0.841796875,0.328515625,0.084780859375,0.4,4,0.266796875,9.4296875,0.3870703125,99.609375,89.453125,58.984375,30.078125,43.359375,66.796875,37.109375,68.359375,87.109375,33.984375,15.234375,0.232421875,0.455078125
2000,4.392578125,0.5,0.02618,0.0068,0.001428,0.0034,0.000476,0.00136,0.000408,0.002739726027397,0.9,0.8,0.8,0.06029296875,0.05806640625,0.08107421875,60.5508203125,0.384765625,0.504296875,0.216015625,0.022343359375,0.4,4,0.379296875,8.6796875,0.3258203125,12.109375,1.953125,71.484375,42.578125,30.859375,4.296875,74.609375,30.859375,49.609375,46.484375,27.734375,0.044921875,0.017578125
2000,9.342578125,0.5,0.02618,0.0068,0.001428,0.0034,0.000476,0.00136,0.000408,0.002739726027397,0.9,0.8,0.8,0.01279296875,0.01056640625,0.03357421875,10.5558203125,0.834765625,0.954296875,0.666015625,0.072293359375,0.4,4,0.229296875,5.6796875,0.0808203125,62.109375,51.953125,21.484375,92.578125,80.859375,54.296875,24.609375,80.859375,99.609375,96.484375,77.734375,0.294921875,0.267578125
2000,1.917578125,0.5,0.02618,0.0068,0.001428,0.0034,0.000476,0.00136,0.000408,0.002739726027397,0.9,0.8,0.8,0.03654296875,0.03431640625,0.05732421875,35.5533203125,0.159765625,0.729296875,0.441015625,0.097268359375,0.4,4,0.304296875,7.1796875,0.2033203125,37.109375,76.953125,96.484375,67.578125,5.859375,29.296875,49.609375,5.859375,74.609375,71.484375,52.734375,0.169921875,0.392578125
2000,6.867578125,0.5,0.02618,0.0068,0.001428,0.0034,0.000476,0.00136,0.000408,0.002739726027397,0.9,0.8,0.8,0.08404296875,0.08181640625,0.00982421875,85.5483203125,0.609765625,0.279296875,0.891015625,0.047318359375,0.4,4,0.454296875,10.1796875,0.4483203125,87.109375,26.953125,46.484375,17.578125,55.859375,79.296875,99.609375,55.859375,24.609375,21.484375,2.734375,0.419921875,0.142578125
2000,3.773828125,0.5,0.02618,0.0068,0.001428,0.0034,0.000476,0.00136,0.000408,0.002739726027397,0.9,0.8,0.8,0.00685546875,0.01650390625,0.07513671875,91.7976953125,0.441015625,0.448046875,0.834765625,0.053562109375,0.4,4,0.210546875,6.8046875,0.4789453125,43.359375,20.703125,15.234375,86.328125,62.109375,23.046875,30.859375,87.109375,55.859375,15.234375,46.484375,0.138671875,0.111328125
2000,8.723828125,0.5,0.02618,0.0068,0.001428,0.0034,0.000476,0.00136,0.000408,0.002739726027397,0.9,0.8,0.8,0.05435546875,0.06400390625,0.02763671875,41.8026953125,0.891015625,0.898046875,0.384765625,0.003612109375,0.4,4,0.360546875,9.8046875,0.2339453125,93.359375,70.703125,65.234375,36.328125,12.109375,73.046875,80.859375,37.109375,5.859375,65.234375,96.484375,0.388671875,0.361328125
2000,1.298828125,0.5,0.02618,0.0068,0.001428,0.0034,0.000476,0.00136,0.000408,0.002739726027397,0.9,0.8,0.8,0.07810546875,0.08775390625,0.09888671875,16.8051953125,0.216015625,0.673046875,0.609765625,0.028587109375,0.4,4,0.435546875,8.3046875,0.1114453125,18.359375,95.703125,40.234375,11.328125,87.109375,48.046875,55.859375,62.109375,30.859375,90.234375,71.484375,0.013671875,0.486328125
2000,6.248828125,0.5,0.02618,0.0068,0.001428,0.0034,0.000476,0.00136,0.000408,0.002739726027397,0.9,0.8,0.8,0.03060546875,0.04025390625,0.05138671875,66.8001953125,0.666015625,0.223046875,0.159765625,0.078537109375,0.4,4,0.285546875,5.3046875,0.3564453125,68.359375,45.703125,90.234375,61.328125,37.109375,98.046875,5.859375,12.109375,80.859375,40.234375,21.484375,0.263671875,0.236328125
2000,2.536328125,0.5,0.02618,0.0068,0.001428,0.0034,0.000476,0.00136,0.000408,0.002739726027397,0.9,0.8,0.8,0.01873046875,0.07587890625,0.08701171875,54.3014453125,0.553515625,0.560546875,0.497265625,0.016099609375,0.4,4,0.473046875,6.0546875,0.4176953125,30.859375,58.203125,77.734375,73.828125,49.609375,35.546875,93.359375,99.609375,43.359375,27.734375,33.984375,0.451171875,0.298828125
2000,7.486328125,0.5,0.02618,0.0068,0.001428,0.0034,0.000476,0.00136,0.000408,0.002739726027397,0.9,0.8,0.8,0.06623046875,0.02837890625,0.03951171875,4.3064453125,0.103515625,0.110546875,0.947265625,0.066049609375,0.4,4,0.323046875,9.0546875,0.1726953125,80.859375,8.203125,27.734375,23.828125,99.609375,85.546875,43.359375,49.609375,93.359375,77.734375,83.984375,0.201171875,0.048828125
2000,5.011328125,0.5,0.02618,0.0068,0.001428,0.0034,0.000476,0.00136,0.000408,0.002739726027397,0.9,0.8,0.8,0.08998046875,0.05212890625,0.06326171875,29.3039453125,0.778515625,0.335546875,0.272265625,0.091024609375,0.4,4,0.248046875,10.5546875,0.0501953125,5.859375,33.203125,52.734375,48.828125,24.609375,10.546875,18.359375,74.609375,68.359375,52.734375,58.984375,0.326171875,0.173828125
2000,9.961328125,0.5,0.02618,0.0068,0.001428,0.0034,0.000476,0.00136,0.000408,0.002739726027397,0.9,0.8,0.8,0.04248046875,0.09962890625,0.01576171875,79.2989453125,0.328515625,0.785546875,0.722265625,0.041074609375,0.4,4,0.398046875,7.5546875,0.2951953125,55.859375,83.203125,2.734375,98.828125,74.609375,60.546875,68.359375,24.609375,18.359375,2.734375,8.984375,0.076171875,0.423828125
2000,5.0306640625,0.5,0.02618,0.0068,0.001428,0.0034,0.000476,0.00136,0.000408,0.002739726027397,0.9,0.8,0.8,0.053427734375,0.028564453125,0.020771484375,15.04755859375,0.6642578125,0.3267578125,0.7486328125,0.0084900390625,0.4,4,0.3283203125,9.48828125,0.10857421875,88.8671875,24.8046875,70.8984375,96.6796875,87.3046875,91.2109375,83.0078125,66.9921875,40.0390625,99.8046875,3.7109375,0.2880859375,0.1044921875
2000,9.9806640625,0.5,0.02618,0.0068,0.001428,0.0034,0.000476,0.00136,0.000408,0.002739726027397,0.9,0.8,0.8,0.005927734375,0.076064453125,0.068271484375,65.04255859375,0.2142578125,0.7767578125,0.2986328125,0.0584400390625,0.4,4,0.4783203125,6.48828125,0.35357421875,38.8671875,74.8046875,20.8984375,46.6796875,37.3046875,41.2109375,33.0078125,16.9921875,90.0390625,49.8046875,53.7109375,0.0380859375,0.3544921875
2000,2.5556640625,0.5,0.02618,0.0068,0.001428,0.0034,0.000476,0.00136,0.000408,0.002739726027397,0.9,0.8,0.8,0.029677734375,0.099814453125,0.044521484375,90.04005859375,0.8892578125,0.5517578125,0.9736328125,0.0834150390625,0.4,4,0.4033203125,7.98828125,0.47607421875,63.8671875,99.8046875,95.8984375,21.6796875,62.3046875,66.2109375,8.0078125,91.9921875,65.0390625,24.8046875,78.7109375,0.4130859375,0.4794921875
2000,7.5056640625,0.5,0.02618,0.0068,0.001428,0.0034,0.000476,0.00136,0.000408,0.002739726027397,0.9,0.8,0.8,0.077177734375,0.052314453125,0.092021484375,40.04505859375,0.4392578125,0.1017578125,0.5236328125,0.0334650390625,0.4,4,0.2533203125,10.98828125,0.23107421875,13.8671875,49.8046875,45.8984375,71.6796875,12.3046875,16.2109375,58.0078125,41.9921875,15.0390625,74.8046875,28.7109375,0.1630859375,0.2294921875
2000,1.3181640625,0.5,0.02618,0.0068,0.001428,0.0034,0.000476,0.00136,0.000408,0.002739726027397,0.9,0.8,0.8,0.065302734375,0.064189453125,0.032646484375,27.54630859375,0.3267578125,0.6642578125,0.1861328125,0.0709275390625,0.4,4,0.3658203125,10.23828125,0.04732421875,76.3671875,62.3046875,33.3984375,59.1796875,24.8046875,53.7109375,45.5078125,54.4921875,52.5390625,62.3046875,16.2109375,0.1005859375,0.2919921875
2000,6.2681640625,0.5,0.02618,0.0068,0.001428,0.0034,0.000476,0.00136,0.000408,0.002739726027397,0.9,0.8,0.8,0.017802734375,0.016689453125,0.080146484375,77.54130859375,0.7767578125,0.2142578125,0.6361328125,0.0209775390625,0.4,4,0.2158203125,7.23828125,0.29232421875,26.3671875,12.3046875,83.3984375,9.1796875,74.8046875,3.7109375,95.5078125,4.4921875,2.5390625,12.3046875,66.2109375,0.3505859375,0.0419921875
2000,3.7931640625,0.5,0.02618,0.0068,0.001428,0.0034,0.000476,0.00136,0.000408,0.002739726027397,0.9,0.8,0.8,0.041552734375,0.040439453125,0.008896484375,52.54380859375,0.1017578125,0.4392578125,0.4111328125,0.0459525390625,0.4,4,0.2908203125,5.73828125,0.41482421875,51.3671875,37.3046875,8.3984375,34.1796875,49.8046875,78.7109375,70.5078125,79.4921875,27.5390625,37.3046875,91.2109375,0.2255859375,0.1669921875
2000,8.7431640625,0.5,0.02618,0.0068,0.001428,0.0034,0.000476,0.00136,0.000408,0.002739726027397,0.9,0.8,0.8,0.089052734375,0.087939453125,0.056396484375,2.54880859375,0.5517578125,0.8892578125,0.8611328125,0.0959025390625,0.4,4,0.4408203125,8.73828125,0.16982421875,1.3671875,87.3046875,58.3984375,84.1796875,99.8046875,28.7109375,20.5078125,29.4921875,77.5390625,87.3046875,41.2109375,0.4755859375,0.4169921875
2000,1.9369140625,0.5,0.02618,0.0068,0.001428,0.0034,0.000476,0.00136,0.000408,0.002739726027397,0.9,0.8,0.8,0.023740234375,0.010751953125,0.026708984375,21.29693359375,0.4955078125,0.7205078125,0.9173828125,0.0022462890625,0.4,4,0.2345703125,5.36328125,0.13919921875,70.1171875,68.5546875,77.1484375,15.4296875,93.5546875,72.4609375,51.7578125,10.7421875,46.2890625,81.0546875,9.9609375,0.1943359375,0.3232421875
2000,6.8869140625,0.5,0.02618,0.0068,0.001428,0.0034,0.000476,0.00136,0.000408,0.002739726027397,0.9,0.8,0.8,0.071240234375,0.058251953125,0.074208984375,71.29193359375,0.9455078125,0.2705078125,0.4673828125,0.0521962890625,0.4,4,0.3845703125,8.36328125,0.38419921875,20.1171875,18.5546875,27.1484375,65.4296875,43.5546875,22.4609375,1.7578125,60.7421875,96.2890625,31.0546875,59.9609375,0.4443359375,0.0732421875
2000,4.4119140625,0.5,0.02618,0.0068,0.001428,0.0034,0.000476,0.00136,0.000408,0.002739726027397,0.9,0.8,0.8,0.094990234375,0.082001953125,0.050458984375,96.28943359375,0.2705078125,0.4955078125,0.6923828125,0.0771712890625,0.4,4,0.4595703125,9.86328125,0.26169921875,95.1171875,43.5546875,52.1484375,90.4296875,68.5546875,97.4609375,26.7578125,35.7421875,71.2890625,6.0546875,84.9609375,0.0693359375,0.1982421875
2000,9.3619140625,0.5,0.02618,0.0068,0.001428,0.0034,0.000476,0.00136,0.000408,0.002739726027397,0.9,0.8,0.8,0.047490234375,0.034501953125,0.097958984375,46.29443359375,0.7205078125,0.9455078125,0.2423828125,0.0272212890625,0.4,4,0.3095703125,6.86328125,0.01669921875,45.1171875,93.5546875,2.1484375,40.4296875,18.5546875,47.4609375,76.7578125,85.7421875,21.2890625,56.0546875,34.9609375,0.3193359375,0.4482421875
2000,3.1744140625,0.5,0.02618,0.0068,0.001428,0.0034,0.000476,0.00136,0.000408,0.002739726027397,0.9,0.8,0.8,0.011865234375,0.070126953125,0.038583984375,33.79568359375,0.6080078125,0.3830078125,0.3548828125,0.0646837890625,0.4,4,0.4970703125,7.61328125,0.20044921875,57.6171875,6.0546875,14.6484375,27.9296875,6.0546875,84.9609375,14.2578125,23.2421875,58.7890625,68.5546875,22.4609375,0.3818359375,0.0107421875
2000,8.1244140625,0.5,0.02618,0.0068,0.001428,0.0034,0.000476,0.00136,0.000408,0.002739726027397,0.9,0.8,0.8,0.059365234375,0.022626953125,0.086083984375,83.79068359375,0.1580078125,0.8330078125,0.8048828125,0.0147337890625,0.4,4,0.3470703125,10.61328125,0.44544921875,7.6171875,56.0546875,64.6484375,77.9296875,56.0546875,34.9609375,64.2578125,73.2421875,8.7890625,18.5546875,72.4609375,0.1318359375,0.2607421875
2000,0.6994140625,0.5,0.02618,0.0068,0.001428,0.0034,0.000476,0.00136,0.000408,0.002739726027397,0.9,0.8,0.8,0.083115234375,0.046376953125,0.014833984375,58.79318359375,0.8330078125,0.6080078125,0.1298828125,0.0397087890625,0.4,4,0.2720703125,9.11328125,0.32294921875,82.6171875,81.0546875,39.6484375,52.9296875,31.0546875,59.9609375,89.2578125,48.2421875,33.7890625,43.5546875,97.4609375,0.2568359375,0.3857421875
2000,5.6494140625,0.5,0.02618,0.0068,0.001428,0.0034,0.000476,0.00136,0.000408,0.002739726027397,0.9,0.8,0.8,0.035615234375,0.093876953125,0.062333984375,8.79818359375,0.3830078125,0.1580078125,0.5798828125,0.0896587890625,0.4,4,0.4220703125,6.11328125,0.07794921875,32.6171875,31.0546875,89.6484375,2.9296875,81.0546875,9.9609375,39.2578125,98.2421875,83.7890625,93.5546875,47.4609375,0.0068359375,0.1357421875
2000,0.3900390625,0.5,0.02618,0.0068,0.001428,0.0034,0.000476,0.00136,0.000408,0.002739726027397,0.9,0.8,0.8,0.008896484375,0.019658203125,0.065302734375,49.41912109375,0.8611328125,0.1861328125,0.3267578125,0.0053681640625,0.4,4,0.4689453125,5.17578125,0.30763671875,54.4921875,84.1796875,30.2734375,18.5546875,77.9296875,56.8359375,4.8828125,76.3671875,68.1640625,65.4296875,50.5859375,0.3974609375,0.1826171875
2000,5.3400390625,0.5,0.02618,0.0068,0.001428,0.0034,0.000476,0.00136,0.000408,0.002739726027397,0.9,0.8,0.8,0.056396484375,0.067158203125,0.017802734375,99.41412109375,0.4111328125,0.6361328125,0.7767578125,0.0553181640625,0.4,4,0.3189453125,8.17578125,0.06263671875,4.4921875,34.1796875,80.2734375,68.5546875,27.9296875,6.8359375,54.8828125,26.3671875,18.1640625,15.4296875,0.5859375,0.1474609375,0.4326171875
2000,2.8650390625,0.5,0.02618,0.0068,0.001428,0.0034,0.000476,0.00136,0.000408,0.002739726027397,0.9,0.8,0.8,0.080146484375,0.090908203125,0.089052734375,74.41662109375,0.6361328125,0.8611328125,0.1017578125,0.0802931640625,0.4,4,0.2439453125,9.67578125,0.18513671875,79.4921875,9.1796875,5.2734375,93.5546875,52.9296875,81.8359375,79.8828125,51.3671875,43.1640625,40.4296875,25.5859375,0.2724609375,0.3076171875
2000,7.8150390625,0.5,0.02618,0.0068,0.001428,0.0034,0.000476,0.00136,0.000408,0.002739726027397,0.9,0.8,0.8,0.032646484375,0.043408203125,0.041552734375,24.42162109375,0.1861328125,0.4111328125,0.5517578125,0.0303431640625,0.4,4,0.3939453125,6.67578125,0.43013671875,29.4921875,59.1796875,55.2734375,43.5546875,2.9296875,31.8359375,29.8828125,1.3671875,93.1640625,90.4296875,75.5859375,0.0224609375,0.0576171875
2000,4.1025390625,0.5,0.02618,0.0068,0.001428,0.0034,0.000476,0.00136,0.000408,0.002739726027397,0.9,0.8,0.8,0.020771484375,0.055283203125,0.077177734375,11.92287109375,0.2986328125,0.9736328125,0.8892578125,0.0678056640625,0.4,4,0.2064453125,7.42578125,0.36888671875,66.9921875,46.6796875,67.7734375,31.0546875,15.4296875,94.3359375,67.3828125,88.8671875,30.6640625,77.9296875,63.0859375,0.2099609375,0.4951171875
2000,9.0525390625,0.5,0.02618,0.0068,0.001428,0.0034,0.000476,0.00136,0.000408,0.002739726027397,0.9,0.8,0.8,0.068271484375,0.007783203125,0.029677734375,61.91787109375,0.7486328125,0.5236328125,0.4392578125,0.0178556640625,0.4,4,0.3564453125,10.42578125,0.12388671875,16.9921875,96.6796875,17.7734375,81.0546875,65.4296875,44.3359375,17.3828125,38.8671875,80.6640625,27.9296875,13.0859375,0.4599609375,0.2451171875
2000,1.6275390625,0.5,0.02618,0.0068,0.001428,0.0034,0.000476,0.00136,0.000408,0.002739726027397,0.9,0.8,0.8,0.092021484375,0.031533203125,0.053427734375,86.91537109375,0.5236328125,0.2986328125,0.6642578125,0.0428306640625,0.4,4,0.4314453125,8.92578125,0.24638671875,91.9921875,71.6796875,92.7734375,56.0546875,40.4296875,69.3359375,42.3828125,63.8671875,55.6640625,2.9296875,38.0859375,0.0849609375,0.1201171875
2000,6.5775390625,0.5,0.02618,0.0068,0.001428,0.0034,0.000476,0.00136,0.000408,0.002739726027397,0.9,0.8,0.8,0.044521484375,0.079033203125,0.005927734375,36.92037109375,0.9736328125,0.7486328125,0.2142578125,0.0927806640625,0.4,4,0.2814453125,5.92578125,0.49138671875,41.9921875,21.6796875,42.7734375,6.0546875,90.4296875,19.3359375,92.3828125,13.8671875,5.6640625,52.9296875,88.0859375,0.3349609375,0.3701171875
2000,3.4837890625,0.5,0.02618,0.0068,0.001428,0.0034,0.000476,0.00136,0.000408,0.002739726027397,0.9,0.8,0.8,0.074208984375,0.013720703125,0.071240234375,43.16974609375,0.1298828125,0.9173828125,0.1580078125,0.0116119140625,0.4,4,0.3751953125,9.30078125,0.46076171875,85.7421875,27.9296875,24.0234375,99.8046875,96.6796875,75.5859375,36.1328125,45.1171875,74.4140625,59.1796875,56.8359375,0.1162109375,0.4013671875
2000,8.4337890625,0.5,0.02618,0.0068,0.001428,0.0034,0.000476,0.00136,0.000408,0.002739726027397,0.9,0.8,0.8,0.026708984375,0.061220703125,0.023740234375,93.16474609375,0.5798828125,0.4673828125,0.6080078125,0.0615619140625,0.4,4,0.2251953125,6.30078125,0.21576171875,35.7421875,77.9296875,74.0234375,49.8046875,46.6796875,25.5859375,86.1328125,95.1171875,24.4140625,9.1796875,6.8359375,0.3662109375,0.1513671875
2000,1.0087890625,0.5,0.02618,0.0068,0.001428,0.0034,0.000476,0.00136,0.000408,0.002739726027397,0.9,0.8,0.8,0.050458984375,0.084970703125,0.094990234375,68.16724609375,0.3548828125,0.2423828125,0.3830078125,0.0865369140625,0.4,4,0.3001953125,7.80078125,0.09326171875,60.7421875,52.9296875,49.0234375,24.8046875,71.6796875,50.5859375,61.1328125,20.1171875,49.4140625,34.1796875,31.8359375,0.2412109375,0.0263671875
2000,5.9587890625,0.5,0.02618,0.0068,0.001428,0.0034,0.000476,0.00136,0.000408,0.002739726027397,0.9,0.8,0.8,0.097958984375,0.037470703125,0.047490234375,18.17224609375,0.8048828125,0.6923828125,0.8330078125,0.0365869140625,0.4,4,0.4501953125,10.80078125,0.33826171875,10.7421875,2.9296875,99.0234375,74.8046875,21.6796875,0.5859375,11.1328125,70.1171875,99.4140625,84.1796875,81.8359375,0.4912109375,0.2763671875
2000,2.2462890625,0.5,0.02618,0.0068,0.001428,0.0034,0.000476,0.00136,0.000408,0.002739726027397,0.9,0.8,0.8,0.062333984375,0.073095703125,0.083115234375,5.67349609375,0.9173828125,0.1298828125,0.7205078125,0.0740494140625,0.4,4,0.3376953125,10.05078125,0.39951171875,98.2421875,90.4296875,86.5234375,62.3046875,9.1796875,63.0859375,98.6328125,32.6171875,36.9140625,96.6796875,69.3359375,0.3037109375,0.2138671875
2000,7.1962890625,0.5,0.02618,0.0068,0.001428,0.0034,0.000476,0.00136,0.000408,0.002739726027397,0.9,0.8,0.8,0.014833984375,0.025595703125,0.035615234375,55.66849609375,0.4673828125,0.5798828125,0.2705078125,0.0240994140625,0.4,4,0.4876953125,7.05078125,0.15451171875,48.2421875,40.4296875,36.5234375,12.3046875,59.1796875,13.0859375,48.6328125,82.6171875,86.9140625,46.6796875,19.3359375,0.0537109375,0.4638671875
2000,4.7212890625,0.5,0.02618,0.0068,0.001428,0.0034,0.000476,0.00136,0.000408,0.002739726027397,0.9,0.8,0.8,0.038583984375,0.049345703125,0.059365234375,80.66599609375,0.6923828125,0.8048828125,0.9455078125,0.0490744140625,0.4,4,0.4126953125,5.55078125,0.03201171875,73.2421875,15.4296875,61.5234375,37.3046875,34.1796875,88.0859375,23.6328125,7.6171875,61.9140625,21.6796875,44.3359375,0.4287109375,0.3388671875
2000,9.6712890625,0.5,0.02618,0.0068,0.001428,0.0034,0.000476,0.00136,0.000408,0.002739726027397,0.9,0.8,0.8,0.086083984375,0.096845703125,0.011865234375,30.67099609375,0.2423828125,0.3548828125,0.4955078125,0.0990244140625,0.4,4,0.2626953125,8.55078125,0.27701171875,23.2421875,65.4296875,11.5234375,87.3046875,84.1796875,38.0859375,73.6328125,57.6171875,11.9140625,71.6796875,94.3359375,0.1787109375,0.0888671875
2000,2.4009765625,0.5,0.02618,0.0068,0.001428,0.0034,0.000476,0.00136,0.000408,0.002739726027397,0.9,0.8,0.8,0.078662109375,0.089423828125,0.028193359375,82.22833984375,0.8470703125,0.6783203125,0.2845703125,0.0756103515625,0.4,4,0.2673828125,9.58203125,0.37654296875,27.9296875,76.3671875,22.4609375,10.7421875,32.6171875,17.7734375,78.3203125,74.8046875,32.2265625,85.7421875,80.2734375,0.1240234375,0.4091796875
2000,7.3509765625,0.5,0.02618,0.0068,0.001428,0.0034,0.000476,0.00136,0.000408,0.002739726027397,0.9,0.8,0.8,0.031162109375,0.041923828125,0.075693359375,32.23333984375,0.3970703125,0.2283203125,0.7345703125,0.0256603515625,0.4,4,0.4173828125,6.58203125,0.13154296875,77.9296875,26.3671875,72.4609375,60.7421875,82.6171875,67.7734375,28.3203125,24.8046875,82.2265625,35.7421875,30.2734375,0.3740234375,0.1591796875
2000,4.8759765625,0.5,0.02618,0.0068,0.001428,0.0034,0.000476,0.00136,0.000408,0.002739726027397,0.9,0.8,0.8,0.007412109375,0.018173828125,0.051943359375,7.23583984375,0.6220703125,0.4533203125,0.5095703125,0.0006853515625,0.4,4,0.4923828125,5.08203125,0.25404296875,2.9296875,1.3671875,47.4609375,85.7421875,7.6171875,42.7734375,3.3203125,99.8046875,57.2265625,10.7421875,5.2734375,0.2490234375,0.0341796875
2000,9.8259765625,0.5,0.02618,0.0068,0.001428,0.0034,0.000476,0.00136,0.000408,0.002739726027397,0.9,0.8,0.8,0.054912109375,0.065673828125,0.099443359375,57.23083984375,0.1720703125,0.9033203125,0.9595703125,0.0506353515625,0.4,4,0.3423828125,8.08203125,0.49904296875,52.9296875,51.3671875,97.4609375,35.7421875,57.6171875,92.7734375,53.3203125,49.8046875,7.2265625,60.7421875,55.2734375,0.4990234375,0.2841796875
2000,3.6384765625,0.5,0.02618,0.0068,0.001428,0.0034,0.000476,0.00136,0.000408,0.002739726027397,0.9,0.8,0.8,0.090537109375,0.030048828125,0.040068359375,69.72958984375,0.2845703125,0.3408203125,0.6220703125,0.0381478515625,0.4,4,0.4548828125,8.83203125,0.31529296875,40.4296875,38.8671875,84.9609375,48.2421875,70.1171875,30.2734375,40.8203125,62.3046875,69.7265625,73.2421875,92.7734375,0.3115234375,0.2216796875
2000,8.5884765625,0.5,0.02618,0.0068,0.001428,0.0034,0.000476,0.00136,0.000408,0.002739726027397,0.9,0.8,0.8,0.043037109375,0.077548828125,0.087568359375,19.73458984375,0.7345703125,0.7908203125,0.1720703125,0.0880978515625,0.4,4,0.3048828125,5.83203125,0.07029296875,90.4296875,88.8671875,34.9609375,98.2421875,20.1171875,80.2734375,90.8203125,12.3046875,19.7265625,23.2421875,42.7734375,0.0615234375,0.4716796875
2000,1.1634765625,0.5,0.02618,0.0068,0.001428,0.0034,0.000476,0.00136,0.000408,0.002739726027397,0.9,0.8,0.8,0.019287109375,0.053798828125,0.016318359375,44.73208984375,0.5095703125,0.5658203125,0.8470703125,0.0631228515625,0.4,4,0.2298828125,7.33203125,0.19279296875,15.4296875,63.8671875,59.9609375,73.2421875,95.1171875,5.2734375,65.8203125,87.3046875,44.7265625,48.2421875,17.7734375,0.4365234375,0.3466796875
2000,6.1134765625,0.5,0.02618,0.0068,0.001428,0.0034,0.000476,0.00136,0.000408,0.002739726027397,0.9,0.8,0.8,0.066787109375,0.006298828125,0.063818359375,94.72708984375,0.9595703125,0.1158203125,0.3970703125,0.0131728515625,0.4,4,0.3798828125,10.33203125,0.43779296875,65.4296875,13.8671875,9.9609375,23.2421875,45.1171875,55.2734375,15.8203125,37.3046875,94.7265625,98.2421875,67.7734375,0.1865234375,0.0966796875
2000,4.2572265625,0.5,0.02618,0.0068,0.001428,0.0034,0.000476,0.00136,0.000408,0.002739726027397,0.9,0.8,0.8,0.048974609375,0.083486328125,0.022255859375,75.97896484375,0.1158203125,0.3970703125,0.4533203125,0.0818541015625,0.4,4,0.2861328125,7.70703125,0.40716796875,9.1796875,32.6171875,28.7109375,79.4921875,38.8671875,49.0234375,59.5703125,6.0546875,25.9765625,91.9921875,86.5234375,0.4052734375,0.1279296875
2000,9.2072265625,0.5,0.02618,0.0068,0.001428,0.0034,0.000476,0.00136,0.000408,0.002739726027397,0.9,0.8,0.8,0.096474609375,0.035986328125,0.069755859375,25.98396484375,0.5658203125,0.8470703125,0.9033203125,0.0319041015625,0.4,4,0.4361328125,10.70703125,0.16216796875,59.1796875,82.6171875,78.7109375,29.4921875,88.8671875,99.0234375,9.5703125,56.0546875,75.9765625,41.9921875,36.5234375,0.1552734375,0.3779296875
2000,1.7822265625,0.5,0.02618,0.0068,0.001428,0.0034,0.000476,0.00136,0.000408,0.002739726027397,0.9,0.8,0.8,0.072724609375,0.012236328125,0.046005859375,0.98646484375,0.3408203125,0.6220703125,0.2283203125,0.0069291015625,0.4,4,0.3611328125,9.20703125,0.03966796875,34.1796875,57.6171875,3.7109375,4.4921875,13.8671875,24.0234375,34.5703125,31.0546875,50.9765625,16.9921875,11.5234375,0.2802734375,0.2529296875
2000,6.7322265625,0.5,0.02618,0.0068,0.001428,0.0034,0.000476,0.00136,0.000408,0.002739726027397,0.9,0.8,0.8,0.025224609375,0.059736328125,0.093505859375,50.98146484375,0.7908203125,0.1720703125,0.6783203125,0.0568791015625,0.4,4,0.2111328125,6.20703125,0.28466796875,84.1796875,7.6171875,53.7109375,54.4921875,63.8671875,74.0234375,84.5703125,81.0546875,0.9765625,66.9921875,61.5234375,0.0302734375,0.0029296875
2000,0.5447265625,0.5,0.02618,0.0068,0.001428,0.0034,0.000476,0.00136,0.000408,0.002739726027397,0.9,0.8,0.8,0.037099609375,0.047861328125,0.034130859375,63.48021484375,0.9033203125,0.7345703125,0.7908203125,0.0443916015625,0.4,4,0.3986328125,5.45703125,0.46841796875,21.6796875,95.1171875,66.2109375,66.9921875,51.3671875,11.5234375,22.0703125,18.5546875,63.4765625,54.4921875,99.0234375,0.2177734375,0.4404296875
2000,5.4947265625,0.5,0.02618,0.0068,0.001428,0.0034,0.000476,0.00136,0.000408,0.002739726027397,0.9,0.8,0.8,0.084599609375,0.095361328125,0.081630859375,13.48521484375,0.4533203125,0.2845703125,0.3408203125,0.0943416015625,0.4,4,0.2486328125,8.45703125,0.22341796875,71.6796875,45.1171875,16.2109375,16.9921875,1.3671875,61.5234375,72.0703125,68.5546875,13.4765625,4.4921875,49.0234375,0.4677734375,0.1904296875
2000,3.0197265625,0.5,0.02618,0.0068,0.001428,0.0034,0.000476,0.00136,0.000408,0.002739726027397,0.9,0.8,0.8,0.060849609375,0.071611328125,0.010380859375,38.48271484375,0.6783203125,0.5095703125,0.5658203125,0.0693666015625,0.4,4,0.3236328125,9.95703125,0.10091796875,46.6796875,20.1171875,91.2109375,41.9921875,76.3671875,36.5234375,97.0703125,43.5546875,38.4765625,29.4921875,24.0234375,0.0927734375,0.0654296875
2000,7.9697265625,0.5,0.02618,0.0068,0.001428,0.0034,0.000476,0.00136,0.000408,0.002739726027397,0.9,0.8,0.8,0.013349609375,0.024111328125,0.057880859375,88.47771484375,0.2283203125,0.9595703125,0.1158203125,0.0194166015625,0.4,4,0.4736328125,6.95703125,0.34591796875,96.6796875,70.1171875,41.2109375,91.9921875,26.3671875,86.5234375,47.0703125,93.5546875,88.4765625,79.4921875,74.0234375,0.3427734375,0.3154296875
2000,2.7103515625,0.5,0.02618,0.0068,0.001428,0.0034,0.000476,0.00136,0.000408,0.002739726027397,0.9,0.8,0.8,0.034130859375,0.098330078125,0.072724609375,54.10615234375,0.7064453125,0.9876953125,0.8189453125,0.0849759765625,0.4,4,0.4080078125,7.89453125,0.05498046875,18.5546875,16.9921875,75.5859375,76.3671875,29.4921875,33.3984375,6.4453125,84.1796875,60.3515625,51.3671875,27.1484375,0.2021484375,0.3623046875
2000,7.6603515625,0.5,0.02618,0.0068,0.001428,0.0034,0.000476,0.00136,0.000408,0.002739726027397,0.9,0.8,0.8,0.081630859375,0.050830078125,0.025224609375,4.11115234375,0.2564453125,0.5376953125,0.3689453125,0.0350259765625,0.4,4,0.2580078125,10.89453125,0.29998046875,68.5546875,66.9921875,25.5859375,26.3671875,79.4921875,83.3984375,56.4453125,34.1796875,10.3515625,1.3671875,77.1484375,0.4521484375,0.1123046875
2000,0.2353515625,0.5,0.02618,0.0068,0.001428,0.0034,0.000476,0.00136,0.000408,0.002739726027397,0.9,0.8,0.8,0.057880859375,0.027080078125,0.096474609375,29.10865234375,0.9314453125,0.3126953125,0.5939453125,0.0100509765625,0.4,4,0.3330078125,9.39453125,0.42248046875,43.5546875,91.9921875,50.5859375,1.3671875,4.4921875,8.3984375,81.4453125,59.1796875,35.3515625,26.3671875,52.1484375,0.0771484375,0.2373046875
2000,5.1853515625,0.5,0.02618,0.0068,0.001428,0.0034,0.000476,0.00136,0.000408,0.002739726027397,0.9,0.8,0.8,0.010380859375,0.074580078125,0.048974609375,79.10365234375,0.4814453125,0.7626953125,0.1439453125,0.0600009765625,0.4,4,0.4830078125,6.39453125,0.17748046875,93.5546875,41.9921875,0.5859375,51.3671875,54.4921875,58.3984375,31.4453125,9.1796875,85.3515625,76.3671875,2.1484375,0.3271484375,0.4873046875
2000,1.4728515625,0.5,0.02618,0.0068,0.001428,0.0034,0.000476,0.00136,0.000408,0.002739726027397,0.9,0.8,0.8,0.046005859375,0.038955078125,0.084599609375,91.60240234375,0.3689453125,0.2001953125,0.4814453125,0.0475134765625,0.4,4,0.2955078125,5.64453125,0.11623046875,6.0546875,54.4921875,13.0859375,63.8671875,66.9921875,20.8984375,68.9453125,96.6796875,47.8515625,88.8671875,39.6484375,0.3896484375,0.0498046875
2000,6.4228515625,0.5,0.02618,0.0068,0.001428,0.0034,0.000476,0.00136,0.000408,0.002739726027397,0.9,0.8,0.8,0.093505859375,0.086455078125,0.037099609375,41.60740234375,0.8189453125,0.6501953125,0.9314453125,0.0974634765625,0.4,4,0.4455078125,8.64453125,0.36123046875,56.0546875,4.4921875,63.0859375,13.8671875,16.9921875,70.8984375,18.9453125,46.6796875,97.8515625,38.8671875,89.6484375,0.1396484375,0.2998046875
2000,3.9478515625,0.5,0.02618,0.0068,0.001428,0.0034,0.000476,0.00136,0.000408,0.002739726027397,0.9,0.8,0.8,0.069755859375,0.062705078125,0.060849609375,16.60990234375,0.1439453125,0.8751953125,0.2564453125,0.0724884765625,0.4,4,0.3705078125,10.14453125,0.48373046875,31.0546875,29.4921875,38.0859375,38.8671875,91.9921875,45.8984375,43.9453125,71.6796875,72.8515625,13.8671875,64.6484375,0.2646484375,0.4248046875
2000,8.8978515625,0.5,0.02618,0.0068,0.001428,0.0034,0.000476,0.00136,0.000408,0.002739726027397,0.9,0.8,0.8,0.022255859375,0.015205078125,0.013349609375,66.60490234375,0.5939453125,0.4251953125,0.7064453125,0.0225384765625,0.4,4,0.2205078125,7.14453125,0.23873046875,81.0546875,79.4921875,88.0859375,88.8671875,41.9921875,95.8984375,93.9453125,21.6796875,22.8515625,63.8671875,14.6484375,0.0146484375,0.1748046875
2000,0.8541015625,0.5,0.02618,0.0068,0.001428,0.0034,0.000476,0.00136,0.000408,0.002739726027397,0.9,0.8,0.8,0.099443359375,0.080517578125,0.066787109375,60.35552734375,0.5376953125,0.1439453125,0.6501953125,0.0787322265625,0.4,4,0.4267578125,9.76953125,0.20810546875,49.8046875,73.2421875,69.3359375,7.6171875,48.2421875,2.1484375,25.1953125,40.4296875,54.1015625,70.1171875,33.3984375,0.2958984375,0.0810546875
2000,5.8041015625,0.5,0.02618,0.0068,0.001428,0.0034,0.000476,0.00136,0.000408,0.002739726027397,0.9,0.8,0.8,0.051943359375,0.033017578125,0.019287109375,10.36052734375,0.9876953125,0.5939453125,0.2001953125,0.0287822265625,0.4,4,0.2767578125,6.76953125,0.45310546875,99.8046875,23.2421875,19.3359375,57.6171875,98.2421875,52.1484375,75.1953125,90.4296875,4.1015625,20.1171875,83.3984375,0.0458984375,0.3310546875
2000,3.3291015625,0.5,0.02618,0.0068,0.001428,0.0034,0.000476,0.00136,0.000408,0.002739726027397,0.9,0.8,0.8,0.028193359375,0.009267578125,0.090537109375,35.35802734375,0.3126953125,0.8189453125,0.8751953125,0.0038072265625,0.4,4,0.2017578125,5.26953125,0.33060546875,24.8046875,48.2421875,94.3359375,82.6171875,23.2421875,27.1484375,50.1953125,15.4296875,29.1015625,45.1171875,58.3984375,0.4208984375,0.4560546875
2000,8.2791015625,0.5,0.02618,0.0068,0.001428,0.0034,0.000476,0.00136,0.000408,0.002739726027397,0.9,0.8,0.8,0.075693359375,0.056767578125,0.043037109375,85.35302734375,0.7626953125,0.3689453125,0.4251953125,0.0537572265625,0.4,4,0.3517578125,8.26953125,0.08560546875,74.8046875,98.2421875,44.3359375,32.6171875,73.2421875,77.1484375,0.1953125,65.4296875,79.1015625,95.1171875,8.3984375,0.1708984375,0.2060546875
2000,4.5666015625,0.5,0.02618,0.0068,0.001428,0.0034,0.000476,0.00136,0.000408,0.002739726027397,0.9,0.8,0.8,0.087568359375,0.044892578125,0.078662109375,97.85177734375,0.6501953125,0.9314453125,0.3126953125,0.0412697265625,0.4,4,0.2392578125,9.01953125,0.14685546875,37.3046875,10.7421875,31.8359375,45.1171875,60.7421875,39.6484375,87.6953125,27.9296875,41.6015625,82.6171875,45.8984375,0.1083984375,0.2685546875
2000,9.5166015625,0.5,0.02618,0.0068,0.001428,0.0034,0.000476,0.00136,0.000408,0.002739726027397,0.9,0.8,0.8,0.040068359375,0.092392578125,0.031162109375,47.85677734375,0.2001953125,0.4814453125,0.7626953125,0.0912197265625,0.4,4,0.3892578125,6.01953125,0.39185546875,87.3046875,60.7421875,81.8359375,95.1171875,10.7421875,89.6484375,37.6953125,77.9296875,91.6015625,32.6171875,95.8984375,0.3583984375,0.0185546875
2000,2.0916015625,0.5,0.02618,0.0068,0.001428,0.0034,0.000476,0.00136,0.000408,0.002739726027397,0.9,0.8,0.8,0.016318359375,0.068642578125,0.054912109375,22.85927734375,0.8751953125,0.2564453125,0.5376953125,0.0662447265625,0.4,4,0.4642578125,7.51953125,0.26935546875,12.3046875,85.7421875,6.8359375,70.1171875,85.7421875,14.6484375,12.6953125,2.9296875,66.6015625,7.6171875,70.8984375,0.2333984375,0.1435546875
2000,7.0416015625,0.5,0.02618,0.0068,0.001428,0.0034,0.000476,0.00136,0.000408,0.002739726027397,0.9,0.8,0.8,0.063818359375,0.021142578125,0.007412109375,72.85427734375,0.4251953125,0.7064453125,0.9876953125,0.0162947265625,0.4,4,0.3142578125,10.51953125,0.02435546875,62.3046875,35.7421875,56.8359375,20.1171875,35.7421875,64.6484375,62.6953125,52.9296875,16.6015625,57.6171875,20.8984375,0.4833984375,0.3935546875
2000,1.0861328125,0.5,0.02618,0.0068,0.001428,0.0034,0.000476,0.00136,0.000408,0.002739726027397,0.9,0.8,0.8,0.083857421875,0.057509765625,0.079404296875,54.88732421875,0.3478515625,0.9384765625,0.1931640625,0.0482939453125,0.4,4,0.3072265625,5.12890625,0.28849609375,5.2734375,53.7109375,62.3046875,27.1484375,84.9609375,56.0546875,65.0390625,39.6484375,31.4453125,13.0859375,43.5546875,0.0654296875,0.4443359375
2000,6.0361328125,0.5,0.02618,0.0068,0.001428,0.0034,0.000476,0.00136,0.000408,0.002739726027397,0.9,0.8,0.8,0.036357421875,0.010009765625,0.031904296875,4.89232421875,0.7978515625,0.4884765625,0.6431640625,0.0982439453125,0.4,4,0.4572265625,8.12890625,0.04349609375,55.2734375,3.7109375,12.3046875,77.1484375,34.9609375,6.0546875,15.0390625,89.6484375,81.4453125,63.0859375,93.5546875,0.3154296875,0.1943359375
2000,3.5611328125,0.5,0.02618,0.0068,0.001428,0.0034,0.000476,0.00136,0.000408,0.002739726027397,0.9,0.8,0.8,0.012607421875,0.033759765625,0.055654296875,29.88982421875,0.1228515625,0.2634765625,0.4181640625,0.0732689453125,0.4,4,0.3822265625,9.62890625,0.16599609375,30.2734375,28.7109375,87.3046875,52.1484375,59.9609375,81.0546875,40.0390625,14.6484375,56.4453125,88.0859375,68.5546875,0.1904296875,0.0693359375
2000,8.5111328125,0.5,0.02618,0.0068,0.001428,0.0034,0.000476,0.00136,0.000408,0.002739726027397,0.9,0.8,0.8,0.060107421875,0.081259765625,0.008154296875,79.88482421875,0.5728515625,0.7134765625,0.8681640625,0.0233189453125,0.4,4,0.2322265625,6.62890625,0.41099609375,80.2734375,78.7109375,37.3046875,2.1484375,9.9609375,31.0546875,90.0390625,64.6484375,6.4453125,38.0859375,18.5546875,0.4404296875,0.3193359375
2000,4.7986328125,0.5,0.02618,0.0068,0.001428,0.0034,0.000476,0.00136,0.000408,0.002739726027397,0.9,0.8,0.8,0.095732421875,0.021884765625,0.067529296875,92.38357421875,0.6853515625,0.1509765625,0.7556640625,0.0857564453125,0.4,4,0.4197265625,7.37890625,0.34974609375,17.7734375,16.2109375,49.8046875,14.6484375,22.4609375,93.5546875,2.5390625,27.1484375,68.9453125,25.5859375,31.0546875,0.2529296875,0.1318359375
2000,9.7486328125,0.5,0.02618,0.0068,0.001428,0.0034,0.000476,0.00136,0.000408,0.002739726027397,0.9,0.8,0.8,0.048232421875,0.069384765625,0.020029296875,42.38857421875,0.2353515625,0.6009765625,0.3056640625,0.0358064453125,0.4,4,0.2697265625,10.37890625,0.10474609375,67.7734375,66.2109375,99.8046875,64.6484375,72.4609375,43.5546875,52.5390625,77.1484375,18.9453125,75.5859375,81.0546875,0.0029296875,0.3818359375
2000,2.3236328125,0.5,0.02618,0.0068,0.001428,0.0034,0.000476,0.00136,0.000408,0.002739726027397,0.9,0.8,0.8,0.024482421875,0.093134765625,0.091279296875,17.39107421875,0.9103515625,0.8259765625,0.9806640625,0.0108314453125,0.4,4,0.3447265625,8.87890625,0.22724609375,42.7734375,91.2109375,24.8046875,89.6484375,47.4609375,68.5546875,77.5390625,2.1484375,43.9453125,50.5859375,56.0546875,0.3779296875,0.2568359375
2000,7.2736328125,0.5,0.02618,0.0068,0.001428,0.0034,0.000476,0.00136,0.000408,0.002739726027397,0.9,0.8,0.8,0.071982421875,0.045634765625,0.043779296875,67.38607421875,0.4603515625,0.3759765625,0.5306640625,0.0607814453125,0.4,4,0.4947265625,5.87890625,0.47224609375,92.7734375,41.2109375,74.8046875,39.6484375,97.4609375,18.5546875,27.5390625,52.1484375,93.9453125,0.5859375,6.0546875,0.1279296875,0.0068359375
