p,omega,delta,mu_e,mu_ql,mu_el,mu_qn,mu_en,mu_qa,mu_ea,mu_h,beta_nh,beta_hl,beta_hn,tau,lambda_l,lambda_n,lambda_a,alpha,f_l,f_n,f_a,kappa,c,Tf,obsprob,T_min_l,gamma,E0,QL0,EL_s0,EL_i0,QN_s0,QN_i0,EN_s0,EN_i0,QA_s0,QA_i0,EA0,H_s0,H_i0
2000,21.449121518549685,0.5,0.02618,0.0068,0.001428,0.0034,0.000476,0.00136,0.000408,0.0027397260273972603,0.9,0.8,0.8,0.3100363200216846,16.940985351392225,0.08693884777831518,0.6402195660427268,0.6804873747550141,0.9305538774199958,0.062422823744962455,0.00802463091121259,0.0870054479584112,0.4,4,4.248865356445314,0.2118400842745195,6.698358464735201,11.328125,2.734375,3.515625,54.296875,23.828125,69.140625,66.015625,86.328125,33.203125,70.703125,30.078125,0.470703125,0.474609375
2000,23.668594076653452,0.5,0.02618,0.0068,0.001428,0.0034,0.000476,0.00136,0.000408,0.0027397260273972603,0.9,0.8,0.8,0.28057481373900034,18.749530910173046,0.09590594891902778,0.5800962318875771,0.6184927954179025,0.9844272331184233,0.05618541434655871,0.008853648471047304,0.09620172982354468,0.4,4,3.8301934814453134,0.19070560977168355,6.698358464735201,61.328125,52.734375,53.515625,4.296875,73.828125,19.140625,16.015625,36.328125,83.203125,20.703125,80.078125,0.220703125,0.224609375
2000,20.3393852394978,0.5,0.02618,0.0068,0.001428,0.0034,0.000476,0.00136,0.000408,0.0027397260273972603,0.9,0.8,0.8,0.2953055668803425,19.653803689563457,0.09142239834867147,0.6101578989651519,0.5874955057493466,0.9036171995707821,0.05930411904576058,0.007610122131295232,0.10079987075611141,0.4,4,4.039529418945313,0.20127284702310153,6.698358464735201,36.328125,77.734375,28.515625,29.296875,48.828125,94.140625,41.015625,61.328125,58.203125,45.703125,55.078125,0.345703125,0.099609375
2000,22.55885779760157,0.5,0.02618,0.0068,0.001428,0.0034,0.000476,0.00136,0.000408,0.0027397260273972603,0.9,0.8,0.8,0.26584406059765825,17.845258130782636,0.08245529720795887,0.5500345648100022,0.6494900850864582,0.9574905552692096,0.06554152844416432,0.008439139691129947,0.09160358889097794,0.4,4,4.458201293945313,0.22240732152593745,6.698358464735201,86.328125,27.734375,78.515625,79.296875,98.828125,44.140625,91.015625,11.328125,8.203125,95.703125,5.078125,0.095703125,0.349609375
2000,20.894253379023745,0.5,0.02618,0.0068,0.001428,0.0034,0.000476,0.00136,0.000408,0.0027397260273972603,0.9,0.8,0.8,0.2879401903096714,16.48884896169702,0.09814772420420592,0.6251887325039394,0.6339914402521803,0.9709588941938164,0.06086347139536152,0.009060902861005983,0.0939026593572613,0.4,4,4.144197387695313,0.22769094015164645,6.698358464735201,23.828125,65.234375,91.015625,91.796875,86.328125,81.640625,3.515625,98.828125,70.703125,83.203125,42.578125,0.158203125,0.162109375
2000,23.113725937127512,0.5,0.02618,0.0068,0.001428,0.0034,0.000476,0.00136,0.000408,0.0027397260273972603,0.9,0.8,0.8,0.3174016965923556,18.29739452047784,0.08918062306349332,0.5650653983487897,0.5719968609150687,0.917085538495389,0.06710088079376526,0.008231885301171268,0.08470637749212784,0.4,4,4.562869262695314,0.2065564656488105,6.698358464735201,73.828125,15.234375,41.015625,41.796875,36.328125,31.640625,53.515625,48.828125,20.703125,33.203125,92.578125,0.408203125,0.412109375
2000,22.00398965807563,0.5,0.02618,0.0068,0.001428,0.0034,0.000476,0.00136,0.000408,0.0027397260273972603,0.9,0.8,0.8,0.2732094371683293,19.20166729986825,0.08469707249313702,0.6552503995815142,0.6029941505836245,0.9978955720430301,0.06398217609456339,0.008646394081088625,0.08930451842469457,0.4,4,4.353533325195313,0.19598922839739252,6.698358464735201,48.828125,40.234375,66.015625,16.796875,61.328125,56.640625,78.515625,73.828125,45.703125,8.203125,67.578125,0.033203125,0.287109375
2000,24.223462216179392,0.5,0.02618,0.0068,0.001428,0.0034,0.000476,0.00136,0.000408,0.0027397260273972603,0.9,0.8,0.8,0.30267094345101353,17.39312174108743,0.09366417363384963,0.5951270654263645,0.6649887299207362,0.9440222163446027,0.05774476669615965,0.00781737652125391,0.09850080028982805,0.4,4,3.9348614501953136,0.21712370290022848,6.698358464735201,98.828125,90.234375,16.015625,66.796875,11.328125,6.640625,28.515625,23.828125,95.703125,58.203125,17.578125,0.283203125,0.037109375
2000,20.06195116973483,0.5,0.02618,0.0068,0.001428,0.0034,0.000476,0.00136,0.000408,0.0027397260273972603,0.9,0.8,0.8,0.32108438487769114,18.523462715325444,0.08805973542090424,0.6327041492733331,0.6727380523378751,0.9507563858069061,0.06164314757016198,0.007506494936315893,0.08585591272526952,0.4,4,4.510535278320313,0.19863103771024704,6.698358464735201,30.078125,58.984375,47.265625,35.546875,5.078125,87.890625,97.265625,42.578125,26.953125,51.953125,36.328125,0.001953125,0.193359375
2000,22.281423727838597,0.5,0.02618,0.0068,0.001428,0.0034,0.000476,0.00136,0.000408,0.0027397260273972603,0.9,0.8,0.8,0.2916228785950069,16.714917156544622,0.09702683656161686,0.5725808151181834,0.6107434730007635,0.8968830301084787,0.06788055696856572,0.008335512496150606,0.095052194590403,0.4,4,4.091863403320313,0.21976551221308296,6.698358464735201,80.078125,8.984375,97.265625,85.546875,55.078125,37.890625,47.265625,92.578125,76.953125,1.953125,86.328125,0.251953125,0.443359375
2000,21.171687448786713,0.5,0.02618,0.0068,0.001428,0.0034,0.000476,0.00136,0.000408,0.0027397260273972603,0.9,0.8,0.8,0.30635363173634905,17.619189935935033,0.09254328599126055,0.6026424821957582,0.5797461833322077,0.9776930636561199,0.06476185226936386,0.007921003716233251,0.09965033552296973,0.4,4,3.8825274658203135,0.23033274946450094,6.698358464735201,5.078125,33.984375,22.265625,60.546875,30.078125,62.890625,22.265625,17.578125,51.953125,26.953125,61.328125,0.126953125,0.318359375
2000,23.39116000689048,0.5,0.02618,0.0068,0.001428,0.0034,0.000476,0.00136,0.000408,0.0027397260273972603,0.9,0.8,0.8,0.2768921254536648,19.427735494715854,0.08357618485054795,0.5425191480406085,0.6417407626693193,0.9238197079576924,0.05852444287096011,0.008750021276067964,0.09045405365783625,0.4,4,4.301199340820314,0.209198274961665,6.698358464735201,55.078125,83.984375,72.265625,10.546875,80.078125,12.890625,72.265625,67.578125,1.953125,76.953125,11.328125,0.376953125,0.068359375
2000,21.726555588312657,0.5,0.02618,0.0068,0.001428,0.0034,0.000476,0.00136,0.000408,0.0027397260273972603,0.9,0.8,0.8,0.28425750202433586,18.97559910502065,0.09478506127643871,0.6176733157345456,0.6262421178350414,0.9372880468822993,0.06320249991976291,0.008542766886109287,0.09275312412411962,0.4,4,3.777859497070313,0.203914656335956,6.698358464735201,42.578125,21.484375,59.765625,23.046875,92.578125,50.390625,34.765625,30.078125,64.453125,89.453125,48.828125,0.314453125,0.380859375
2000,23.946028146416424,0.5,0.02618,0.0068,0.001428,0.0034,0.000476,0.00136,0.000408,0.0027397260273972603,0.9,0.8,0.8,0.3137190083070201,17.167053546239828,0.0858179601357261,0.557549981579396,0.5642475384979297,0.9911614025807267,0.056965090521359174,0.007713749326274571,0.08355684225898616,0.4,4,4.1965313720703135,0.22504913083879197,6.698358464735201,92.578125,71.484375,9.765625,73.046875,42.578125,0.390625,84.765625,80.078125,14.453125,39.453125,98.828125,0.064453125,0.130859375
2000,20.616819309260773,0.5,0.02618,0.0068,0.001428,0.0034,0.000476,0.00136,0.000408,0.0027397260273972603,0.9,0.8,0.8,0.26952674888299377,18.07132632563024,0.08133440956536979,0.6477349828121205,0.5952448281664856,0.9103513690330856,0.06008379522056105,0.008957275666026644,0.08815498319155289,0.4,4,4.405867309570313,0.214481893587374,6.698358464735201,17.578125,96.484375,84.765625,98.046875,67.578125,75.390625,59.765625,5.078125,39.453125,14.453125,73.828125,0.439453125,0.005859375
2000,22.83629186736454,0.5,0.02618,0.0068,0.001428,0.0034,0.000476,0.00136,0.000408,0.0027397260273972603,0.9,0.8,0.8,0.298988255165678,19.87987188441106,0.0903015107060824,0.5876116486569708,0.6572394075035972,0.964224724731513,0.06632120461896479,0.00812825810619193,0.09735126505668636,0.4,4,3.9871954345703133,0.19334741908453804,6.698358464735201,67.578125,46.484375,34.765625,48.046875,17.578125,25.390625,9.765625,55.078125,89.453125,64.453125,23.828125,0.189453125,0.255859375
2000,20.755536344142257,0.5,0.02618,0.0068,0.001428,0.0034,0.000476,0.00136,0.000408,0.0027397260273972603,0.9,0.8,0.8,0.26768540474032604,18.636496812749243,0.08525751631443156,0.5838539402722739,0.6378661014607498,0.9069842843019339,0.06671104270636502,0.008594580483598955,0.08528114510869868,0.4,4,3.8563604736328134,0.19995194236667427,6.698358464735201,45.703125,93.359375,94.140625,32.421875,14.453125,78.515625,44.140625,70.703125,61.328125,92.578125,76.953125,0.330078125,0.302734375
2000,22.975008902246024,0.5,0.02618,0.0068,0.001428,0.0034,0.000476,0.00136,0.000408,0.0027397260273972603,0.9,0.8,0.8,0.2971469110230102,16.827951253968422,0.09422461745514417,0.6439772744274236,0.5758715221236382,0.9608576400003613,0.06047363330796128,0.0077655629237642415,0.09447742697383216,0.4,4,4.275032348632814,0.22108641686951022,6.698358464735201,95.703125,43.359375,44.140625,82.421875,64.453125,28.515625,94.140625,20.703125,11.328125,42.578125,26.953125,0.080078125,0.052734375
2000,21.86527262319414,0.5,0.02618,0.0068,0.001428,0.0034,0.000476,0.00136,0.000408,0.0027397260273972603,0.9,0.8,0.8,0.28241615788166813,17.732224033358833,0.08974106688478786,0.553792273194699,0.606868811792194,0.9339209621511476,0.05735492860875941,0.009009089263516313,0.09907556790639889,0.4,4,4.484368286132813,0.2316536541209282,6.698358464735201,20.703125,18.359375,69.140625,57.421875,39.453125,53.515625,69.140625,95.703125,36.328125,17.578125,1.953125,0.455078125,0.177734375
2000,24.084745181297908,0.5,0.02618,0.0068,0.001428,0.0034,0.000476,0.00136,0.000408,0.0027397260273972603,0.9,0.8,0.8,0.3118776641643523,19.540769592139654,0.08077396574407525,0.6139156073498487,0.6688633911293056,0.987794317849575,0.06359233800716316,0.008180071703681598,0.08987928604126541,0.4,4,4.065696411132813,0.21051917961809224,6.698358464735201,70.703125,68.359375,19.140625,7.421875,89.453125,3.515625,19.140625,45.703125,86.328125,67.578125,51.953125,0.205078125,0.427734375
2000,21.3104044836682,0.5,0.02618,0.0068,0.001428,0.0034,0.000476,0.00136,0.000408,0.0027397260273972603,0.9,0.8,0.8,0.30451228759368126,18.184360423054038,0.09646639274032232,0.5688231067334865,0.6533647462950277,0.9743259789249682,0.05891428095836035,0.007558308533805563,0.09217835650754878,0.4,4,4.589036254882814,0.20523556099238327,6.698358464735201,33.203125,30.859375,6.640625,19.921875,76.953125,66.015625,81.640625,58.203125,48.828125,55.078125,89.453125,0.017578125,0.115234375
2000,23.529877041771968,0.5,0.02618,0.0068,0.001428,0.0034,0.000476,0.00136,0.000408,0.0027397260273972603,0.9,0.8,0.8,0.2750507813109971,16.375814864273217,0.0874992915996097,0.6289464408886362,0.5913701669579161,0.9204526232265408,0.06515169035676409,0.008387326093640277,0.0829820746424153,0.4,4,4.170364379882813,0.2263700354952192,6.698358464735201,83.203125,80.859375,56.640625,69.921875,26.953125,16.015625,31.640625,8.203125,98.828125,5.078125,39.453125,0.267578125,0.365234375
2000,20.200668204616317,0.5,0.02618,0.0068,0.001428,0.0034,0.000476,0.00136,0.000408,0.0027397260273972603,0.9,0.8,0.8,0.3192430407350234,17.280087643663627,0.08301574102925341,0.5988847738110613,0.5603728772893604,0.9473893010757545,0.06827039505596597,0.00797281731372292,0.08758021557498205,0.4,4,3.9610284423828133,0.21580279824380122,6.698358464735201,8.203125,55.859375,31.640625,94.921875,51.953125,91.015625,6.640625,83.203125,73.828125,30.078125,14.453125,0.142578125,0.490234375
2000,22.420140762720084,0.5,0.02618,0.0068,0.001428,0.0034,0.000476,0.00136,0.000408,0.0027397260273972603,0.9,0.8,0.8,0.2897815344523392,19.08863320244445,0.09198284216996601,0.659008107966211,0.6223674566264719,0.893515945377327,0.06203298565756222,0.008801834873557634,0.09677649744011552,0.4,4,4.379700317382813,0.1946683237409653,6.698358464735201,58.203125,5.859375,81.640625,44.921875,1.953125,41.015625,56.640625,33.203125,23.828125,80.078125,64.453125,0.392578125,0.240234375
2000,22.142706692957113,0.5,0.02618,0.0068,0.001428,0.0034,0.000476,0.00136,0.000408,0.0027397260273972603,0.9,0.8,0.8,0.2787334695963326,16.60188305912082,0.08862017924219878,0.5763385235028802,0.6456154238778887,0.9945284873118785,0.058134604783559876,0.009112716458495653,0.08643068034184036,0.4,4,4.118030395507813,0.21316098893094673,6.698358464735201,14.453125,49.609375,50.390625,51.171875,8.203125,59.765625,12.890625,1.953125,55.078125,86.328125,83.203125,0.173828125,0.021484375
2000,24.36217925106088,0.5,0.02618,0.0068,0.001428,0.0034,0.000476,0.00136,0.000408,0.0027397260273972603,0.9,0.8,0.8,0.3081949758790168,18.41042861790164,0.0975872803829114,0.6364618576580299,0.5836208445407771,0.940655131613451,0.06437201418196362,0.008283698898660938,0.09562696220697384,0.4,4,4.5367022705078135,0.1920265144281108,6.698358464735201,64.453125,99.609375,0.390625,1.171875,58.203125,9.765625,62.890625,51.953125,5.078125,36.328125,33.203125,0.423828125,0.271484375
2000,21.03297041390523,0.5,0.02618,0.0068,0.001428,0.0034,0.000476,0.00136,0.000408,0.0027397260273972603,0.9,0.8,0.8,0.2934642227376747,19.31470139729205,0.09310372981255509,0.5462768564253053,0.614618134209333,0.9675918094626648,0.06749071888116549,0.008698207678578295,0.10022510313954057,0.4,4,4.327366333007814,0.20259375167952876,6.698358464735201,39.453125,74.609375,75.390625,26.171875,33.203125,84.765625,87.890625,26.953125,30.078125,11.328125,8.203125,0.048828125,0.396484375
2000,23.252442972008996,0.5,0.02618,0.0068,0.001428,0.0034,0.000476,0.00136,0.000408,0.0027397260273972603,0.9,0.8,0.8,0.3229257290203589,17.50615583851123,0.08413662867184248,0.606400190580455,0.6766127135464446,0.9137184537642373,0.06125330948276175,0.00786919011874358,0.0910288212744071,0.4,4,3.9086944580078136,0.2237282261823647,6.698358464735201,89.453125,24.609375,25.390625,76.171875,83.203125,34.765625,37.890625,76.953125,80.078125,61.328125,58.203125,0.298828125,0.146484375
2000,20.47810227437929,0.5,0.02618,0.0068,0.001428,0.0034,0.000476,0.00136,0.000408,0.0027397260273972603,0.9,0.8,0.8,0.30082959930834574,17.054019448816025,0.09534550509773324,0.5613076899640927,0.6611140687121667,0.9002501148396305,0.06593136653156456,0.00807644450870226,0.09332789174069046,0.4,4,4.2226983642578135,0.22901184480807368,6.698358464735201,1.953125,87.109375,37.890625,88.671875,95.703125,97.265625,50.390625,14.453125,42.578125,73.828125,95.703125,0.486328125,0.333984375
2000,22.697574832483056,0.5,0.02618,0.0068,0.001428,0.0034,0.000476,0.00136,0.000408,0.0027397260273972603,0.9,0.8,0.8,0.27136809302566156,18.862565007596846,0.08637840395702064,0.6214310241192424,0.5991194893750551,0.9541234705380579,0.059693957133160815,0.008905462068536974,0.084131609875557,0.4,4,3.8040264892578133,0.20787737030523776,6.698358464735201,51.953125,37.109375,87.890625,38.671875,45.703125,47.265625,0.390625,64.453125,92.578125,23.828125,45.703125,0.236328125,0.083984375
2000,21.58783855343117,0.5,0.02618,0.0068,0.001428,0.0034,0.000476,0.00136,0.000408,0.0027397260273972603,0.9,0.8,0.8,0.31556035244968783,19.766837786987256,0.08189485338666433,0.5913693570416676,0.5681221997064992,0.9271867926888442,0.056575252433958945,0.007661935728784902,0.08872975080812373,0.4,4,4.013362426757814,0.19731013305381978,6.698358464735201,26.953125,12.109375,12.890625,13.671875,70.703125,72.265625,25.390625,39.453125,67.578125,48.828125,20.703125,0.361328125,0.208984375
2000,23.807311111534936,0.5,0.02618,0.0068,0.001428,0.0034,0.000476,0.00136,0.000408,0.0027397260273972603,0.9,0.8,0.8,0.28609884616700365,17.958292228206435,0.09086195452737694,0.6514926911968173,0.6301167790436109,0.9810601483872716,0.06281266183236268,0.008490953288619617,0.0979260326732572,0.4,4,4.432034301757813,0.21844460755665573,6.698358464735201,76.953125,62.109375,62.890625,63.671875,20.703125,22.265625,75.390625,89.453125,17.578125,98.828125,70.703125,0.111328125,0.458984375
2000,20.270026722057057,0.5,0.02618,0.0068,0.001428,0.0034,0.000476,0.00136,0.000408,0.0027397260273972603,0.9,0.8,0.8,0.3164810245210217,17.788741082070732,0.09002128879543513,0.6345830034656814,0.562310207893645,0.9120349113986614,0.06105839043906163,0.008879555269792139,0.09993771933125514,0.4,4,4.418950805664063,0.2323141064491418,6.698358464735201,72.265625,98.046875,51.953125,40.234375,69.140625,45.703125,70.703125,78.515625,37.890625,56.640625,53.515625,0.181640625,0.044921875
2000,22.489499280160825,0.5,0.02618,0.0068,0.001428,0.0034,0.000476,0.00136,0.000408,0.0027397260273972603,0.9,0.8,0.8,0.28701951823833755,19.597286640851557,0.08105418765472253,0.5744596693105318,0.6243047872307567,0.9659082670970889,0.06729579983746538,0.008050537709957424,0.09074143746612168,0.4,4,4.000278930664064,0.21117963194630587,6.698358464735201,22.265625,48.046875,1.953125,90.234375,19.140625,95.703125,20.703125,28.515625,87.890625,6.640625,3.515625,0.431640625,0.294921875
2000,21.37976300110894,0.5,0.02618,0.0068,0.001428,0.0034,0.000476,0.00136,0.000408,0.0027397260273972603,0.9,0.8,0.8,0.30175027137967964,18.693013861461147,0.08553773822507882,0.6045213363881066,0.6553020768993124,0.9389715892478752,0.0641770951382635,0.008465046489874782,0.08614329653355494,0.4,4,3.7909429931640632,0.2006123946948879,6.698358464735201,97.265625,23.046875,76.953125,65.234375,94.140625,20.703125,45.703125,53.515625,62.890625,31.640625,28.515625,0.056640625,0.419921875
2000,23.59923555921271,0.5,0.02618,0.0068,0.001428,0.0034,0.000476,0.00136,0.000408,0.0027397260273972603,0.9,0.8,0.8,0.2722887650969954,16.88446830268032,0.09450483936579143,0.544398002232957,0.5933074975622008,0.9928449449463026,0.05793968573985976,0.007636028930040067,0.09533957839868841,0.4,4,4.2096148681640635,0.22174686919772385,6.698358464735201,47.265625,73.046875,26.953125,15.234375,44.140625,70.703125,95.703125,3.515625,12.890625,81.640625,78.515625,0.306640625,0.169921875
2000,21.934631140634885,0.5,0.02618,0.0068,0.001428,0.0034,0.000476,0.00136,0.000408,0.0027397260273972603,0.9,0.8,0.8,0.2943848948090086,17.336604692375527,0.08329596293990067,0.619552169926894,0.6088061423964788,0.9793766060216957,0.06261774278866257,0.008257792099916103,0.0884423669998383,0.4,4,3.8956109619140635,0.21646325057201485,6.698358464735201,59.765625,35.546875,39.453125,2.734375,31.640625,8.203125,8.203125,91.015625,50.390625,94.140625,66.015625,0.494140625,0.357421875
2000,24.154103698738652,0.5,0.02618,0.0068,0.001428,0.0034,0.000476,0.00136,0.000408,0.0027397260273972603,0.9,0.8,0.8,0.32384640109169277,19.145150251156352,0.09226306408061329,0.5594288357717444,0.6708007217335904,0.9255032503232683,0.05638033339025882,0.009086809659750818,0.09763864886497178,0.4,4,4.314282836914064,0.19532877606917892,6.698358464735201,9.765625,85.546875,89.453125,52.734375,81.640625,58.203125,58.203125,41.015625,0.390625,44.140625,16.015625,0.244140625,0.107421875
2000,20.824894861583,0.5,0.02618,0.0068,0.001428,0.0034,0.000476,0.00136,0.000408,0.0027397260273972603,0.9,0.8,0.8,0.2796541416676665,18.240877471765938,0.09674661465096959,0.6496138370044688,0.6398034320650345,0.952439928172482,0.0594990380894607,0.007843283319998746,0.09304050793240505,0.4,4,4.5236187744140635,0.20589601332059687,6.698358464735201,84.765625,60.546875,14.453125,77.734375,6.640625,33.203125,83.203125,66.015625,25.390625,19.140625,41.015625,0.369140625,0.232421875
2000,23.04436741968677,0.5,0.02618,0.0068,0.001428,0.0034,0.000476,0.00136,0.000408,0.0027397260273972603,0.9,0.8,0.8,0.3091156479503507,16.432331912985116,0.08777951351025698,0.5894905028493193,0.5778088527279229,0.8985665724740546,0.06573644748786445,0.00867230087983346,0.08384422606727157,0.4,4,4.104946899414063,0.22703048782343282,6.698358464735201,34.765625,10.546875,64.453125,27.734375,56.640625,83.203125,33.203125,16.015625,75.390625,69.140625,91.015625,0.119140625,0.482421875
2000,21.102328931345973,0.5,0.02618,0.0068,0.001428,0.0034,0.000476,0.00136,0.000408,0.0027397260273972603,0.9,0.8,0.8,0.32016371280635725,19.37121844600395,0.09338395172320235,0.6420984202350752,0.570059530310784,0.999579114408606,0.06339741896346304,0.008361419294895442,0.10108725456439684,0.4,4,4.366616821289064,0.20325420400774238,6.698358464735201,91.015625,41.796875,95.703125,71.484375,50.390625,14.453125,89.453125,47.265625,44.140625,62.890625,59.765625,0.337890625,0.263671875
2000,23.32180148944974,0.5,0.02618,0.0068,0.001428,0.0034,0.000476,0.00136,0.000408,0.0027397260273972603,0.9,0.8,0.8,0.29070220652367307,17.56267288722313,0.08441685058248975,0.5819750860799255,0.6320541096478955,0.9457057587101786,0.057160009565059296,0.007532401735060728,0.09189097269926336,0.4,4,3.9479449462890632,0.22438867851057834,6.698358464735201,41.015625,91.796875,45.703125,21.484375,0.390625,64.453125,39.453125,97.265625,94.140625,12.890625,9.765625,0.087890625,0.013671875
2000,19.99259265229409,0.5,0.02618,0.0068,0.001428,0.0034,0.000476,0.00136,0.000408,0.0027397260273972603,0.9,0.8,0.8,0.30543295966501516,16.65840010783272,0.08890040115284606,0.6120367531575004,0.6630513993164514,0.9726424365593923,0.060278714264261166,0.008775928074812799,0.08729283176669662,0.4,4,4.157280883789063,0.21382144125916036,6.698358464735201,66.015625,66.796875,70.703125,46.484375,75.390625,39.453125,14.453125,22.265625,69.140625,37.890625,34.765625,0.462890625,0.138671875
2000,22.212065210397856,0.5,0.02618,0.0068,0.001428,0.0034,0.000476,0.00136,0.000408,0.0027397260273972603,0.9,0.8,0.8,0.275971453382331,18.46694566661354,0.09786750229355866,0.5519134190023507,0.6010568199793398,0.9187690808609649,0.0665161236626649,0.007946910514978084,0.0964891136318301,0.4,4,4.575952758789064,0.1926869667563244,6.698358464735201,16.015625,16.796875,20.703125,96.484375,25.390625,89.453125,64.453125,72.265625,19.140625,87.890625,84.765625,0.212890625,0.388671875
2000,20.54746079182003,0.5,0.02618,0.0068,0.001428,0.0034,0.000476,0.00136,0.000408,0.0027397260273972603,0.9,0.8,0.8,0.283336829953002,19.823354835699156,0.08217507529731159,0.6270675866962878,0.6165554648136177,0.905300741936358,0.061838066613862104,0.007739656125019406,0.08959190223298,0.4,4,4.052612915039063,0.1979705853820334,6.698358464735201,78.515625,79.296875,8.203125,83.984375,37.890625,26.953125,26.953125,34.765625,56.640625,75.390625,72.265625,0.025390625,0.076171875
2000,22.766933349923796,0.5,0.02618,0.0068,0.001428,0.0034,0.000476,0.00136,0.000408,0.0027397260273972603,0.9,0.8,0.8,0.3127983362356862,18.014809276918335,0.0911421764380242,0.5669442525411381,0.6785500441507293,0.9591740976347854,0.06807547601226585,0.00856867368485412,0.09878818409811346,0.4,4,4.471284790039063,0.21910505988486934,6.698358464735201,28.515625,29.296875,58.203125,33.984375,87.890625,76.953125,76.953125,84.765625,6.640625,25.390625,22.265625,0.275390625,0.326171875
2000,21.657197070871913,0.5,0.02618,0.0068,0.001428,0.0034,0.000476,0.00136,0.000408,0.0027397260273972603,0.9,0.8,0.8,0.2686060768116599,17.110536497527924,0.09562572700838051,0.6571292537738627,0.6475527544821735,0.9322374197855717,0.06495677131306397,0.008154164904936763,0.09419004316554673,0.4,4,4.261948852539064,0.2296722971362873,6.698358464735201,53.515625,4.296875,33.203125,8.984375,12.890625,1.953125,51.953125,9.765625,31.640625,0.390625,47.265625,0.150390625,0.451171875
2000,23.87666962897568,0.5,0.02618,0.0068,0.001428,0.0034,0.000476,0.00136,0.000408,0.0027397260273972603,0.9,0.8,0.8,0.2980675830943441,18.919082056308746,0.0866586258676679,0.597005919618713,0.5855581751450619,0.9861107754839992,0.05871936191466023,0.008983182464771478,0.08499376130041325,0.4,4,3.8432769775390634,0.2085378226334514,6.698358464735201,3.515625,54.296875,83.203125,58.984375,62.890625,51.953125,1.953125,59.765625,81.640625,50.390625,97.265625,0.400390625,0.201171875
2000,21.7959141057534,0.5,0.02618,0.0068,0.001428,0.0034,0.000476,0.00136,0.000408,0.0027397260273972603,0.9,0.8,0.8,0.27044742095432767,19.484252543427754,0.09170262025931875,0.5782173776952286,0.5971821587707703,0.9288703350544201,0.059109200002060464,0.007687842527529736,0.100512486947826,0.4,4,4.026445922851563,0.20193329935131515,6.698358464735201,81.640625,7.421875,48.828125,74.609375,66.015625,5.078125,42.578125,62.890625,66.015625,78.515625,0.390625,0.009765625,0.248046875
2000,24.015386663857164,0.5,0.02618,0.0068,0.001428,0.0034,0.000476,0.00136,0.000408,0.0027397260273972603,0.9,0.8,0.8,0.29990892723701185,17.675706984646933,0.08273551911860613,0.6383407118503783,0.6591767381078819,0.9827436907528475,0.0653466094004642,0.008516860087364452,0.09131620508269252,0.4,4,4.445117797851563,0.22306777385415108,6.698358464735201,31.640625,57.421875,98.828125,24.609375,16.015625,55.078125,92.578125,12.890625,16.015625,28.515625,50.390625,0.259765625,0.498046875
2000,20.686177826701517,0.5,0.02618,0.0068,0.001428,0.0034,0.000476,0.00136,0.000408,0.0027397260273972603,0.9,0.8,0.8,0.28517817409566976,16.771434205256522,0.08721906968896244,0.5481557106176538,0.6281794484393262,0.9019336572052064,0.06846531409966608,0.008102351307447095,0.08671806415012578,0.4,4,4.235781860351564,0.2125005366027331,6.698358464735201,56.640625,82.421875,23.828125,49.609375,91.015625,30.078125,67.578125,87.890625,41.015625,3.515625,75.390625,0.134765625,0.373046875
2000,22.905650384805284,0.5,0.02618,0.0068,0.001428,0.0034,0.000476,0.00136,0.000408,0.0027397260273972603,0.9,0.8,0.8,0.314639680378354,18.579979764037343,0.09618617082967504,0.6082790447728035,0.5661848691022145,0.9558070129036338,0.062227904701262333,0.00893136886728181,0.09591434601525925,0.4,4,3.8171099853515633,0.19136606209989718,6.698358464735201,6.640625,32.421875,73.828125,99.609375,41.015625,80.078125,17.578125,37.890625,91.015625,53.515625,25.390625,0.384765625,0.123046875
2000,20.131309687175573,0.5,0.02618,0.0068,0.001428,0.0034,0.000476,0.00136,0.000408,0.0027397260273972603,0.9,0.8,0.8,0.30727430380768295,19.03211615373255,0.08497729440378429,0.5631865441564412,0.5816835139364924,0.9692753518282406,0.06690596175006515,0.008309605697405773,0.08901713461640916,0.4,4,4.340449829101564,0.19664968072560615,6.698358464735201,94.140625,69.921875,61.328125,87.109375,28.515625,42.578125,80.078125,50.390625,28.515625,66.015625,12.890625,0.322265625,0.435546875
2000,22.35078224527934,0.5,0.02618,0.0068,0.001428,0.0034,0.000476,0.00136,0.000408,0.0027397260273972603,0.9,0.8,0.8,0.2778127975249987,17.223570594951727,0.09394439554449689,0.6233098783115909,0.643678093273604,0.9154019961298132,0.0606685523516614,0.007480588137571058,0.09821341648154262,0.4,4,3.9217779541015636,0.2177841552284421,6.698358464735201,44.140625,19.921875,11.328125,37.109375,78.515625,92.578125,30.078125,0.390625,78.515625,16.015625,62.890625,0.072265625,0.185546875
2000,21.241045966227457,0.5,0.02618,0.0068,0.001428,0.0034,0.000476,0.00136,0.000408,0.0027397260273972603,0.9,0.8,0.8,0.32200505694902504,16.319297815561317,0.0984279461148532,0.593248211234016,0.6746753829421599,0.9962120296774544,0.057549847652459525,0.00872411447732313,0.09361527554897589,0.4,4,4.131113891601563,0.22835139247986008,6.698358464735201,69.140625,44.921875,86.328125,12.109375,3.515625,17.578125,5.078125,75.390625,53.515625,41.015625,87.890625,0.447265625,0.060546875
2000,23.460518524331224,0.5,0.02618,0.0068,0.001428,0.0034,0.000476,0.00136,0.000408,0.0027397260273972603,0.9,0.8,0.8,0.2925435506663408,18.127843374342138,0.08946084497414059,0.6533715453891658,0.6126808036050482,0.9423386739790269,0.06378725705086327,0.007895096917488416,0.08441899368384241,0.4,4,4.5497857666015635,0.20721691797702413,6.698358464735201,19.140625,94.921875,36.328125,62.109375,53.515625,67.578125,55.078125,25.390625,3.515625,91.015625,37.890625,0.197265625,0.310546875
2000,20.963611896464485,0.5,0.02618,0.0068,0.001428,0.0034,0.000476,0.00136,0.000408,0.0027397260273972603,0.9,0.8,0.8,0.2741301092396632,17.44963878979933,0.09282350790190783,0.5857327944646223,0.5894328363536314,0.9490728434413304,0.06612628557526468,0.008205978502426433,0.09936295171468432,0.4,4,3.9741119384765633,0.23099320179271457,6.698358464735201,50.390625,51.171875,5.078125,43.359375,59.765625,36.328125,23.828125,6.640625,72.265625,97.265625,6.640625,0.478515625,0.466796875
2000,23.183084454568252,0.5,0.02618,0.0068,0.001428,0.0034,0.000476,0.00136,0.000408,0.0027397260273972603,0.9,0.8,0.8,0.30359161552234737,19.25818434858015,0.08385640676119521,0.645856128619772,0.651427415690743,0.8951994877429029,0.05988887617686093,0.009034996062261148,0.09016666984955084,0.4,4,4.392783813476563,0.20985872728987862,6.698358464735201,0.390625,1.171875,55.078125,93.359375,9.765625,86.328125,73.828125,56.640625,22.265625,47.265625,56.640625,0.228515625,0.216796875
2000,22.07334817551637,0.5,0.02618,0.0068,0.001428,0.0034,0.000476,0.00136,0.000408,0.0027397260273972603,0.9,0.8,0.8,0.2888608623810053,18.35391156918974,0.08833995733155152,0.5556711273870475,0.6204301260221872,0.976009521290544,0.05677017147765906,0.007791469722509076,0.0855685289169841,0.4,4,4.602119750976564,0.19929149003846064,6.698358464735201,75.390625,26.171875,30.078125,68.359375,84.765625,11.328125,98.828125,31.640625,47.265625,22.265625,81.640625,0.353515625,0.091796875
2000,24.292820733620136,0.5,0.02618,0.0068,0.001428,0.0034,0.000476,0.00136,0.000408,0.0027397260273972603,0.9,0.8,0.8,0.3183223686636895,16.54536601040892,0.09730705847226412,0.6157944615421972,0.5584355466850756,0.9221361655921166,0.0630075808760628,0.00862048728234379,0.09476481078211757,0.4,4,4.183447875976563,0.2204259645412966,6.698358464735201,25.390625,76.171875,80.078125,18.359375,34.765625,61.328125,48.828125,81.640625,97.265625,72.265625,31.640625,0.103515625,0.341796875
2000,21.51848003599043,0.5,0.02618,0.0068,0.001428,0.0034,0.000476,0.00136,0.000408,0.0027397260273972603,0.9,0.8,0.8,0.2962262389516763,17.901775179494535,0.08161463147601707,0.5707019609258349,0.5739341915193534,0.9356045045167235,0.05832952382726,0.008827741672302469,0.08786759938326746,0.4,4,4.497451782226563,0.21514234591558762,6.698358464735201,62.890625,13.671875,92.578125,5.859375,47.265625,23.828125,61.328125,19.140625,34.765625,59.765625,19.140625,0.166015625,0.154296875
2000,23.737952594094196,0.5,0.02618,0.0068,0.001428,0.0034,0.000476,0.00136,0.000408,0.0027397260273972603,0.9,0.8,0.8,0.26676473266899214,19.710320738275357,0.09058173261672967,0.6308252950809846,0.635928770856465,0.9894778602151508,0.06456693322566374,0.007998724112467754,0.09706388124840094,0.4,4,4.078779907226563,0.19400787141275166,6.698358464735201,12.890625,63.671875,42.578125,55.859375,97.265625,73.828125,11.328125,69.140625,84.765625,9.765625,69.140625,0.416015625,0.404296875
2000,20.408743756938545,0.5,0.02618,0.0068,0.001428,0.0034,0.000476,0.00136,0.000408,0.0027397260273972603,0.9,0.8,0.8,0.31095699209301847,18.806047958884946,0.09506528318708597,0.6007636280034098,0.6669260605250209,0.9086678266675098,0.06768563792486561,0.008413232892385112,0.09246574031583421,0.4,4,3.8694439697265635,0.20457510866416964,6.698358464735201,87.890625,88.671875,67.578125,80.859375,22.265625,48.828125,36.328125,44.140625,59.765625,34.765625,94.140625,0.041015625,0.279296875
2000,22.628216315042312,0.5,0.02618,0.0068,0.001428,0.0034,0.000476,0.00136,0.000408,0.0027397260273972603,0.9,0.8,0.8,0.28149548581033423,16.997502400104125,0.08609818204637336,0.6608869621585595,0.6049314811879093,0.9625411823659371,0.06144822852646187,0.007584215332550397,0.08326945845070073,0.4,4,4.288115844726564,0.22570958316700557,6.698358464735201,37.890625,38.671875,17.578125,30.859375,72.265625,98.828125,86.328125,94.140625,9.765625,84.765625,44.140625,0.291015625,0.029296875
2000,20.85957412030337,0.5,0.02618,0.0068,0.001428,0.0034,0.000476,0.00136,0.000408,0.0027397260273972603,0.9,0.8,0.8,0.2801144777033334,17.986550752562387,0.0971669475169405,0.5641259712526154,0.6000881546771974,0.9718006653766044,0.058426983349110055,0.009047949461633566,0.08887344271226644,0.4,4,4.307741088867188,0.19962171620256747,6.698358464735201,94.921875,69.140625,13.671875,22.265625,23.046875,83.984375,85.546875,7.421875,38.671875,41.796875,16.796875,0.130859375,0.072265625
2000,23.07904667840714,0.5,0.02618,0.0068,0.001428,0.0034,0.000476,0.00136,0.000408,0.0027397260273972603,0.9,0.8,0.8,0.3095759839860176,19.795096311343208,0.08819984637622788,0.6242493054077651,0.6620827340143091,0.9179273096781769,0.0646643927475138,0.008218931901798851,0.09806972457739992,0.4,4,3.8890692138671885,0.2207561907054034,6.698358464735201,44.921875,19.140625,63.671875,72.265625,73.046875,33.984375,35.546875,57.421875,88.671875,91.796875,66.796875,0.380859375,0.322265625
2000,21.969310399355255,0.5,0.02618,0.0068,0.001428,0.0034,0.000476,0.00136,0.000408,0.0027397260273972603,0.9,0.8,0.8,0.26538372456199133,18.890823531952798,0.08371629580587157,0.5941876383301903,0.6310854443457532,0.9987373432258181,0.06778309744671566,0.008633440681716209,0.09347158364483318,0.4,4,4.098405151367189,0.23132342795682137,6.698358464735201,69.921875,44.140625,38.671875,97.265625,48.046875,58.984375,10.546875,32.421875,63.671875,66.796875,91.796875,0.005859375,0.447265625
2000,24.188782957459022,0.5,0.02618,0.0068,0.001428,0.0034,0.000476,0.00136,0.000408,0.0027397260273972603,0.9,0.8,0.8,0.2948452308446755,17.082277973171976,0.09268339694658419,0.65431097248534,0.5690908650086416,0.9448639875273906,0.061545688048311925,0.007804423121881493,0.0842753017796997,0.4,4,4.517077026367188,0.21018895345398544,6.698358464735201,19.921875,94.140625,88.671875,47.265625,98.046875,8.984375,60.546875,82.421875,13.671875,16.796875,41.796875,0.255859375,0.197265625
2000,21.414442259829315,0.5,0.02618,0.0068,0.001428,0.0034,0.000476,0.00136,0.000408,0.0027397260273972603,0.9,0.8,0.8,0.3169413605566887,17.53441436286718,0.08595807109104973,0.5791568047914029,0.5845895098429196,0.9313956486027838,0.06622374509711473,0.008011677511840173,0.10036879504368329,0.4,4,3.9937371826171884,0.20490533482827644,6.698358464735201,82.421875,6.640625,76.171875,34.765625,85.546875,71.484375,48.046875,19.921875,51.171875,4.296875,4.296875,0.443359375,0.259765625
2000,23.633914817933082,0.5,0.02618,0.0068,0.001428,0.0034,0.000476,0.00136,0.000408,0.0027397260273972603,0.9,0.8,0.8,0.28747985427400446,19.342959921648003,0.09492517223176233,0.6392801389465526,0.6465840891800312,0.9852690043012112,0.059986335698710994,0.008840695071674887,0.09117251317854981,0.4,4,4.412409057617189,0.2260398093311124,6.698358464735201,32.421875,56.640625,26.171875,84.765625,35.546875,21.484375,98.046875,69.921875,1.171875,54.296875,54.296875,0.193359375,0.009765625
2000,20.30470598077743,0.5,0.02618,0.0068,0.001428,0.0034,0.000476,0.00136,0.000408,0.0027397260273972603,0.9,0.8,0.8,0.30221060741534655,18.438687142257592,0.09044162166140603,0.549095137713828,0.6775813788485869,0.9044589707535701,0.05686763099950912,0.0075971687319228145,0.08657437224598308,0.4,4,4.203073120117188,0.21547257207969442,6.698358464735201,57.421875,81.640625,51.171875,59.765625,60.546875,96.484375,73.046875,44.921875,26.171875,79.296875,79.296875,0.318359375,0.134765625
2000,22.5241785388812,0.5,0.02618,0.0068,0.001428,0.0034,0.000476,0.00136,0.000408,0.0027397260273972603,0.9,0.8,0.8,0.2727491011326624,16.63014158347677,0.08147452052069343,0.6092184718689777,0.6155867995114753,0.9583323264519975,0.06310504039791286,0.00842618629175753,0.09577065411111654,0.4,4,3.7844012451171882,0.19433809757685847,6.698358464735201,7.421875,31.640625,1.171875,9.765625,10.546875,46.484375,23.046875,94.921875,76.171875,29.296875,29.296875,0.068359375,0.384765625
2000,21.691876329592283,0.5,0.02618,0.0068,0.001428,0.0034,0.000476,0.00136,0.000408,0.0027397260273972603,0.9,0.8,0.8,0.29116254255934,19.1168917268004,0.09604605987435141,0.5566105544832217,0.5923388322600585,0.9381298180650872,0.0670034212719152,0.008529813486736868,0.08772390747912476,0.4,4,4.464743041992189,0.21283076276683993,6.698358464735201,63.671875,12.890625,32.421875,91.015625,4.296875,52.734375,54.296875,63.671875,44.921875,35.546875,23.046875,0.349609375,0.353515625
2000,23.91134888769605,0.5,0.02618,0.0068,0.001428,0.0034,0.000476,0.00136,0.000408,0.0027397260273972603,0.9,0.8,0.8,0.3206240488420242,17.30834616801958,0.0870789587336388,0.6167338886383714,0.6543334115971701,0.9920031737635147,0.06076601187351146,0.007700795926902154,0.09692018934425822,0.4,4,4.0460711669921885,0.19169628826400398,6.698358464735201,13.671875,62.890625,82.421875,41.015625,54.296875,2.734375,4.296875,13.671875,94.921875,85.546875,73.046875,0.099609375,0.103515625
2000,20.582140050540403,0.5,0.02618,0.0068,0.001428,0.0034,0.000476,0.00136,0.000408,0.0027397260273972603,0.9,0.8,0.8,0.2764317894179979,16.40407338862917,0.08259540816328251,0.5866722215607966,0.6233361219286143,0.9111931402158735,0.05764730717430959,0.008944322266654226,0.09232204841169149,0.4,4,3.8367352294921884,0.20226352551542195,6.698358464735201,88.671875,87.890625,7.421875,16.015625,29.296875,77.734375,29.296875,88.671875,69.921875,60.546875,98.046875,0.474609375,0.228515625
2000,22.80161260864417,0.5,0.02618,0.0068,0.001428,0.0034,0.000476,0.00136,0.000408,0.0027397260273972603,0.9,0.8,0.8,0.3058932957006821,18.21261894740999,0.09156250930399511,0.6467955557159463,0.5613415425915027,0.9650664959143009,0.06388471657271333,0.008115304706819511,0.08312576654655802,0.4,4,4.255407104492188,0.22339800001825788,6.698358464735201,38.671875,37.890625,57.421875,66.015625,79.296875,27.734375,79.296875,38.671875,19.921875,10.546875,48.046875,0.224609375,0.478515625
2000,20.02727191101446,0.5,0.02618,0.0068,0.001428,0.0034,0.000476,0.00136,0.000408,0.0027397260273972603,0.9,0.8,0.8,0.3132586722713532,19.569028116495605,0.08932073401881696,0.5716413880220091,0.5768401874257806,0.9515981569896941,0.05920665952391052,0.007493541536943475,0.0992192598105416,0.4,4,3.941403198242188,0.22868161864396688,6.698358464735201,51.171875,50.390625,69.921875,53.515625,91.796875,90.234375,16.796875,51.171875,57.421875,23.046875,10.546875,0.037109375,0.041015625
2000,22.246744469118227,0.5,0.02618,0.0068,0.001428,0.0034,0.000476,0.00136,0.000408,0.0027397260273972603,0.9,0.8,0.8,0.28379716598866894,17.760482557714784,0.09828783515952956,0.6317647221771588,0.6388347667628922,0.8977248012912666,0.06544406892231426,0.00832255909677819,0.09002297794540813,0.4,4,4.3600750732421885,0.20754714414113093,6.698358464735201,1.171875,0.390625,19.921875,3.515625,41.796875,40.234375,66.796875,1.171875,7.421875,73.046875,60.546875,0.287109375,0.291015625
2000,21.137008190066343,0.5,0.02618,0.0068,0.001428,0.0034,0.000476,0.00136,0.000408,0.0027397260273972603,0.9,0.8,0.8,0.29852791913001103,16.856209778324374,0.09380428458917325,0.5415797209444343,0.6698320564314479,0.9785348348389078,0.06856277362151614,0.007908050316860833,0.08542483701284138,0.4,4,4.569411010742188,0.19697990688971298,6.698358464735201,76.171875,25.390625,94.921875,28.515625,66.796875,65.234375,91.796875,76.171875,32.421875,98.046875,85.546875,0.162109375,0.416015625
2000,23.35648074817011,0.5,0.02618,0.0068,0.001428,0.0034,0.000476,0.00136,0.000408,0.0027397260273972603,0.9,0.8,0.8,0.26906641284732685,18.664755337105195,0.08483718344846065,0.601703055099584,0.6078374770943363,0.9246614791404804,0.06232536422311239,0.008737067876695547,0.09462111887797486,0.4,4,4.150739135742189,0.2181143813925489,6.698358464735201,26.171875,75.390625,44.921875,78.515625,16.796875,15.234375,41.796875,26.171875,82.421875,48.046875,35.546875,0.412109375,0.166015625
2000,21.275725224947827,0.5,0.02618,0.0068,0.001428,0.0034,0.000476,0.00136,0.000408,0.0027397260273972603,0.9,0.8,0.8,0.2966865749873433,19.682062213919405,0.09772739133823502,0.628007013792462,0.5652162038000722,0.9751677501077561,0.06193552613571216,0.007545355134433145,0.0882986750956956,0.4,4,3.9152362060546886,0.21150985811041267,6.698358464735201,60.546875,34.765625,85.546875,87.890625,13.671875,68.359375,1.171875,48.046875,66.796875,19.921875,63.671875,0.052734375,0.150390625
2000,23.495197783051594,0.5,0.02618,0.0068,0.001428,0.0034,0.000476,0.00136,0.000408,0.0027397260273972603,0.9,0.8,0.8,0.26722506870465906,17.873516655138584,0.08876029019752242,0.5678836796373122,0.6272107831371838,0.9212943944093287,0.06817293553411591,0.00837437269426786,0.09749495696082908,0.4,4,4.333908081054688,0.19037538360757675,6.698358464735201,10.546875,84.765625,35.546875,37.890625,63.671875,18.359375,51.171875,98.046875,16.796875,69.921875,13.671875,0.302734375,0.400390625
2000,20.165988945895943,0.5,0.02618,0.0068,0.001428,0.0034,0.000476,0.00136,0.000408,0.0027397260273972603,0.9,0.8,0.8,0.3114173281286854,16.969243875748173,0.08427673962716611,0.6580686808700369,0.6582080728057396,0.9482310722585424,0.06505423083491403,0.007959863914350503,0.09289681602826233,0.4,4,4.543244018554688,0.2009426208589947,6.698358464735201,85.546875,59.765625,60.546875,12.890625,38.671875,93.359375,76.171875,23.046875,41.796875,94.921875,38.671875,0.177734375,0.275390625
2000,22.38546150399971,0.5,0.02618,0.0068,0.001428,0.0034,0.000476,0.00136,0.000408,0.0027397260273972603,0.9,0.8,0.8,0.2819558218460012,18.777789434528994,0.09324384076787873,0.5979453467148871,0.596213493468628,0.894357716560115,0.05881682143651029,0.008788881474185217,0.08370053416312886,0.4,4,4.124572143554689,0.22207709536183065,6.698358464735201,35.546875,9.765625,10.546875,62.890625,88.671875,43.359375,26.171875,73.046875,91.796875,44.921875,88.671875,0.427734375,0.025390625
2000,20.720857085421887,0.5,0.02618,0.0068,0.001428,0.0034,0.000476,0.00136,0.000408,0.0027397260273972603,0.9,0.8,0.8,0.2745904452753301,19.2299258242242,0.08651851491234427,0.6430378473312495,0.6117121383029058,0.9078260554847218,0.0634948784853131,0.008581627084226539,0.09979402742711244,0.4,4,4.438576049804689,0.22736071398753963,6.698358464735201,73.046875,97.265625,23.046875,50.390625,76.171875,80.859375,63.671875,35.546875,29.296875,32.421875,51.171875,0.365234375,0.462890625
2000,22.940329643525654,0.5,0.02618,0.0068,0.001428,0.0034,0.000476,0.00136,0.000408,0.0027397260273972603,0.9,0.8,0.8,0.30405195155801434,17.42138026544338,0.09548561605305687,0.5829145131760997,0.6737067176400174,0.9616994111831493,0.05725746908690935,0.007752609524391824,0.09059774556197897,0.4,4,4.019904174804688,0.2062262394847037,6.698358464735201,23.046875,47.265625,73.046875,0.390625,26.171875,30.859375,13.671875,85.546875,79.296875,82.421875,1.171875,0.115234375,0.212890625
2000,21.83059336447377,0.5,0.02618,0.0068,0.001428,0.0034,0.000476,0.00136,0.000408,0.0027397260273972603,0.9,0.8,0.8,0.28932119841667225,16.517107486052968,0.09100206548270057,0.6129761802536746,0.6427094279714617,0.9347627333339356,0.06037617378611122,0.008996135864143896,0.08599960462941222,0.4,4,3.8105682373046883,0.19565900223328572,6.698358464735201,98.046875,22.265625,48.046875,25.390625,51.171875,55.859375,38.671875,10.546875,54.296875,57.421875,26.171875,0.490234375,0.087890625
2000,24.050065922577538,0.5,0.02618,0.0068,0.001428,0.0034,0.000476,0.00136,0.000408,0.0027397260273972603,0.9,0.8,0.8,0.31878270469935643,18.32565304483379,0.08203496434198797,0.5528528460985248,0.5807148486343501,0.988636089032363,0.06661358318451496,0.008167118304309181,0.0951958864945457,0.4,4,4.229240112304688,0.21679347673612168,6.698358464735201,48.046875,72.265625,98.046875,75.390625,1.171875,5.859375,88.671875,60.546875,4.296875,7.421875,76.171875,0.240234375,0.337890625
2000,20.443423015658915,0.5,0.02618,0.0068,0.001428,0.0034,0.000476,0.00136,0.000408,0.0027397260273972603,0.9,0.8,0.8,0.30773463984334987,17.195312070595776,0.0943647284104678,0.6204915970230682,0.5729655262172111,0.9010918860224184,0.06271520231051263,0.008063491109329841,0.08944821032883728,0.4,4,4.072238159179689,0.1983008115461402,6.698358464735201,79.296875,78.515625,66.796875,19.140625,7.421875,99.609375,32.421875,79.296875,73.046875,1.171875,69.921875,0.458984375,0.431640625
2000,22.662895573762682,0.5,0.02618,0.0068,0.001428,0.0034,0.000476,0.00136,0.000408,0.0027397260273972603,0.9,0.8,0.8,0.27827313356066563,19.003857629376597,0.0853976272697552,0.5603682628679185,0.6349601055543227,0.9549652417208458,0.05647779291210889,0.008892508669164556,0.09864449219397076,0.4,4,4.490910034179689,0.21943528604897616,6.698358464735201,29.296875,28.515625,16.796875,69.140625,57.421875,49.609375,82.421875,29.296875,23.046875,51.171875,19.921875,0.208984375,0.181640625
2000,21.5531592947108,0.5,0.02618,0.0068,0.001428,0.0034,0.000476,0.00136,0.000408,0.0027397260273972603,0.9,0.8,0.8,0.32246539298469196,18.099584849986186,0.08091407669939889,0.6505532641006431,0.6659573952228786,0.9280285638716321,0.05959649761131076,0.007648982329412485,0.09404635126140402,0.4,4,4.281574096679688,0.2300025233003941,6.698358464735201,54.296875,3.515625,91.796875,94.140625,32.421875,74.609375,57.421875,54.296875,48.046875,76.171875,44.921875,0.333984375,0.056640625
2000,23.772631852814566,0.5,0.02618,0.0068,0.001428,0.0034,0.000476,0.00136,0.000408,0.0027397260273972603,0.9,0.8,0.8,0.2930038867020078,16.291039291205365,0.0898811778401115,0.5904299299454934,0.603962815885767,0.9819019195700596,0.0658339070097145,0.008477999889247198,0.08485006939627054,0.4,4,3.8629022216796884,0.2088680487975582,6.698358464735201,4.296875,53.515625,41.796875,44.140625,82.421875,24.609375,7.421875,4.296875,98.046875,26.171875,94.921875,0.083984375,0.306640625
2000,22.108027434236742,0.5,0.02618,0.0068,0.001428,0.0034,0.000476,0.00136,0.000408,0.0027397260273972603,0.9,0.8,0.8,0.2709077569899946,17.64744846029098,0.08763940255493334,0.6355224305618556,0.6194614607200448,0.9953702584946664,0.061155849960911696,0.009099763059123234,0.10094356266025412,0.4,4,4.3862420654296885,0.2035844301718492,6.698358464735201,91.796875,41.015625,29.296875,31.640625,94.921875,62.109375,94.921875,91.796875,35.546875,38.671875,57.421875,0.146484375,0.244140625
2000,24.32749999234051,0.5,0.02618,0.0068,0.001428,0.0034,0.000476,0.00136,0.000408,0.0027397260273972603,0.9,0.8,0.8,0.3003692632726788,19.455994019071802,0.09660650369564595,0.575399096406706,0.6814560400571564,0.941496902796239,0.06739325935931544,0.00827074549928852,0.09174728079512065,0.4,4,3.9675701904296883,0.22471890467468514,6.698358464735201,41.796875,91.015625,79.296875,81.640625,44.921875,12.109375,44.921875,41.796875,85.546875,88.671875,7.421875,0.396484375,0.494140625
2000,20.99829115518486,0.5,0.02618,0.0068,0.001428,0.0034,0.000476,0.00136,0.000408,0.0027397260273972603,0.9,0.8,0.8,0.28563851013133673,18.55172123968139,0.09212295312528965,0.6054607634842808,0.6504587503886006,0.9684335806454527,0.06427455466011356,0.008685254279205877,0.08714913986255392,0.4,4,4.176906127929689,0.21415166742326716,6.698358464735201,66.796875,66.015625,4.296875,56.640625,69.921875,87.109375,19.921875,66.796875,60.546875,63.671875,32.421875,0.021484375,0.369140625
2000,23.217763713288626,0.5,0.02618,0.0068,0.001428,0.0034,0.000476,0.00136,0.000408,0.0027397260273972603,0.9,0.8,0.8,0.3151000164140209,16.74317568090057,0.08315585198457703,0.5453374293291311,0.588464171051489,0.9145602249470253,0.05803714526170982,0.007856236719371162,0.09634542172768738,0.4,4,4.595578002929688,0.19301719292043124,6.698358464735201,16.796875,16.015625,54.296875,6.640625,19.921875,37.109375,69.921875,16.796875,10.546875,13.671875,82.421875,0.271484375,0.119140625
2000,22.038668916796,0.5,0.02618,0.0068,0.001428,0.0034,0.000476,0.00136,0.000408,0.0027397260273972603,0.9,0.8,0.8,0.28655918220267057,17.138795021883876,0.08455696153781339,0.5584894086755702,0.6368974361586075,0.9768512924733319,0.06602882605341462,0.008244838700543686,0.09203466460340608,0.4,4,4.556327514648438,0.20160307318720833,6.698358464735201,33.984375,30.078125,68.359375,83.203125,71.484375,7.421875,77.734375,2.734375,33.984375,30.859375,93.359375,0.466796875,0.376953125
2000,24.258141474899766,0.5,0.02618,0.0068,0.001428,0.0034,0.000476,0.00136,0.000408,0.0027397260273972603,0.9,0.8,0.8,0.3160206884853548,18.947340580664697,0.09352406267852599,0.6186127428307199,0.5749028568214959,0.9229779367749045,0.05979141665501087,0.009073856260378401,0.0828383827382726,0.4,4,4.137655639648439,0.22273754769004428,6.698358464735201,83.984375,80.078125,18.359375,33.203125,21.484375,57.421875,27.734375,52.734375,83.984375,80.859375,43.359375,0.216796875,0.126953125
2000,20.928932637744115,0.5,0.02618,0.0068,0.001428,0.0034,0.000476,0.00136,0.000408,0.0027397260273972603,0.9,0.8,0.8,0.2718284290613285,19.851613360055108,0.0980076132488823,0.588551075753145,0.6059001464900516,0.9499146146241182,0.056672711955809,0.007830329920626327,0.08743652367083933,0.4,4,3.9283197021484386,0.2121703104386263,6.698358464735201,8.984375,55.078125,93.359375,8.203125,96.484375,32.421875,2.734375,27.734375,58.984375,55.859375,18.359375,0.341796875,0.001953125
2000,23.148405195847882,0.5,0.02618,0.0068,0.001428,0.0034,0.000476,0.00136,0.000408,0.0027397260273972603,0.9,0.8,0.8,0.3012899353440127,18.043067801274287,0.08904051210816968,0.6486744099082947,0.6678947258271632,0.8960412589256908,0.06291012135421274,0.008659347480461044,0.09663280553597281,0.4,4,4.346991577148438,0.19103583593579035,6.698358464735201,58.984375,5.078125,43.359375,58.203125,46.484375,82.421875,52.734375,77.734375,8.984375,5.859375,68.359375,0.091796875,0.251953125
2000,20.37406449821817,0.5,0.02618,0.0068,0.001428,0.0034,0.000476,0.00136,0.000408,0.0027397260273972603,0.9,0.8,0.8,0.32338606505602585,16.68665863218867,0.09128228739334784,0.5735202422143576,0.6523960809928854,0.9095095978502976,0.058232064305409934,0.00886660187041972,0.08513745320455597,0.4,4,3.8236517333984383,0.19631945456149935,6.698358464735201,46.484375,92.578125,30.859375,70.703125,33.984375,44.921875,40.234375,15.234375,71.484375,18.359375,80.859375,0.154296875,0.189453125
2000,22.593537056321942,0.5,0.02618,0.0068,0.001428,0.0034,0.000476,0.00136,0.000408,0.0027397260273972603,0.9,0.8,0.8,0.2939245587733416,18.495204190969492,0.08231518625263523,0.6336435763695073,0.5904015016557738,0.963382953548725,0.06446947370381367,0.008037584310585006,0.09433373506968944,0.4,4,4.242323608398438,0.21745392906433528,6.698358464735201,96.484375,42.578125,80.859375,20.703125,83.984375,94.921875,90.234375,65.234375,21.484375,68.359375,30.859375,0.404296875,0.439453125
2000,21.483800777270055,0.5,0.02618,0.0068,0.001428,0.0034,0.000476,0.00136,0.000408,0.0027397260273972603,0.9,0.8,0.8,0.30865531191468376,19.399476970359903,0.08679873682299154,0.5434585751367828,0.5594042119872179,0.9364462756995113,0.06758817840301555,0.008452093090502363,0.09893187600225617,0.4,4,4.451659545898439,0.22802116631575325,6.698358464735201,21.484375,17.578125,5.859375,45.703125,8.984375,19.921875,65.234375,40.234375,46.484375,93.359375,5.859375,0.029296875,0.314453125
2000,23.703273335373822,0.5,0.02618,0.0068,0.001428,0.0034,0.000476,0.00136,0.000408,0.0027397260273972603,0.9,0.8,0.8,0.2791938056319995,17.59093141157908,0.09576583796370414,0.6035819092919325,0.6213987913243295,0.9903196313979388,0.06135076900461181,0.00762307553066765,0.0897355941371227,0.4,4,4.0329876708984385,0.20688669181291733,6.698358464735201,71.484375,67.578125,55.859375,95.703125,58.984375,69.921875,15.234375,90.234375,96.484375,43.359375,55.859375,0.279296875,0.064453125
2000,20.651498567981143,0.5,0.02618,0.0068,0.001428,0.0034,0.000476,0.00136,0.000408,0.0027397260273972603,0.9,0.8,0.8,0.2902418704880061,18.26913599612189,0.08119429861004615,0.5660048254449639,0.6446467585757464,0.9027754283879942,0.059011740480210406,0.007726702725646989,0.09318419983654776,0.4,4,4.189989624023438,0.23066297562860774,6.698358464735201,2.734375,86.328125,87.109375,1.953125,52.734375,26.171875,58.984375,71.484375,27.734375,49.609375,99.609375,0.060546875,0.158203125
2000,22.87097112608491,0.5,0.02618,0.0068,0.001428,0.0034,0.000476,0.00136,0.000408,0.0027397260273972603,0.9,0.8,0.8,0.31970337677069033,16.460590437341068,0.09016139975075876,0.6261281596001136,0.5826521792386348,0.9566487840864217,0.06524914987861415,0.008555720285481704,0.08398791797141428,0.4,4,3.771317749023438,0.20952850112577182,6.698358464735201,52.734375,36.328125,37.109375,51.953125,2.734375,76.171875,8.984375,21.484375,77.734375,99.609375,49.609375,0.310546875,0.408203125
2000,21.761234847033027,0.5,0.02618,0.0068,0.001428,0.0034,0.000476,0.00136,0.000408,0.0027397260273972603,0.9,0.8,0.8,0.275511117346664,17.36486321673148,0.09464495032111507,0.5960664925225387,0.6136494689071906,0.9297121062372079,0.06836785457781602,0.008141211505564346,0.08858605890398102,0.4,4,3.9806536865234383,0.19896126387435384,6.698358464735201,27.734375,11.328125,62.109375,76.953125,77.734375,1.171875,33.984375,96.484375,52.734375,74.609375,24.609375,0.185546875,0.283203125
2000,23.980707405136794,0.5,0.02618,0.0068,0.001428,0.0034,0.000476,0.00136,0.000408,0.0027397260273972603,0.9,0.8,0.8,0.30497262362934824,19.1734087755123,0.08567784918040246,0.6561898266776884,0.6756440482443022,0.9835854619356355,0.062130445179412276,0.008970229065399061,0.09778234076911449,0.4,4,4.399325561523439,0.22009573837718976,6.698358464735201,77.734375,61.328125,12.109375,26.953125,27.734375,51.171875,83.984375,46.484375,2.734375,24.609375,74.609375,0.435546875,0.033203125
2000,21.206366707507087,0.5,0.02618,0.0068,0.001428,0.0034,0.000476,0.00136,0.000408,0.0027397260273972603,0.9,0.8,0.8,0.3123380002000193,18.721272385817095,0.09240317503593691,0.5810356589837513,0.6601454034100243,0.9970538008602423,0.06680850222821508,0.008348465895523025,0.08628698843769765,0.4,4,4.085321655273439,0.2148121197514808,6.698358464735201,15.234375,48.828125,24.609375,39.453125,40.234375,13.671875,21.484375,58.984375,65.234375,12.109375,87.109375,0.373046875,0.470703125
2000,23.425839265610854,0.5,0.02618,0.0068,0.001428,0.0034,0.000476,0.00136,0.000408,0.0027397260273972603,0.9,0.8,0.8,0.28287649391733505,16.912726827036273,0.08343607389522431,0.641158993138901,0.5981508240729126,0.9431804451618148,0.06057109282981134,0.00751944833568831,0.09548327030283113,0.4,4,4.503993530273439,0.19367764524864486,6.698358464735201,65.234375,98.828125,74.609375,89.453125,90.234375,63.671875,71.484375,8.984375,15.234375,62.109375,37.109375,0.123046875,0.220703125
2000,20.096630428455203,0.5,0.02618,0.0068,0.001428,0.0034,0.000476,0.00136,0.000408,0.0027397260273972603,0.9,0.8,0.8,0.29760724705867714,17.816999606426684,0.08791962446558062,0.5509739919061765,0.5671535344043569,0.9701171230110286,0.05745238813060947,0.008762974675440382,0.10008141123539786,0.4,4,4.294657592773438,0.2042448825000628,6.698358464735201,40.234375,73.828125,49.609375,64.453125,15.234375,38.671875,96.484375,83.984375,40.234375,87.109375,12.109375,0.498046875,0.095703125
2000,22.31610298655897,0.5,0.02618,0.0068,0.001428,0.0034,0.000476,0.00136,0.000408,0.0027397260273972603,0.9,0.8,0.8,0.26814574077599296,19.625545165207505,0.09688672560629322,0.6110973260613262,0.6291481137414685,0.916243767312601,0.06368979752901321,0.007933957115605668,0.09088512937026438,0.4,4,3.8759857177734385,0.22537935700289877,6.698358464735201,90.234375,23.828125,99.609375,14.453125,65.234375,88.671875,46.484375,33.984375,90.234375,37.109375,62.109375,0.248046875,0.345703125
2000,20.235347463336687,0.5,0.02618,0.0068,0.001428,0.0034,0.000476,0.00136,0.000408,0.0027397260273972603,0.9,0.8,0.8,0.2994485912013449,18.834306483240894,0.08399651771651885,0.6223704512154167,0.6795187094528716,0.9667500382798768,0.06329995944161299,0.008296652298033355,0.0937589674531186,0.4,4,4.163822631835939,0.231983880285035,6.698358464735201,24.609375,64.453125,33.984375,5.078125,68.359375,41.796875,12.109375,43.359375,62.109375,8.984375,40.234375,0.357421875,0.330078125
2000,22.454820021440455,0.5,0.02618,0.0068,0.001428,0.0034,0.000476,0.00136,0.000408,0.0027397260273972603,0.9,0.8,0.8,0.26998708491866075,17.025760924460076,0.09296361885723145,0.562247117060267,0.6175241301157601,0.9128766825814494,0.05706255004320924,0.00746763473819864,0.08456268558798513,0.4,4,4.582494506835938,0.21084940578219905,6.698358464735201,74.609375,14.453125,83.984375,55.078125,18.359375,91.796875,62.109375,93.359375,12.109375,58.984375,90.234375,0.107421875,0.080078125
2000,21.34508374238857,0.5,0.02618,0.0068,0.001428,0.0034,0.000476,0.00136,0.000408,0.0027397260273972603,0.9,0.8,0.8,0.314179344342687,17.930033703850487,0.09744716942758776,0.6524321182929915,0.5865268404472043,0.9936867161290905,0.06018125474241111,0.008711161077950712,0.08916082652055186,0.4,4,4.3731585693359385,0.2002821685307811,6.698358464735201,49.609375,39.453125,8.984375,80.078125,93.359375,16.796875,87.109375,18.359375,37.109375,83.984375,65.234375,0.482421875,0.205078125
2000,23.564556300492338,0.5,0.02618,0.0068,0.001428,0.0034,0.000476,0.00136,0.000408,0.0027397260273972603,0.9,0.8,0.8,0.28471783806000284,19.738579262631305,0.08848006828687514,0.5923087841378418,0.6485214197843159,0.9398133604306631,0.06641866414081485,0.007882143518115997,0.09835710838568533,0.4,4,3.9544866943359382,0.22141664303361702,6.698358464735201,99.609375,89.453125,58.984375,30.078125,43.359375,66.796875,37.109375,68.359375,87.109375,33.984375,15.234375,0.232421875,0.455078125
2000,21.899951881914514,0.5,0.02618,0.0068,0.001428,0.0034,0.000476,0.00136,0.000408,0.0027397260273972603,0.9,0.8,0.8,0.2773524614893318,18.38217009354569,0.0907218435720533,0.6374012847542041,0.633022774950038,0.9263450215060562,0.06174060709201204,0.007674889128157319,0.08686175605426849,0.4,4,4.268490600585938,0.21613302440790805,6.698358464735201,12.109375,1.953125,71.484375,42.578125,30.859375,4.296875,74.609375,30.859375,49.609375,46.484375,27.734375,0.044921875,0.017578125
2000,24.11942444001828,0.5,0.02618,0.0068,0.001428,0.0034,0.000476,0.00136,0.000408,0.0027397260273972603,0.9,0.8,0.8,0.30681396777201597,16.57362453476487,0.08175474243134069,0.5772779505990544,0.5710281956129264,0.9802183772044837,0.0679780164904158,0.008503906687992033,0.09605803791940197,0.4,4,3.8498187255859384,0.1949985499050721,6.698358464735201,62.109375,51.953125,21.484375,92.578125,80.859375,54.296875,24.609375,80.859375,99.609375,96.484375,77.734375,0.294921875,0.267578125
2000,20.79021560286263,0.5,0.02618,0.0068,0.001428,0.0034,0.000476,0.00136,0.000408,0.0027397260273972603,0.9,0.8,0.8,0.2920832146306739,17.477897314155282,0.086238293001697,0.6073396176766293,0.6020254852814821,0.8994083436568425,0.06485931179121392,0.008089397908074676,0.1006561788519687,0.4,4,4.0591546630859385,0.20556578715649007,6.698358464735201,37.109375,76.953125,96.484375,67.578125,5.859375,29.296875,49.609375,5.859375,74.609375,71.484375,52.734375,0.169921875,0.392578125
2000,23.009688160966398,0.5,0.02618,0.0068,0.001428,0.0034,0.000476,0.00136,0.000408,0.0027397260273972603,0.9,0.8,0.8,0.32154472091335806,19.2864428729361,0.09520539414240961,0.5472162835214796,0.6640200646185938,0.95328169935527,0.05862190239281017,0.00891841546790939,0.09145989698683524,0.4,4,4.477826538085939,0.226700261659326,6.698358464735201,87.109375,26.953125,46.484375,17.578125,55.859375,79.296875,99.609375,55.859375,24.609375,21.484375,2.734375,0.419921875,0.142578125
2000,21.622517812151543,0.5,0.02618,0.0068,0.001428,0.0034,0.000476,0.00136,0.000408,0.0027397260273972603,0.9,0.8,0.8,0.30313127948668045,16.34755633991727,0.08287563007392977,0.6298858679848104,0.6717693870357327,0.9330791909683597,0.060960930917211574,0.008814788272930052,0.09260943221997692,0.4,4,3.7974847412109383,0.20292397784363558,6.698358464735201,43.359375,20.703125,15.234375,86.328125,62.109375,23.046875,30.859375,87.109375,55.859375,15.234375,46.484375,0.138671875,0.111328125
2000,23.84199037025531,0.5,0.02618,0.0068,0.001428,0.0034,0.000476,0.00136,0.000408,0.0027397260273972603,0.9,0.8,0.8,0.27366977320399627,18.15610189869809,0.09184273121464237,0.5697625338296607,0.6097748076986211,0.9869525466667871,0.06719834031561532,0.007985770713095338,0.08341315035484344,0.4,4,4.216156616210938,0.2240584523464715,6.698358464735201,93.359375,70.703125,65.234375,36.328125,12.109375,73.046875,80.859375,37.109375,5.859375,65.234375,96.484375,0.388671875,0.361328125
2000,20.51278153309966,0.5,0.02618,0.0068,0.001428,0.0034,0.000476,0.00136,0.000408,0.0027397260273972603,0.9,0.8,0.8,0.31786203262802254,19.0603746780885,0.09632628178499868,0.6599475350623852,0.5787775180300653,0.906142513119146,0.06407963561641344,0.008400279493012695,0.08801129128741018,0.4,4,4.425492553710939,0.21349121509505356,6.698358464735201,18.359375,95.703125,40.234375,11.328125,87.109375,48.046875,55.859375,62.109375,30.859375,90.234375,71.484375,0.013671875,0.486328125
2000,22.732254091203426,0.5,0.02618,0.0068,0.001428,0.0034,0.000476,0.00136,0.000408,0.0027397260273972603,0.9,0.8,0.8,0.28840052634533836,17.25182911930768,0.08735918064428608,0.5998242009072355,0.6407720973671769,0.9600158688175734,0.057842226218009704,0.0075712619331779795,0.09720757315254365,0.4,4,4.006820678710938,0.1923567405922176,6.698358464735201,68.359375,45.703125,90.234375,61.328125,37.109375,98.046875,5.859375,12.109375,80.859375,40.234375,21.484375,0.263671875,0.236328125
2000,21.0676496726256,0.5,0.02618,0.0068,0.001428,0.0034,0.000476,0.00136,0.000408,0.0027397260273972603,0.9,0.8,0.8,0.26630439663332517,16.799692729612474,0.09408450649982053,0.6449167015235978,0.625273452532899,0.9465475298929665,0.06252028326681251,0.008193025103054016,0.08571222082112681,0.4,4,4.530160522460939,0.19764035921792658,6.698358464735201,30.859375,58.203125,77.734375,73.828125,49.609375,35.546875,93.359375,99.609375,43.359375,27.734375,33.984375,0.451171875,0.298828125
2000,23.287122230729366,0.5,0.02618,0.0068,0.001428,0.0034,0.000476,0.00136,0.000408,0.0027397260273972603,0.9,0.8,0.8,0.2957659029160094,18.608238288393295,0.08511740535910792,0.5847933673684481,0.5632788731957874,0.8926741741945391,0.056282873868408766,0.009022042662888731,0.09490850268626028,0.4,4,4.111488647460939,0.21877483372076253,6.698358464735201,80.859375,8.203125,27.734375,23.828125,99.609375,85.546875,43.359375,49.609375,93.359375,77.734375,83.984375,0.201171875,0.048828125
2000,22.177385951677483,0.5,0.02618,0.0068,0.001428,0.0034,0.000476,0.00136,0.000408,0.0027397260273972603,0.9,0.8,0.8,0.2810351497746673,19.512511067783706,0.08960095592946422,0.614855034446023,0.5942761628643433,0.9734842077421803,0.059401578567610636,0.007778516323136658,0.09950664361882702,0.4,4,3.9021527099609385,0.2293420709721805,6.698358464735201,5.859375,33.203125,52.734375,48.828125,24.609375,10.546875,18.359375,74.609375,68.359375,52.734375,58.984375,0.326171875,0.173828125
2000,24.39685850978125,0.5,0.02618,0.0068,0.001428,0.0034,0.000476,0.00136,0.000408,0.0027397260273972603,0.9,0.8,0.8,0.3104966560573515,17.703965509002884,0.09856805707017684,0.5547317002908733,0.6562707422014549,0.9196108520437528,0.06563898796601439,0.008607533882971374,0.09031036175369354,0.4,4,4.320824584960938,0.20820759646934456,6.698358464735201,55.859375,83.203125,2.734375,98.828125,74.609375,60.546875,68.359375,24.609375,18.359375,2.734375,8.984375,0.076171875,0.423828125
2000,22.186055766357576,0.5,0.02618,0.0068,0.001428,0.0034,0.000476,0.00136,0.000408,0.0027397260273972603,0.9,0.8,0.8,0.2875949382829212,18.12077874325315,0.08515243309793884,0.5610728331900492,0.5765980211002449,0.9598054260218765,0.059279754165298064,0.008656109130617939,0.08431122475573538,0.4,4,4.126207580566407,0.22182942573875053,6.698358464735201,88.8671875,24.8046875,70.8984375,96.6796875,87.3046875,91.2109375,83.0078125,66.9921875,40.0390625,99.8046875,3.7109375,0.2880859375,0.1044921875
2000,24.405528324461343,0.5,0.02618,0.0068,0.001428,0.0034,0.000476,0.00136,0.000408,0.0027397260273972603,0.9,0.8,0.8,0.3170564445656054,16.31223318447233,0.09411953423865144,0.6211961673451989,0.6385926004373566,0.9059320703234489,0.06551716356370181,0.007827091570783224,0.09350750662086886,0.4,4,4.544879455566408,0.2006949512359146,6.698358464735201,38.8671875,74.8046875,20.8984375,46.6796875,37.3046875,41.2109375,33.0078125,16.9921875,90.0390625,49.8046875,53.7109375,0.0380859375,0.3544921875
2000,21.076319487305692,0.5,0.02618,0.0068,0.001428,0.0034,0.000476,0.00136,0.000408,0.0027397260273972603,0.9,0.8,0.8,0.2728641851415791,17.21650596386274,0.09860308480900774,0.591134500267624,0.6695898901059124,0.9867421038710902,0.062398458864499934,0.009070617910535296,0.0981056475534356,0.4,4,4.335543518066407,0.21126218848733258,6.698358464735201,63.8671875,99.8046875,95.8984375,21.6796875,62.3046875,66.2109375,8.0078125,91.9921875,65.0390625,24.8046875,78.7109375,0.4130859375,0.4794921875
2000,23.29579204540946,0.5,0.02618,0.0068,0.001428,0.0034,0.000476,0.00136,0.000408,0.0027397260273972603,0.9,0.8,0.8,0.3023256914242633,19.02505152264356,0.08963598366829513,0.6512578344227737,0.6075953107688008,0.9328687481726627,0.056161049466096194,0.008241600350700581,0.08890936568830211,0.4,4,3.9168716430664072,0.2323966629901685,6.698358464735201,13.8671875,49.8046875,45.8984375,71.6796875,12.3046875,16.2109375,58.0078125,41.9921875,15.0390625,74.8046875,28.7109375,0.1630859375,0.2294921875
2000,20.521451347779752,0.5,0.02618,0.0068,0.001428,0.0034,0.000476,0.00136,0.000408,0.0027397260273972603,0.9,0.8,0.8,0.30969106799493434,18.572915132948356,0.09187775895347329,0.5761036667288366,0.5920966659345229,0.9194004092480558,0.06395781121410088,0.007619837180824545,0.09580657708715222,0.4,4,4.230875549316407,0.22711304436445953,6.698358464735201,76.3671875,62.3046875,33.3984375,59.1796875,24.8046875,53.7109375,45.5078125,54.4921875,52.5390625,62.3046875,16.2109375,0.1005859375,0.2919921875
2000,22.74092390588352,0.5,0.02618,0.0068,0.001428,0.0034,0.000476,0.00136,0.000408,0.0027397260273972603,0.9,0.8,0.8,0.28022956171225016,16.764369574167535,0.08291065781276068,0.6362270008839863,0.6540912452716345,0.9732737649464833,0.05772040181569713,0.00844885474065926,0.08661029522201875,0.4,4,3.812203674316407,0.20597856986162358,6.698358464735201,26.3671875,12.3046875,83.3984375,9.1796875,74.8046875,3.7109375,95.5078125,4.4921875,2.5390625,12.3046875,66.2109375,0.3505859375,0.0419921875
2000,21.631187626831636,0.5,0.02618,0.0068,0.001428,0.0034,0.000476,0.00136,0.000408,0.0027397260273972603,0.9,0.8,0.8,0.29496031485359225,17.668642353557946,0.08739420838311698,0.5460419996512618,0.6230939556030787,0.892463731398842,0.060839106514899,0.008034345960741903,0.09120843615458549,0.4,4,4.021539611816407,0.19541133261020563,6.698358464735201,51.3671875,37.3046875,8.3984375,34.1796875,49.8046875,78.7109375,70.5078125,79.4921875,27.5390625,37.3046875,91.2109375,0.2255859375,0.1669921875
2000,23.850660184935403,0.5,0.02618,0.0068,0.001428,0.0034,0.000476,0.00136,0.000408,0.0027397260273972603,0.9,0.8,0.8,0.2654988085709081,19.477187912338767,0.0963613095238296,0.6061653338064115,0.5610993762659671,0.9463370870972696,0.06707651591330274,0.008863363520576617,0.10040471801971895,0.4,4,4.440211486816407,0.21654580711304156,6.698358464735201,1.3671875,87.3046875,58.3984375,84.1796875,99.8046875,28.7109375,20.5078125,29.4921875,77.5390625,87.3046875,41.2109375,0.4755859375,0.4169921875
2000,20.79888541754272,0.5,0.02618,0.0068,0.001428,0.0034,0.000476,0.00136,0.000408,0.0027397260273972603,0.9,0.8,0.8,0.2839122499975857,16.990437769015138,0.08178977017017161,0.5685882499594429,0.5843473435173839,0.9396029176349661,0.06473748738890134,0.008966990715555956,0.0831616895225937,0.4,4,3.864537658691407,0.19276952329735111,6.698358464735201,70.1171875,68.5546875,77.1484375,15.4296875,93.5546875,72.4609375,51.7578125,10.7421875,46.2890625,81.0546875,9.9609375,0.1943359375,0.3232421875
2000,23.018357975646488,0.5,0.02618,0.0068,0.001428,0.0034,0.000476,0.00136,0.000408,0.0027397260273972603,0.9,0.8,0.8,0.31337375628026987,18.79898332779596,0.09075687131088421,0.6287115841145926,0.6463419228544955,0.9934762733333935,0.0585000779904976,0.008137973155721241,0.09235797138772717,0.4,4,4.283209533691407,0.21390399780018707,6.698358464735201,20.1171875,18.5546875,27.1484375,65.4296875,43.5546875,22.4609375,1.7578125,60.7421875,96.2890625,31.0546875,59.9609375,0.4443359375,0.0732421875
2000,21.908621696594604,0.5,0.02618,0.0068,0.001428,0.0034,0.000476,0.00136,0.000408,0.0027397260273972603,0.9,0.8,0.8,0.2691814968562436,19.70325610718637,0.09524042188124052,0.5986499170370178,0.6773392125230513,0.9126662397857523,0.06161878268969947,0.008552481935638599,0.09695611232029391,0.4,4,4.4925454711914075,0.22447123505160504,6.698358464735201,95.1171875,43.5546875,52.1484375,90.4296875,68.5546875,97.4609375,26.7578125,35.7421875,71.2890625,6.0546875,84.9609375,0.0693359375,0.1982421875
2000,24.128094254698375,0.5,0.02618,0.0068,0.001428,0.0034,0.000476,0.00136,0.000408,0.0027397260273972603,0.9,0.8,0.8,0.2986430031389278,17.89471054840555,0.0862733207405279,0.6587732511921675,0.6153446331859398,0.9665395954841798,0.06785619208810321,0.007723464375803885,0.08775983045516043,0.4,4,4.073873596191407,0.2033367605487691,6.698358464735201,45.1171875,93.5546875,2.1484375,40.4296875,18.5546875,47.4609375,76.7578125,85.7421875,21.2890625,56.0546875,34.9609375,0.3193359375,0.4482421875
2000,21.353753557068664,0.5,0.02618,0.0068,0.001428,0.0034,0.000476,0.00136,0.000408,0.0027397260273972603,0.9,0.8,0.8,0.3207391328509409,16.538301379319932,0.09299864659606236,0.5836190834982303,0.5998459883516618,0.9530712565595729,0.06005943034009854,0.007930718765762563,0.09465704185401054,0.4,4,4.597213439941407,0.20862037917447807,6.698358464735201,57.6171875,6.0546875,14.6484375,27.9296875,6.0546875,84.9609375,14.2578125,23.2421875,58.7890625,68.5546875,22.4609375,0.3818359375,0.0107421875
2000,23.57322611517243,0.5,0.02618,0.0068,0.001428,0.0034,0.000476,0.00136,0.000408,0.0027397260273972603,0.9,0.8,0.8,0.29127762656825673,18.346846938100754,0.08403154545534976,0.64374241765338,0.6618405676887734,0.8991979008611455,0.06629683973850228,0.008759736325597277,0.08546075998887706,0.4,4,4.1785415649414075,0.22975485367731402,6.698358464735201,7.6171875,56.0546875,64.6484375,77.9296875,56.0546875,34.9609375,64.2578125,73.2421875,8.7890625,18.5546875,72.4609375,0.1318359375,0.2607421875
2000,20.24401727801678,0.5,0.02618,0.0068,0.001428,0.0034,0.000476,0.00136,0.000408,0.0027397260273972603,0.9,0.8,0.8,0.3060083797095988,19.251119717491164,0.08851509602570606,0.5535574164206555,0.6308432780202177,0.9800079344087866,0.0631781350393004,0.007516209985845206,0.09005890092144381,0.4,4,3.9692056274414074,0.21918761642589604,6.698358464735201,82.6171875,81.0546875,39.6484375,52.9296875,31.0546875,59.9609375,89.2578125,48.2421875,33.7890625,43.5546875,97.4609375,0.2568359375,0.3857421875
2000,22.463489836120548,0.5,0.02618,0.0068,0.001428,0.0034,0.000476,0.00136,0.000408,0.0027397260273972603,0.9,0.8,0.8,0.27654687342691464,17.442574158710343,0.09748219716641866,0.6136807505758052,0.5688486986831061,0.9261345787103592,0.05694072564089666,0.00834522754567992,0.09925518278657727,0.4,4,4.387877502441407,0.19805314192306012,6.698358464735201,32.6171875,31.0546875,89.6484375,2.9296875,81.0546875,9.9609375,39.2578125,98.2421875,83.7890625,93.5546875,47.4609375,0.0068359375,0.1357421875
2000,20.105300243135297,0.5,0.02618,0.0068,0.001428,0.0034,0.000476,0.00136,0.000408,0.0027397260273972603,0.9,0.8,0.8,0.3041670355669311,16.42526728189613,0.08347110163405522,0.6174384589605021,0.6192192943945092,0.9833750191399384,0.057330563728296896,0.007878905168272894,0.08373645713916454,0.4,4,4.5187124633789075,0.19144861864092388,6.698358464735201,54.4921875,84.1796875,30.2734375,18.5546875,77.9296875,56.8359375,4.8828125,76.3671875,68.1640625,65.4296875,50.5859375,0.3974609375,0.1826171875
2000,22.324772801239064,0.5,0.02618,0.0068,0.001428,0.0034,0.000476,0.00136,0.000408,0.0027397260273972603,0.9,0.8,0.8,0.27470552928424685,18.23381284067695,0.09243820277476783,0.5573151248053524,0.6812138737316208,0.929501663441511,0.06356797312670064,0.008707922728107609,0.09293273900429802,0.4,4,4.100040588378907,0.2125830931437598,6.698358464735201,4.4921875,34.1796875,80.2734375,68.5546875,27.9296875,6.8359375,54.8828125,26.3671875,18.1640625,15.4296875,0.5859375,0.1474609375,0.4326171875
2000,21.21503652218718,0.5,0.02618,0.0068,0.001428,0.0034,0.000476,0.00136,0.000408,0.0027397260273972603,0.9,0.8,0.8,0.3188977887082732,19.13808562006736,0.09692175334512412,0.6475001260380769,0.650216584063065,0.9564383412907247,0.06668667782590251,0.007464396388355536,0.09753087993686475,0.4,4,3.890704650878907,0.2231503303951778,6.698358464735201,79.4921875,9.1796875,5.2734375,93.5546875,52.9296875,81.8359375,79.8828125,51.3671875,43.1640625,40.4296875,25.5859375,0.2724609375,0.3076171875
2000,23.434509080290944,0.5,0.02618,0.0068,0.001428,0.0034,0.000476,0.00136,0.000408,0.0027397260273972603,0.9,0.8,0.8,0.28943628242558894,17.32954006128654,0.08795465220441152,0.5873767918829272,0.5882220047259534,0.9025649855922973,0.060449268427498766,0.008293413948190251,0.08833459807173127,0.4,4,4.309376525878907,0.20201585589234183,6.698358464735201,29.4921875,59.1796875,55.2734375,43.5546875,2.9296875,31.8359375,29.8828125,1.3671875,93.1640625,90.4296875,75.5859375,0.0224609375,0.0576171875
2000,21.76990466171312,0.5,0.02618,0.0068,0.001428,0.0034,0.000476,0.00136,0.000408,0.0027397260273972603,0.9,0.8,0.8,0.2673401527135758,16.877403671591335,0.09019642748958967,0.6324692924992895,0.5727233598916756,0.9160333245169041,0.06824603017550344,0.008915177118066287,0.09523180947058138,0.4,4,3.7860366821289073,0.20729947451805084,6.698358464735201,66.9921875,46.6796875,67.7734375,31.0546875,15.4296875,94.3359375,67.3828125,88.8671875,30.6640625,77.9296875,63.0859375,0.2099609375,0.4951171875
2000,23.989377219816888,0.5,0.02618,0.0068,0.001428,0.0034,0.000476,0.00136,0.000408,0.0027397260273972603,0.9,0.8,0.8,0.29680165899626004,18.685949230372156,0.08122932634887707,0.5723459583441398,0.6347179392287872,0.9699066802153316,0.062008620777099704,0.008086159558231573,0.08603552760544791,0.4,4,4.204708557128908,0.22843394902088676,6.698358464735201,16.9921875,96.6796875,17.7734375,81.0546875,65.4296875,44.3359375,17.3828125,38.8671875,80.6640625,27.9296875,13.0859375,0.4599609375,0.2451171875
2000,20.660168382661237,0.5,0.02618,0.0068,0.001428,0.0034,0.000476,0.00136,0.000408,0.0027397260273972603,0.9,0.8,0.8,0.2820709058549179,19.590222009762567,0.08571287691923336,0.6024076254217147,0.6657152288973429,0.9429700023661178,0.058889916077897835,0.00850066833814893,0.09063366853801465,0.4,4,4.414044494628907,0.2178667117694688,6.698358464735201,91.9921875,71.6796875,92.7734375,56.0546875,40.4296875,69.3359375,42.3828125,63.8671875,55.6640625,2.9296875,38.0859375,0.0849609375,0.1201171875
2000,22.879640940765004,0.5,0.02618,0.0068,0.001428,0.0034,0.000476,0.00136,0.000408,0.0027397260273972603,0.9,0.8,0.8,0.31153241213760213,17.781676450981745,0.09467997805994598,0.542284291266565,0.6037206495602313,0.9968433580645453,0.06512732547630158,0.007671650778314215,0.09982995040314811,0.4,4,3.995372619628907,0.19673223726663286,6.698358464735201,41.9921875,21.6796875,42.7734375,6.0546875,90.4296875,19.3359375,92.3828125,13.8671875,5.6640625,52.9296875,88.0859375,0.3349609375,0.3701171875
2000,21.49247059195015,0.5,0.02618,0.0068,0.001428,0.0034,0.000476,0.00136,0.000408,0.0027397260273972603,0.9,0.8,0.8,0.30048434728159557,18.91201742521976,0.08235021399146614,0.6249538757298958,0.6114699719773703,0.8958308161299938,0.06746635400070297,0.007568023583334875,0.08488599237230622,0.4,4,4.257042541503907,0.2205085210823233,6.698358464735201,85.7421875,27.9296875,24.0234375,99.8046875,96.6796875,75.5859375,36.1328125,45.1171875,74.4140625,59.1796875,56.8359375,0.1162109375,0.4013671875
2000,23.711943150053916,0.5,0.02618,0.0068,0.001428,0.0034,0.000476,0.00136,0.000408,0.0027397260273972603,0.9,0.8,0.8,0.27102284099891133,17.103471866438937,0.09131731513217875,0.5648305415747461,0.6734645513144819,0.9497041718284213,0.06122894460229924,0.00839704114316959,0.0940822742374397,0.4,4,3.838370666503907,0.19937404657948735,6.698358464735201,35.7421875,77.9296875,74.0234375,49.8046875,46.6796875,25.5859375,86.1328125,95.1171875,24.4140625,9.1796875,6.8359375,0.3662109375,0.1513671875
2000,20.382734312898265,0.5,0.02618,0.0068,0.001428,0.0034,0.000476,0.00136,0.000408,0.0027397260273972603,0.9,0.8,0.8,0.31521510042293766,18.007744645829348,0.09580086570253506,0.6550155428074707,0.642467261645926,0.9227674939792075,0.05811023990309736,0.007982532363252233,0.09868041517000643,0.4,4,4.047706604003907,0.20994128383090532,6.698358464735201,60.7421875,52.9296875,49.0234375,24.8046875,71.6796875,50.5859375,61.1328125,20.1171875,49.4140625,34.1796875,31.8359375,0.2412109375,0.0263671875
2000,22.602206871002032,0.5,0.02618,0.0068,0.001428,0.0034,0.000476,0.00136,0.000408,0.0027397260273972603,0.9,0.8,0.8,0.2857535941402534,19.81629020461017,0.08683376456182244,0.594892208652321,0.5804726823088144,0.976640849677635,0.06434764930150111,0.008811549923086947,0.08948413330487295,0.4,4,4.466378479003907,0.23107575833374128,6.698358464735201,10.7421875,2.9296875,99.0234375,74.8046875,21.6796875,0.5859375,11.1328125,70.1171875,99.4140625,84.1796875,81.8359375,0.4912109375,0.2763671875
2000,20.93760245242421,0.5,0.02618,0.0068,0.001428,0.0034,0.000476,0.00136,0.000408,0.0027397260273972603,0.9,0.8,0.8,0.2783882175695824,18.459881035524553,0.0935590904173569,0.6399847092686832,0.5649740374745366,0.9901091886022418,0.05655088755349643,0.008604295533128269,0.09638134470372306,0.4,4,4.152374572753907,0.22579213970803227,6.698358464735201,98.2421875,90.4296875,86.5234375,62.3046875,9.1796875,63.0859375,98.6328125,32.6171875,36.9140625,96.6796875,69.3359375,0.3037109375,0.2138671875
2000,23.157075010527976,0.5,0.02618,0.0068,0.001428,0.0034,0.000476,0.00136,0.000408,0.0027397260273972603,0.9,0.8,0.8,0.3078497238522666,16.651335476743732,0.0845919892766443,0.5798613751135335,0.6269686168116482,0.9362358329038144,0.06278829695190018,0.007775277973293554,0.0871850628385896,0.4,4,4.571046447753908,0.20465766520519635,6.698358464735201,48.2421875,40.4296875,36.5234375,12.3046875,59.1796875,13.0859375,48.6328125,82.6171875,86.9140625,46.6796875,19.3359375,0.0537109375,0.4638671875
2000,22.047338731476092,0.5,0.02618,0.0068,0.001428,0.0034,0.000476,0.00136,0.000408,0.0027397260273972603,0.9,0.8,0.8,0.2931189707109245,17.555608256134143,0.08907553984700059,0.6099230421911084,0.6579659064802039,0.9631725107530281,0.06590700165110204,0.009018804313045626,0.09178320377115633,0.4,4,4.361710510253907,0.19409042795377837,6.698358464735201,73.2421875,15.4296875,61.5234375,37.3046875,34.1796875,88.0859375,23.6328125,7.6171875,61.9140625,21.6796875,44.3359375,0.4287109375,0.3388671875
2000,24.26681128957986,0.5,0.02618,0.0068,0.001428,0.0034,0.000476,0.00136,0.000408,0.0027397260273972603,0.9,0.8,0.8,0.3225804769936087,19.364153814914964,0.0980426409877132,0.5497997080359587,0.5959713271430924,0.9092991550546007,0.0596695922526983,0.008189786753210911,0.1009794856362898,0.4,4,3.9430386352539073,0.2152249024566143,6.698358464735201,23.2421875,65.4296875,11.5234375,87.3046875,84.1796875,38.0859375,73.6328125,57.6171875,11.9140625,71.6796875,94.3359375,0.1787109375,0.0888671875
2000,21.00696096986495,0.5,0.02618,0.0068,0.001428,0.0034,0.000476,0.00136,0.000408,0.0027397260273972603,0.9,0.8,0.8,0.29403964278225836,19.08156857135546,0.09664153143447686,0.5704671041517914,0.6599032370844887,0.9816914767743625,0.064152730257801,0.007801184772038389,0.09666872851200849,0.4,4,3.9561221313476573,0.22248987806696416,6.698358464735201,27.9296875,76.3671875,22.4609375,10.7421875,32.6171875,17.7734375,78.3203125,74.8046875,32.2265625,85.7421875,80.2734375,0.1240234375,0.4091796875
2000,23.226433527968716,0.5,0.02618,0.0068,0.001428,0.0034,0.000476,0.00136,0.000408,0.0027397260273972603,0.9,0.8,0.8,0.3235011490649426,17.27302301257464,0.08767443029376425,0.6305904383069411,0.5979086577473771,0.9278181210759351,0.05791532085939725,0.008630202331873104,0.08747244664687501,0.4,4,4.374794006347657,0.20135540356412823,6.698358464735201,77.9296875,26.3671875,72.4609375,60.7421875,82.6171875,67.7734375,28.3203125,24.8046875,82.2265625,35.7421875,30.2734375,0.3740234375,0.1591796875
2000,22.116697248916836,0.5,0.02618,0.0068,0.001428,0.0034,0.000476,0.00136,0.000408,0.0027397260273972603,0.9,0.8,0.8,0.27930888964091627,16.36875023318423,0.08319087972340795,0.6005287712293662,0.5669113680788213,0.9547547989251488,0.06103402555859912,0.008215693551955746,0.08287430571430827,0.4,4,4.584129943847657,0.19078816631271026,6.698358464735201,2.9296875,1.3671875,47.4609375,85.7421875,7.6171875,42.7734375,3.3203125,99.8046875,57.2265625,10.7421875,5.2734375,0.2490234375,0.0341796875
2000,24.336169807020603,0.5,0.02618,0.0068,0.001428,0.0034,0.000476,0.00136,0.000408,0.0027397260273972603,0.9,0.8,0.8,0.30877039592360045,18.17729579196505,0.09215798086412055,0.6606521053845159,0.6289059474159329,0.9008814432267214,0.06727143495700286,0.009044711111790461,0.09207058757944175,0.4,4,4.1654580688476575,0.21192264081554618,6.698358464735201,52.9296875,51.3671875,97.4609375,35.7421875,57.6171875,92.7734375,53.3203125,49.8046875,7.2265625,60.7421875,55.2734375,0.4990234375,0.2841796875
2000,21.561829109390892,0.5,0.02618,0.0068,0.001428,0.0034,0.000476,0.00136,0.000408,0.0027397260273972603,0.9,0.8,0.8,0.31613577249427155,19.533704961050667,0.0854326550085861,0.5854979376905788,0.6444045922502109,0.9143497821513282,0.059474673208998186,0.008422947941914425,0.08977151711315838,0.4,4,4.479461975097657,0.21720625944125518,6.698358464735201,40.4296875,38.8671875,84.9609375,48.2421875,70.1171875,30.2734375,40.8203125,62.3046875,69.7265625,73.2421875,92.7734375,0.3115234375,0.2216796875
2000,23.78130166749466,0.5,0.02618,0.0068,0.001428,0.0034,0.000476,0.00136,0.000408,0.0027397260273972603,0.9,0.8,0.8,0.2866742662115873,17.725159402269846,0.09439975614929871,0.6456212718457285,0.5824100129130992,0.9682231378497557,0.06571208260740193,0.00759393038207971,0.09896779897829186,0.4,4,4.060790100097657,0.19607178493841923,6.698358464735201,90.4296875,88.8671875,34.9609375,98.2421875,20.1171875,80.2734375,90.8203125,12.3046875,19.7265625,23.2421875,42.7734375,0.0615234375,0.4716796875
2000,20.45209283033901,0.5,0.02618,0.0068,0.001428,0.0034,0.000476,0.00136,0.000408,0.0027397260273972603,0.9,0.8,0.8,0.3014050193529294,16.820886622879435,0.08991620557894241,0.5554362706130039,0.613407302581655,0.941286460000542,0.06259337790820005,0.008837456721831782,0.09436965804572511,0.4,4,3.851454162597657,0.2066390221898372,6.698358464735201,15.4296875,63.8671875,59.9609375,73.2421875,95.1171875,5.2734375,65.8203125,87.3046875,44.7265625,48.2421875,17.7734375,0.4365234375,0.3466796875
2000,22.671565388442776,0.5,0.02618,0.0068,0.001428,0.0034,0.000476,0.00136,0.000408,0.0027397260273972603,0.9,0.8,0.8,0.2719435130702452,18.629432181660256,0.0809491044382298,0.6155596047681536,0.6754018819187666,0.9951598156989694,0.05635596850979631,0.008008439161997068,0.08517337618059165,0.4,4,4.270126037597657,0.22777349669267316,6.698358464735201,65.4296875,13.8671875,9.9609375,23.2421875,45.1171875,55.2734375,15.8203125,37.3046875,94.7265625,98.2421875,67.7734375,0.1865234375,0.0966796875
2000,21.839263179153864,0.5,0.02618,0.0068,0.001428,0.0034,0.000476,0.00136,0.000408,0.0027397260273972603,0.9,0.8,0.8,0.2829915779262518,17.951227597117448,0.09552064379188778,0.5629516873823976,0.6521539146673497,0.8941472737644179,0.06025434938379865,0.008112066356976408,0.09781826374515017,0.4,4,4.008456115722657,0.2092808315026917,6.698358464735201,9.1796875,32.6171875,28.7109375,79.4921875,38.8671875,49.0234375,59.5703125,6.0546875,25.9765625,91.9921875,86.5234375,0.4052734375,0.1279296875
2000,24.05873573725763,0.5,0.02618,0.0068,0.001428,0.0034,0.000476,0.00136,0.000408,0.0027397260273972603,0.9,0.8,0.8,0.312453084208936,19.75977315589827,0.08655354265117518,0.6230750215375473,0.5901593353302381,0.9480206294628454,0.0664917587822024,0.008941083916811123,0.0886219818800167,0.4,4,4.427127990722657,0.23041530600552765,6.698358464735201,59.1796875,82.6171875,78.7109375,29.4921875,88.8671875,99.0234375,9.5703125,56.0546875,75.9765625,41.9921875,36.5234375,0.1552734375,0.3779296875
2000,20.72952690010198,0.5,0.02618,0.0068,0.001428,0.0034,0.000476,0.00136,0.000408,0.0027397260273972603,0.9,0.8,0.8,0.2682608247849097,18.85550037650786,0.08206999208081887,0.5930133544599725,0.5591620456616824,0.9210839516136317,0.06337305408300052,0.00769755757705905,0.08402384094744997,0.4,4,4.217792053222658,0.21984806875410967,6.698358464735201,34.1796875,57.6171875,3.7109375,4.4921875,13.8671875,24.0234375,34.5703125,31.0546875,50.9765625,16.9921875,11.5234375,0.2802734375,0.2529296875
2000,22.948999458205748,0.5,0.02618,0.0068,0.001428,0.0034,0.000476,0.00136,0.000408,0.0027397260273972603,0.9,0.8,0.8,0.2977223310675939,17.046954817727038,0.09103709322153147,0.6531366886151222,0.621156624998794,0.9749573073120591,0.05713564468459678,0.008526575136893765,0.09322012281258343,0.4,4,3.7991201782226574,0.19871359425127372,6.698358464735201,84.1796875,7.6171875,53.7109375,54.4921875,63.8671875,74.0234375,84.5703125,81.0546875,0.9765625,66.9921875,61.5234375,0.0302734375,0.0029296875
2000,20.174658760576037,0.5,0.02618,0.0068,0.001428,0.0034,0.000476,0.00136,0.000408,0.0027397260273972603,0.9,0.8,0.8,0.31981846077960707,17.499091207422243,0.08879531793635333,0.5779825209211851,0.6366552698330719,0.988425646236666,0.06493240643260145,0.008733829526852442,0.09092105234630006,0.4,4,4.322460021972657,0.19342997562556474,6.698358464735201,21.6796875,95.1171875,66.2109375,66.9921875,51.3671875,11.5234375,22.0703125,18.5546875,63.4765625,54.4921875,99.0234375,0.2177734375,0.4404296875
2000,22.394131318679804,0.5,0.02618,0.0068,0.001428,0.0034,0.000476,0.00136,0.000408,0.0027397260273972603,0.9,0.8,0.8,0.29035695449692284,19.307636766203064,0.09776241907706593,0.6381058550763348,0.5746606904959602,0.9345522905382385,0.05869499703419771,0.007904811967017727,0.10011733421143354,0.4,4,3.903788146972657,0.2145644501284007,6.698358464735201,71.6796875,45.1171875,16.2109375,16.9921875,1.3671875,61.5234375,72.0703125,68.5546875,13.4765625,4.4921875,49.0234375,0.4677734375,0.1904296875
2000,21.28439503962792,0.5,0.02618,0.0068,0.001428,0.0034,0.000476,0.00136,0.000408,0.0027397260273972603,0.9,0.8,0.8,0.305087707638265,18.403363986812654,0.09327886850670963,0.5479208538436102,0.6056579801645161,0.9614889683874522,0.06181370173339959,0.008319320746935085,0.0955191932788668,0.4,4,4.113124084472657,0.22513168737981865,6.698358464735201,46.6796875,20.1171875,91.2109375,41.9921875,76.3671875,36.5234375,97.0703125,43.5546875,38.4765625,29.4921875,24.0234375,0.0927734375,0.0654296875
2000,23.503867597731688,0.5,0.02618,0.0068,0.001428,0.0034,0.000476,0.00136,0.000408,0.0027397260273972603,0.9,0.8,0.8,0.27562620135558075,16.594818428031832,0.08431176736599702,0.6080441879987599,0.6676525595016276,0.9076156126890248,0.06805111113180333,0.007490303187100371,0.08632291141373333,0.4,4,4.531795959472658,0.20399721287698272,6.698358464735201,96.6796875,70.1171875,41.2109375,91.9921875,26.3671875,86.5234375,47.0703125,93.5546875,88.4765625,79.4921875,74.0234375,0.3427734375,0.3154296875
2000,21.145678004746436,0.5,0.02618,0.0068,0.001428,0.0034,0.000476,0.00136,0.000408,0.0027397260273972603,0.9,0.8,0.8,0.3069290517809327,17.38605710999844,0.09832286289836048,0.6268327299222443,0.6250312862073635,0.964856053118604,0.06844094921920356,0.008785643124342112,0.098393031361721,0.4,4,4.348627014160157,0.21060173615911895,6.698358464735201,18.5546875,16.9921875,75.5859375,76.3671875,29.4921875,33.3984375,6.4453125,84.1796875,60.3515625,51.3671875,27.1484375,0.2021484375,0.3623046875
2000,23.365150562850204,0.5,0.02618,0.0068,0.001428,0.0034,0.000476,0.00136,0.000408,0.0027397260273972603,0.9,0.8,0.8,0.2774675454982485,19.19460266877926,0.08935576175764787,0.5667093957670946,0.5630367068702519,0.9109826974201766,0.06220353982079982,0.007956625564507398,0.08919674949658754,0.4,4,3.9299551391601573,0.23173621066195488,6.698358464735201,68.5546875,66.9921875,25.5859375,26.3671875,79.4921875,83.3984375,56.4453125,34.1796875,10.3515625,1.3671875,77.1484375,0.4521484375,0.1123046875
2000,20.035941725694553,0.5,0.02618,0.0068,0.001428,0.0034,0.000476,0.00136,0.000408,0.0027397260273972603,0.9,0.8,0.8,0.3216598049222748,18.29032988938885,0.08487221118729156,0.6568943969998191,0.5940339965388076,0.9917927309678177,0.05908483512159795,0.008371134344424755,0.08459860856402081,0.4,4,4.139291076660157,0.22116897341053693,6.698358464735201,43.5546875,91.9921875,50.5859375,1.3671875,4.4921875,8.3984375,81.4453125,59.1796875,35.3515625,26.3671875,52.1484375,0.0771484375,0.2373046875
2000,22.25541428379832,0.5,0.02618,0.0068,0.001428,0.0034,0.000476,0.00136,0.000408,0.0027397260273972603,0.9,0.8,0.8,0.2921982986395906,16.481784330608033,0.09383931232800417,0.5967710628446694,0.6560285758759192,0.9379193752693903,0.0653222445200017,0.00754211678459004,0.09379489042915427,0.4,4,4.557962951660157,0.20003449890770097,6.698358464735201,93.5546875,41.9921875,0.5859375,51.3671875,54.4921875,58.3984375,31.4453125,9.1796875,85.3515625,76.3671875,2.1484375,0.3271484375,0.4873046875
2000,20.590809865220493,0.5,0.02618,0.0068,0.001428,0.0034,0.000476,0.00136,0.000408,0.0027397260273972603,0.9,0.8,0.8,0.27010216892757744,17.838193499693645,0.0871139864724697,0.6418635634610317,0.6715272207101971,0.9244510363447834,0.05752548277199701,0.008163879954466076,0.0914958199628709,0.4,4,4.034623107910157,0.194750880281992,6.698358464735201,6.0546875,54.4921875,13.0859375,63.8671875,66.9921875,20.8984375,68.9453125,96.6796875,47.8515625,88.8671875,39.6484375,0.3896484375,0.0498046875
2000,22.81028242332426,0.5,0.02618,0.0068,0.001428,0.0034,0.000476,0.00136,0.000408,0.0027397260273972603,0.9,0.8,0.8,0.29956367521026167,19.646739058474466,0.09608108761318232,0.581740229305882,0.6095326413730855,0.9783243920432109,0.06376289217040075,0.008992897514300791,0.10069210182800438,0.4,4,4.453294982910157,0.21588535478482793,6.698358464735201,56.0546875,4.4921875,63.0859375,13.8671875,16.9921875,70.8984375,18.9453125,46.6796875,97.8515625,38.8671875,89.6484375,0.1396484375,0.2998046875
2000,21.700546144272376,0.5,0.02618,0.0068,0.001428,0.0034,0.000476,0.00136,0.000408,0.0027397260273972603,0.9,0.8,0.8,0.2848329220689196,18.742466279084056,0.09159753704282601,0.6118018963834568,0.5785353517045297,0.8975143584955697,0.06688159686960263,0.007749371174548719,0.09609396089543765,0.4,4,4.243959045410157,0.2264525920362459,6.698358464735201,31.0546875,29.4921875,38.0859375,38.8671875,91.9921875,45.8984375,43.9453125,71.6796875,72.8515625,13.8671875,64.6484375,0.2646484375,0.4248046875
2000,23.920018702376144,0.5,0.02618,0.0068,0.001428,0.0034,0.000476,0.00136,0.000408,0.0027397260273972603,0.9,0.8,0.8,0.31429442835160376,16.933920720303238,0.08263043590211341,0.5516785622283071,0.6405299310416414,0.9513877141939971,0.06064418747119889,0.008578388734383434,0.08689767903030417,0.4,4,3.825287170410157,0.20531811753340995,6.698358464735201,81.0546875,79.4921875,88.0859375,88.8671875,41.9921875,95.8984375,93.9453125,21.6796875,22.8515625,63.8671875,14.6484375,0.0146484375,0.1748046875
2000,20.313375795457524,0.5,0.02618,0.0068,0.001428,0.0034,0.000476,0.00136,0.000408,0.0027397260273972603,0.9,0.8,0.8,0.29588098692492615,19.872807253322073,0.09496019997059324,0.6193173131528505,0.6327806086245024,0.9446535447316937,0.056745806597196545,0.008474761539404095,0.09724349612857933,0.4,4,4.400960998535157,0.22381078272339142,6.698358464735201,49.8046875,73.2421875,69.3359375,7.6171875,48.2421875,2.1484375,25.1953125,40.4296875,54.1015625,70.1171875,33.3984375,0.2958984375,0.0810546875
2000,22.532848353561292,0.5,0.02618,0.0068,0.001428,0.0034,0.000476,0.00136,0.000408,0.0027397260273972603,0.9,0.8,0.8,0.2664194806422419,18.06426169454125,0.08599309882988064,0.5591939789977008,0.5707860292873908,0.9985269004301212,0.06298321599560029,0.00764574397956938,0.08804721426344586,0.4,4,3.982289123535157,0.20267630822055546,6.698358464735201,99.8046875,23.2421875,19.3359375,57.6171875,98.2421875,52.1484375,75.1953125,90.4296875,4.1015625,20.1171875,83.3984375,0.0458984375,0.3310546875
2000,21.423112074509408,0.5,0.02618,0.0068,0.001428,0.0034,0.000476,0.00136,0.000408,0.0027397260273972603,0.9,0.8,0.8,0.31061174006626824,17.15998891515084,0.08150954825952433,0.6493789802304254,0.6017833189559466,0.91771686688248,0.06610192069480215,0.008889270319321452,0.08344907333087911,0.4,4,3.7729531860351573,0.1921090709691375,6.698358464735201,24.8046875,48.2421875,94.3359375,82.6171875,23.2421875,27.1484375,50.1953125,15.4296875,29.1015625,45.1171875,58.3984375,0.4208984375,0.4560546875
2000,23.642584632613175,0.5,0.02618,0.0068,0.001428,0.0034,0.000476,0.00136,0.000408,0.0027397260273972603,0.9,0.8,0.8,0.28115023378358406,18.968534473931662,0.09047664940023695,0.5892556460752757,0.6637778982930582,0.9715902225809074,0.059864511296398415,0.008060252759486738,0.0926453551960126,0.4,4,4.1916250610351575,0.21324354547197344,6.698358464735201,74.8046875,98.2421875,44.3359375,32.6171875,73.2421875,77.1484375,0.1953125,65.4296875,79.1015625,95.1171875,8.3984375,0.1708984375,0.2060546875
2000,21.977980214035348,0.5,0.02618,0.0068,0.001428,0.0034,0.000476,0.00136,0.000408,0.0027397260273972603,0.9,0.8,0.8,0.27378485721291296,19.420670863626867,0.08823487411505879,0.634348146691638,0.6792765431273361,0.9581218836563006,0.0676612730444031,0.007852998369528059,0.09034628472972922,0.4,4,3.877621154785157,0.2185271640976824,6.698358464735201,37.3046875,10.7421875,31.8359375,45.1171875,60.7421875,39.6484375,87.6953125,27.9296875,41.6015625,82.6171875,45.8984375,0.1083984375,0.2685546875
2000,24.197452772139115,0.5,0.02618,0.0068,0.001428,0.0034,0.000476,0.00136,0.000408,0.0027397260273972603,0.9,0.8,0.8,0.3032463634955972,17.612125304846046,0.0972019752557714,0.5742248125364883,0.6172819637902245,0.9042485279578731,0.06142386364599935,0.008682015929362774,0.0995425665948627,0.4,4,4.296293029785157,0.1973926895948465,6.698358464735201,87.3046875,60.7421875,81.8359375,95.1171875,10.7421875,89.6484375,37.6953125,77.9296875,91.6015625,32.6171875,95.8984375,0.3583984375,0.0185546875
2000,20.868243934983465,0.5,0.02618,0.0068,0.001428,0.0034,0.000476,0.00136,0.000408,0.0027397260273972603,0.9,0.8,0.8,0.2885156103542551,16.707852525455635,0.0927184246854151,0.6042864796140631,0.5862846741216686,0.9850585615055143,0.05830515894679748,0.008267507149445416,0.09494442566229597,0.4,4,4.5056289672851575,0.20795992684626446,6.698358464735201,12.3046875,85.7421875,6.8359375,70.1171875,85.7421875,14.6484375,12.6953125,2.9296875,66.6015625,7.6171875,70.8984375,0.2333984375,0.1435546875
2000,23.087716493087232,0.5,0.02618,0.0068,0.001428,0.0034,0.000476,0.00136,0.000408,0.0027397260273972603,0.9,0.8,0.8,0.3179771166369393,18.516398084236457,0.08375132354470248,0.5441631454589134,0.6482792534587802,0.9311852058070869,0.06454256834520122,0.009096524709280131,0.08574814379716249,0.4,4,4.086957092285157,0.2290944013491004,6.698358464735201,62.3046875,35.7421875,56.8359375,20.1171875,35.7421875,64.6484375,62.6953125,52.9296875,16.6015625,57.6171875,20.8984375,0.4833984375,0.3935546875
2000,20.41741357161864,0.5,0.02618,0.0068,0.001428,0.0034,0.000476,0.00136,0.000408,0.0027397260273972603,0.9,0.8,0.8,0.31751678060127236,19.279378241847112,0.09061676035556057,0.6352875737878121,0.6259999515095058,0.9219257227964196,0.06775873256625316,0.007632790580196963,0.09163951186701362,0.4,4,4.067331848144532,0.19111839247681706,6.698358464735201,5.2734375,53.7109375,62.3046875,27.1484375,84.9609375,56.0546875,65.0390625,39.6484375,31.4453125,13.0859375,43.5546875,0.0654296875,0.4443359375
2000,22.636886129722406,0.5,0.02618,0.0068,0.001428,0.0034,0.000476,0.00136,0.000408,0.0027397260273972603,0.9,0.8,0.8,0.28805527431858813,17.47083268306629,0.08164965921484797,0.5751642396326624,0.5640053721723942,0.975799078494847,0.06152132316784941,0.008461808140031677,0.10083579373214709,0.4,4,4.486003723144532,0.212252866979653,6.698358464735201,55.2734375,3.7109375,12.3046875,77.1484375,34.9609375,6.0546875,15.0390625,89.6484375,81.4453125,63.0859375,93.5546875,0.3154296875,0.1943359375
2000,21.527149850670522,0.5,0.02618,0.0068,0.001428,0.0034,0.000476,0.00136,0.000408,0.0027397260273972603,0.9,0.8,0.8,0.3027860274599302,16.56655990367588,0.08613320978520428,0.6052259067102372,0.59500266184095,0.8949890449472059,0.05840261846864754,0.00804729936011432,0.09623765279958035,0.4,4,4.276667785644532,0.22282010423107096,6.698358464735201,30.2734375,28.7109375,87.3046875,52.1484375,59.9609375,81.0546875,40.0390625,14.6484375,56.4453125,88.0859375,68.5546875,0.1904296875,0.0693359375
2000,23.74662240877429,0.5,0.02618,0.0068,0.001428,0.0034,0.000476,0.00136,0.000408,0.0027397260273972603,0.9,0.8,0.8,0.27332452117724604,18.375105462456702,0.09510031092591688,0.5451025725550875,0.6569972411780616,0.9488624006456333,0.06464002786705128,0.008876316919949034,0.08704137093444689,0.4,4,3.857995910644532,0.20168562972823503,6.698358464735201,80.2734375,78.7109375,37.3046875,2.1484375,9.9609375,31.0546875,90.0390625,64.6484375,6.4453125,38.0859375,18.5546875,0.4404296875,0.3193359375
2000,22.082017990196462,0.5,0.02618,0.0068,0.001428,0.0034,0.000476,0.00136,0.000408,0.0027397260273972603,0.9,0.8,0.8,0.2806898977479171,19.731514631542318,0.08389143450002612,0.6202567402490247,0.6724958860123396,0.9623307395702402,0.0568432661190466,0.008669062529990355,0.09853672326586373,0.4,4,4.381335754394533,0.20696924835394404,6.698358464735201,17.7734375,16.2109375,49.8046875,14.6484375,22.4609375,93.5546875,2.5390625,27.1484375,68.9453125,25.5859375,31.0546875,0.2529296875,0.1318359375
2000,24.30149054830023,0.5,0.02618,0.0068,0.001428,0.0034,0.000476,0.00136,0.000408,0.0027397260273972603,0.9,0.8,0.8,0.3101514040306013,17.922969072761497,0.09285853564073873,0.560133406093875,0.6105013066752278,0.9084573838718127,0.06308067551745035,0.00784004497015564,0.08934044140073025,0.4,4,3.9626638793945324,0.22810372285677996,6.698358464735201,67.7734375,66.2109375,99.8046875,64.6484375,72.4609375,43.5546875,52.5390625,77.1484375,18.9453125,75.5859375,81.0546875,0.0029296875,0.3818359375
2000,20.97228171114458,0.5,0.02618,0.0068,0.001428,0.0034,0.000476,0.00136,0.000408,0.0027397260273972603,0.9,0.8,0.8,0.265959144606575,17.018696293371086,0.09734208621109502,0.6503184073265995,0.5795040170066721,0.9892674174194539,0.06619938021665223,0.009083571309907713,0.08474230046816351,0.4,4,4.171999816894532,0.21753648560536198,6.698358464735201,42.7734375,91.2109375,24.8046875,89.6484375,47.4609375,68.5546875,77.5390625,2.1484375,43.9453125,50.5859375,56.0546875,0.3779296875,0.2568359375
2000,23.191754269248346,0.5,0.02618,0.0068,0.001428,0.0034,0.000476,0.00136,0.000408,0.0027397260273972603,0.9,0.8,0.8,0.2954206508892592,18.827241852151907,0.08837498507038243,0.5901950731714498,0.6414985963437837,0.9353940617210265,0.05996197081824847,0.008254553750072998,0.093938582333297,0.4,4,4.590671691894532,0.19640201110252606,6.698358464735201,92.7734375,41.2109375,74.8046875,39.6484375,97.4609375,18.5546875,27.5390625,52.1484375,93.9453125,0.5859375,6.0546875,0.1279296875,0.0068359375
