,"r","js",,"Relative err"
"1",0,0,0,"#DIV/0!"
"2",0,0,0,"#DIV/0!"
"3",0,0,0,"#DIV/0!"
"4",0,0,0,"#DIV/0!"
"5",0,0,0,"#DIV/0!"
"6",0,0,0,"#DIV/0!"
"7",0,0,0,"#DIV/0!"
"8",0,0,0,"#DIV/0!"
"9",0,0,0,"#DIV/0!"
"10",0,0,0,"#DIV/0!"
"11",0,0,0,"#DIV/0!"
"12",0,0,0,"#DIV/0!"
"13",0,0,0,"#DIV/0!"
"14",0,0,0,"#DIV/0!"
"15",134025.556861198,134025.573941755,-0.017080557328882,-1.2744253953424E-07
"16",1.78444227352156,1.78449874537182,-5.64718502604755E-05,-3.16467789955623E-05
"17",1.79821512923809,1.79826458165189,-4.94524138026087E-05,-2.75008329084417E-05
"18",3.65932799121947,3.66132270847447,-0.001994717255002,-0.000545104800605
"19",91.6703266309923,91.6881745698047,-0.017847938812381,-0.000194697013399
"20",231.366471352143,231.313889962097,0.052581390045845,0.000227264519956
"21",374.580302724877,374.522435582243,0.057867142634109,0.00015448527916
"22",528.003490644856,528.485175969952,-0.481685325096237,-0.000912276781557
"23",797.48085512605,798.306820567057,-0.825965441007043,-0.001035718206522
"24",1105.43616218076,1105.16925031159,0.266911869168098,0.000241453896932
"25",1400.95778221585,1400.59464053248,0.363141683370713,0.000259209583601
"26",1670.38962253631,1669.80842870721,0.581193829097629,0.000347939080354
"27",1824.6279643563,1824.07468562014,0.553278736156017,0.000303228245409
"28",1865.44379788608,1864.81636274559,0.627435140485659,0.000336346311369
"29",1875.7071357661,1875.00779467373,0.699341092370787,0.000372841302907
"30",1857.24002888612,1856.46978230766,0.77024657846323,0.000414726457799
"31",1755.1291595842,1756.17510432712,-1.04594474292162,-0.000595936052461
"32",1487.19043188557,1486.281259424,0.909172461575054,0.000611335604427
"33",1250.95072051138,1250.12963663306,0.821083878315676,0.000656367884724
"34",1055.25722588017,1054.49789642112,0.759329459051287,0.000719568120861
"35",888.511067815212,888.024534691533,0.486533123679351,0.000547582513379
"36",708.575039891817,708.25185251009,0.323187381727507,0.000456108899598
"37",555.720299237582,554.993027262535,0.727271975046847,0.001308701474545
"38",436.984989101009,436.441836075683,0.543153025326319,0.00124295579682
"39",344.052890069433,343.593916919985,0.458973149448354,0.001334019165936
"40",246.746064513252,246.326803107629,0.419261405622478,0.001699161469706
"41",152.550397706043,152.175680430228,0.374717275815328,0.002456350697541
"42",82.7281203528401,82.6773947808251,0.050725572014969,0.000613159972675
"43",29.1065940148255,28.987151217676,0.1194427971495,0.004103633598925
"44",4.84883813289343,4.78992728018784,0.058910852705591,0.012149478099909
"45",3.19038746255683,3.15573951468104,0.034647947875785,0.010860106580289
"46",0,0,0,"#DIV/0!"
"47",0,0,0,"#DIV/0!"
"48",0,0,0,"#DIV/0!"
"49",0,0,0,"#DIV/0!"
"50",0,0,0,"#DIV/0!"
"51",0,0,0,"#DIV/0!"
"52",0,0,0,"#DIV/0!"
"53",0,0,0,"#DIV/0!"
"54",0,0,0,"#DIV/0!"
"55",0,0,0,"#DIV/0!"
"56",0,0,0,"#DIV/0!"
"57",0,0,0,"#DIV/0!"
"58",0,0,0,"#DIV/0!"
"59",0,0,0,"#DIV/0!"
"60",0,0,0,"#DIV/0!"
"61",0,0,0,"#DIV/0!"
"62",0,0,0,"#DIV/0!"
"63",0,0,0,"#DIV/0!"
"64",0,0,0,"#DIV/0!"
"65",0,0,0,"#DIV/0!"
"66",0,0,0,"#DIV/0!"
"67",1.04999714298174,1.03888710579486,0.011110037186884,0.010581016587659
"68",2.68285280448617,2.65351486593136,0.029337938554814,0.010935351542864
"69",13.9649296815624,13.9148626650858,0.050067016476579,0.003585196461296
"70",41.2424068410473,41.1608481089352,0.081558732112129,0.001977545404333
"71",68.8415153806855,68.6870101101522,0.154505270533306,0.002244361845885
"72",96.7903744318464,96.6009351990069,0.189439232839476,0.001957211488761
"73",124.166429935314,123.896486884798,0.269943050516076,0.002174042135678
"74",149.351868029946,149.099539340765,0.25232868918124,0.001689491350256
"75",165.315672474506,164.933171122451,0.382501352054675,0.002313763397803
"76",176.373384728591,175.960045560554,0.413339168036856,0.002343546157335
"77",184.630163449387,184.178635701915,0.451527747471516,0.002445579525229
"78",190.041450537537,189.551742082986,0.489708454551419,0.002576850751067
"79",189.907648499822,189.342453558987,0.565194940834516,0.002976156807265
"80",185.061912496516,184.515535595507,0.546376901009324,0.002952400597393
"81",178.915595834784,178.391818255244,0.523777579539711,0.002927512143902
"82",171.766563217534,171.225018587167,0.541544630366872,0.003152794235517
"83",164.642192176776,164.032457135676,0.609735041100066,0.003703394816594
"84",159.039391402068,158.390254536062,0.649136866006444,0.004081610601523
"85",152.915443798964,152.206499385939,0.708944413025478,0.0046361858254
"86",146.452621360542,145.718815242843,0.733806117699459,0.005010535904939
"87",137.460444579425,136.895403621165,0.565040958259687,0.004110571299173
"88",104.469204726978,103.722099959239,0.747104767738875,0.00715143538894
"89",74.631502044911,74.011766460666,0.619735584245035,0.008303940926609
"90",53.8272562015918,53.30129421741,0.52596198418177,0.00977129471753
"91",38.7580648629519,38.316268334107,0.44179652884489,0.011398828357584
"92",28.4473189669952,28.0360761061893,0.411242860805917,0.014456295909047
"93",21.1521814577573,20.8430332614225,0.309148196334768,0.014615428529306
"94",14.912159778265,14.67755501793,0.23460476033501,0.015732446796671
"95",9.36777671193704,9.19292642691289,0.174850285024149,0.018665078214487
"96",5.28647483390523,5.15393165606656,0.132543177838669,0.025072128782037
"97",4.62266611709492,4.51409116171999,0.108574955374931,0.023487518376768
"98",0.86472003016388,0.843961049686186,0.020758980477694,0.024006591444123
"99",0,0,0,"#DIV/0!"
"100",0,0,0,"#DIV/0!"
"101",0,0,0,"#DIV/0!"
"102",0,0,0,"#DIV/0!"
"103",0,0,0,"#DIV/0!"
"104",0,0,0,"#DIV/0!"
"105",0,0,0,"#DIV/0!"
"106",0,0,0,"#DIV/0!"
"107",0,0,0,"#DIV/0!"
"108",0,0,0,"#DIV/0!"
"109",0,0,0,"#DIV/0!"
"110",0,0,0,"#DIV/0!"
"111",0,0,0,"#DIV/0!"
"112",0,0,0,"#DIV/0!"
"113",0,0,0,"#DIV/0!"
"114",0,0,0,"#DIV/0!"
"115",0,0,0,"#DIV/0!"
"116",0,0,0,"#DIV/0!"
"117",0,0,0,"#DIV/0!"
"118",0,0,0,"#DIV/0!"
"119",0,0,0,"#DIV/0!"
"120",2.49619301225175,2.43762791654444,0.058565095707307,0.02346176574482
"121",3.91951137318392,3.83886027970584,0.080651093478079,0.020576823435153
"122",8.8155602706538,8.66201983144856,0.153540439205239,0.017416980258914
"123",15.1197455227375,14.8835908716719,0.236154651065586,0.015618956728501
"124",22.090555489558,21.7491248642618,0.341430625296169,0.015455954715922
"125",29.4131701261504,28.9590190501185,0.454151076031888,0.015440398776605
"126",36.2922023536521,35.78859812679,0.50360422686208,0.013876375480184
"127",37.2916909617488,36.701985761465,0.58970520028376,0.015813313504304
"128",36.4018532427435,35.8156901939947,0.58616304874883,0.016102560626242
"129",35.5540522070369,34.971055218135,0.582996988901897,0.016397483625974
"130",34.7606971490604,34.1789130318211,0.581784117239259,0.016736836857571
"131",33.9994482686452,33.4216534133593,0.577794855285895,0.01699424210418
"132",33.2894002614776,32.7136816443817,0.57571861709588,0.01729435233359
"133",32.6813080417342,32.1054012717504,0.575906769983746,0.017621900850734
"134",32.1862863595888,31.6091025715868,0.577183788001953,0.017932599665385
"135",31.7481171416002,31.1663483174634,0.581768824136784,0.018324514223695
"136",31.2510833207925,30.6790700215206,0.572013299271898,0.018303791052623
"137",30.9047130887047,30.3309610441793,0.573752044525424,0.018565195634679
"138",30.7285128803051,30.143326970021,0.585185910284093,0.019043743267484
"139",30.4347465578758,29.8788695757394,0.555876982136429,0.018264551047907
"140",27.2595930724347,26.7354177260131,0.52417534642159,0.019229023156316
"141",23.7084370121302,23.2371195406013,0.471317471528931,0.01987973611621
"142",20.6767269344418,20.2658325360098,0.41089439843196,0.019872313434073
"143",17.9953347047267,17.6371474300104,0.358187274716329,0.01990445193677
"144",15.6676059261081,15.3313632875215,0.336242638586574,0.021461009433884
"145",13.5911565625283,13.3066403324483,0.284516230080003,0.020933923376649
"146",11.5802563348552,11.3473696658039,0.232886669051346,0.020110666147379
"147",9.59553836390842,9.40077570007998,0.194762663828444,0.020297210687105
"148",7.03443423076533,6.9076922282984,0.126742002466928,0.018017369742775
"149",3.87704446457792,3.79326858505374,0.083775879524182,0.021608181254971
"150",0,0,0,"#DIV/0!"
"151",0,0,0,"#DIV/0!"
"152",0,0,0,"#DIV/0!"
"153",0,0,0,"#DIV/0!"
"154",0,0,0,"#DIV/0!"
"155",0,0,0,"#DIV/0!"
"156",0,0,0,"#DIV/0!"
"157",0,0,0,"#DIV/0!"
"158",0,0,0,"#DIV/0!"
"159",0,0,0,"#DIV/0!"
"160",0,0,0,"#DIV/0!"
"161",0,0,0,"#DIV/0!"
"162",0,0,0,"#DIV/0!"
"163",0,0,0,"#DIV/0!"
"164",0,0,0,"#DIV/0!"
"165",0,0,0,"#DIV/0!"
"166",0,0,0,"#DIV/0!"
"167",0,0,0,"#DIV/0!"
"168",0,0,0,"#DIV/0!"
"169",1.42281236671261,1.39200254925527,0.030809817457343,0.021654167603652
"170",2.35247403872199,2.30191710958024,0.050556929141745,0.021490961561986
"171",2.43300468364032,2.38214437387069,0.050860309769632,0.02090432053486
"172",3.11772593078786,3.05289123195689,0.064834698830969,0.020795509377755
"173",3.98977522383211,3.90773898444604,0.082036239386069,0.020561619335356
"174",5.27535815365263,5.16196167489397,0.113396478758657,0.021495503329976
"175",7.7975005187327,7.64218652428826,0.155313994444437,0.019918433358396
"176",10.6374538151431,10.4276870213507,0.209766793792379,0.01971964320012
"177",13.6200463104178,13.3527911114797,0.267255198938054,0.019622194583409
"178",16.6135325546784,16.2948379046575,0.31869465002093,0.019182834774726
"179",19.0345857017383,18.6613733290287,0.373212372709581,0.019607065714884
"180",21.166249960952,20.7522899154283,0.413960045523737,0.01955755253233
"181",23.151528652932,22.6989987740817,0.452529878850299,0.019546436247655
"182",24.9726479604724,24.4853303568671,0.487317603605348,0.01951405411139
"183",26.7015197685978,26.1804097457498,0.521110022848017,0.019516118459327
"184",28.3471880757133,27.7959925067844,0.551195568928915,0.019444453095549
"185",29.861267239874,29.2825023161422,0.5787649237318,0.019381793782649
"186",31.2938201127108,30.6896677399345,0.60415237277628,0.019305804487925
"187",31.7794334436767,31.1891195125063,0.590313931170407,0.018575344718358
"188",29.6822163756005,29.1107966149575,0.571419760642993,0.019251249752115
"189",27.8876230614551,27.3556776953046,0.531945366150477,0.019074603991106
"190",26.5705587900884,26.0673704863002,0.503188303788193,0.018937814133435
"191",25.5043085671205,25.0345166112529,0.469791955867589,0.018420101632288
"192",23.2447058009857,22.8149497223494,0.429756078636288,0.018488342348393
"193",20.9477336172422,20.5619876230485,0.385745994193719,0.018414688731587
"194",18.9890212609607,18.6462769672216,0.342744293739063,0.018049602927335
"195",17.2382481385139,16.9275299721048,0.310718166409078,0.018024927122082
"196",14.4972980511666,14.232709054806,0.264588996360564,0.018250917890129
"197",10.9502258275752,10.7542083908629,0.196017436712285,0.017900766595943
"198",7.71022253308911,7.57568496224121,0.134537570847898,0.017449246149578
"199",4.68623155122623,4.6016443851986,0.084587166027633,0.01805014649895
"200",3.34752058444428,3.28579844819615,0.061722136248133,0.018438164812175
"201",3.18148102765554,3.12426771322498,0.057213314430559,0.017983232945041
"202",3.04287941145594,2.98815804990591,0.054721361550035,0.017983414440946
"203",1.70047868340043,1.66929016716313,0.031188516237304,0.018341021585132
"204",0,0,0,"#DIV/0!"
"205",0,0,0,"#DIV/0!"
"206",0,0,0,"#DIV/0!"
"207",0,0,0,"#DIV/0!"
"208",0,0,0,"#DIV/0!"
"209",0,0,0,"#DIV/0!"
"210",0,0,0,"#DIV/0!"
"211",0,0,0,"#DIV/0!"
"212",0,0,0,"#DIV/0!"
"213",0,0,0,"#DIV/0!"
"214",0,0,0,"#DIV/0!"
"215",0,0,0,"#DIV/0!"
"216",0,0,0,"#DIV/0!"
"217",0,0,0,"#DIV/0!"
"218",0,0,0,"#DIV/0!"
"219",0,0,0,"#DIV/0!"
"220",0,0,0,"#DIV/0!"
"221",0,0,0,"#DIV/0!"
"222",0,0,0,"#DIV/0!"
"223",0.065553111344343,0.064374841953395,0.001178269390948,0.017974271041978
"224",1.82990757684456,1.79693538747961,0.032972189364953,0.018018499831456
"225",2.54089158584247,2.49607037840178,0.044821207440688,0.017639952719914
"226",4.73753657282214,4.66362136084354,0.073915211978605,0.015602035117288
"227",6.68805872215307,6.57405286011635,0.114005862036716,0.017046181376831
"228",8.72147176568978,8.57374847179744,0.147723293892335,0.016937885928093
"229",10.836635233456,10.6540450514876,0.182590181968372,0.016849342811195
"230",12.9234491808456,12.7134194935788,0.21002968726676,0.016251829084302
"231",14.310728076438,14.0701376322831,0.240590444154851,0.016811894046885
"232",15.4106096765609,15.1521178972907,0.258491779270164,0.016773624450649
"233",16.4349331841513,16.1598680359602,0.275065148191057,0.016736614935333
"234",17.3800216034288,17.090202397696,0.289819205732826,0.016675422640191
"235",19.0989977491845,18.7837247307471,0.315273018437448,0.016507306958079
"236",21.5892847310752,21.2310199836502,0.358264747425014,0.016594563084776
"237",23.9669342445559,23.5707130853843,0.39622115917156,0.016531991748655
"238",26.2345355249417,25.803401919693,0.431133605248711,0.016433818881178
"239",27.028962905868,26.6291866775718,0.399776228296147,0.014790661028632
"240",23.8972368967079,23.5064490332734,0.390787863434515,0.016352847198345
"241",21.1369686752441,20.7955783610523,0.341390314191777,0.016151337471187
"242",18.9550491039408,18.6503100956907,0.304739008250145,0.016076930562358
"243",17.1345557855675,16.8596502747969,0.274905510770623,0.016043923998437
"244",14.9890300973493,14.7555572616984,0.233472835650886,0.015576247037637
"245",12.9645800058788,12.7625258185144,0.202054187364395,0.015585093174848
"246",11.1750817007269,11.0046820783464,0.170399622380522,0.015248176876366
"247",9.53382126396173,9.38866802325356,0.145153240708172,0.015225085166727
"248",8.30579772399506,8.17205714064767,0.133740583347393,0.016102075657468
"249",7.41452535320423,7.30349359966931,0.11103175353492,0.014974897009009
"250",6.49589778136578,6.39901224148343,0.096885539882347,0.01491488061285
"251",5.54760751119466,5.46501525110216,0.082592260092501,0.014887906169612
"252",4.25898905927897,4.20191621684353,0.057072842435441,0.013400560940888
"253",2.60510935226921,2.56595503501012,0.03915431725909,0.015029817164867
"254",0.491868277371395,0.484295943635516,0.007572333735879,0.015395043925879
"255",0,0,0,"#DIV/0!"
"256",0,0,0,"#DIV/0!"
"257",0,0,0,"#DIV/0!"
"258",0,0,0,"#DIV/0!"
"259",0,0,0,"#DIV/0!"
"260",0,0,0,"#DIV/0!"
"261",0,0,0,"#DIV/0!"
"262",0,0,0,"#DIV/0!"
"263",0,0,0,"#DIV/0!"
"264",0,0,0,"#DIV/0!"
"265",0,0,0,"#DIV/0!"
"266",0,0,0,"#DIV/0!"
"267",0,0,0,"#DIV/0!"
"268",0,0,0,"#DIV/0!"
"269",0,0,0,"#DIV/0!"
"270",0,0,0,"#DIV/0!"
"271",0,0,0,"#DIV/0!"
"272",0,0,0,"#DIV/0!"
"273",0,0,0,"#DIV/0!"
"274",0,0,0,"#DIV/0!"
"275",0,0,0,"#DIV/0!"
"276",0.031394845660543,0.031007127981866,0.000387717678677,0.012349723991942
"277",1.43060492197401,1.41027852369007,0.020326398283943,0.014208254125042
"278",2.88806396868313,2.85324328872957,0.034820679953557,0.012056755089616
"279",4.9083992864762,4.83676837588428,0.071630910591924,0.014593537813699
"280",7.10845058129053,7.00615752837621,0.102293052914323,0.014390344526494
"281",9.46933304003323,9.33268874150235,0.136644298530879,0.014430192491192
"282",11.8334822742909,11.6728729140013,0.160609360289554,0.013572451165832
"283",13.2577576892218,13.0664831468894,0.191274542332431,0.014427367494273
"284",14.3000123571837,14.0943964686012,0.205615888582511,0.014378721042099
"285",15.2575272641552,15.0387415833829,0.218785680772257,0.014339524156464
"286",16.1317433358927,15.9012467412103,0.230496594682357,0.014288387180666
"287",15.9749398369167,15.7450248561509,0.229914980765852,0.014392228272093
"288",14.9496151476633,14.7375728539773,0.212042293685974,0.014183796144018
"289",14.0872731381678,13.8885839714785,0.19868916668929,0.014104160879153
"290",13.3661773096246,13.1783776260563,0.187799683568283,0.014050366025973
"291",12.8566489524092,12.6729100249067,0.183738927502459,0.014291354472118
"292",12.7106267891068,12.5350378320145,0.175588957092305,0.013814342912089
"293",12.6487450160785,12.4749722900451,0.173772726033384,0.013738337345918
"294",12.6440370513592,12.4717436008214,0.172293450537845,0.013626458846807
"295",12.5336674614518,12.3819774957956,0.151689965656219,0.012102600146585
"296",10.7689441252151,10.6246318724297,0.144312252785355,0.013400780160745
"297",8.77515403204598,8.65662398547283,0.118530046573147,0.013507460511837
"298",7.05437848751899,6.96049796137959,0.093880526139403,0.013308121517084
"299",5.51178203450399,5.43785903349635,0.073923001007638,0.013411815007357
"300",4.63203022498055,4.57008458860219,0.061945636378365,0.013373323007327
"301",4.32205684608198,4.2654024703661,0.056654375715882,0.013108197724711
"302",3.98748408487882,3.93598918337375,0.051494901505071,0.012914133425723
"303",3.63039776301594,3.5834991625743,0.046898600441641,0.012918309095332
"304",3.13246952023474,3.09497653480503,0.037492985429712,0.011969146128165
"305",2.25029609384364,2.22095714174793,0.029338952095709,0.013037818523516
"306",1.71973141844501,1.69672046368942,0.023010954755594,0.013380551467973
"307",1.45340402971487,1.43405486625852,0.019349163456349,0.013312996978648
"308",0,0,0,"#DIV/0!"
"309",0,0,0,"#DIV/0!"
"310",0,0,0,"#DIV/0!"
"311",0,0,0,"#DIV/0!"
"312",0,0,0,"#DIV/0!"
"313",0,0,0,"#DIV/0!"
"314",0,0,0,"#DIV/0!"
"315",0,0,0,"#DIV/0!"
"316",0,0,0,"#DIV/0!"
"317",0,0,0,"#DIV/0!"
"318",0,0,0,"#DIV/0!"
"319",0,0,0,"#DIV/0!"
"320",0,0,0,"#DIV/0!"
"321",0,0,0,"#DIV/0!"
"322",0,0,0,"#DIV/0!"
"323",0,0,0,"#DIV/0!"
"324",0,0,0,"#DIV/0!"
"325",0,0,0,"#DIV/0!"
"326",0,0,0,"#DIV/0!"
"327",0,0,0,"#DIV/0!"
"328",0,0,0,"#DIV/0!"
"329",0,0,0,"#DIV/0!"
"330",0.824373273033416,0.812980110815261,0.011393162218156,0.013820392522228
"331",1.61618543846998,1.59546382422559,0.020721614244391,0.012821309826926
"332",3.77277619132656,3.72499776040786,0.0477784309187,0.012663998206027
"333",6.32015354846953,6.24180175698712,0.078351791482414,0.012397134164784
"334",8.98702791525284,8.88993789890083,0.097090016352015,0.010803350926198
"335",10.2145437684667,10.085603031941,0.12894073652571,0.012623249696552
"336",10.8751838866156,10.7382071639295,0.136976722686127,0.012595347730599
"337",11.4544132719166,11.3104256422957,0.14398762962086,0.01257049367809
"338",11.953838371177,11.8013026789122,0.15253569226482,0.01276039440458
"339",11.9108822461276,11.7601876976842,0.15069454844344,0.012651837649762
"340",11.4131884477392,11.2710454014596,0.14214304627964,0.012454280145335
"341",10.9789253675845,10.8427693101112,0.13615605747332,0.012401583298428
"342",10.6077561101411,10.4766239184246,0.131132191716507,0.012361916163508
"343",10.2969487453811,10.1698997846106,0.127048960770493,0.012338505698349
"344",10.0418345883954,9.91924060485326,0.122593983542142,0.012208325327706
"345",9.84941799551598,9.72926656380878,0.120151431707201,0.012198835683682
"346",9.71960749162827,9.60170729109086,0.117900200537409,0.012130140094542
"347",9.56414980677073,9.45776469670818,0.106385110062549,0.011123321174584
"348",8.54466388755827,8.44415636803024,0.100507519528035,0.011762606563657
"349",7.42491372008226,7.33536262623966,0.089551093842602,0.012060893529361
"350",6.47339503819239,6.39679537384654,0.076599664345846,0.011832997043115
"351",5.63504866141011,5.56901067739818,0.066037984011928,0.011719150619616
"352",4.61253610244603,4.55685780220665,0.05567830023938,0.012071081722234
"353",3.43621533873375,3.39750015101163,0.038715187722123,0.011266810693066
"354",2.35411623251275,2.32694807930966,0.027168153203091,0.011540701698527
"355",1.43306104815565,1.41554777356214,0.017513274593511,0.0122208852275
"356",0.9169930369535,0.906054061517352,0.010938975436148,0.011929180479374
"357",0,0,0,"#DIV/0!"
"358",0,0,0,"#DIV/0!"
"359",0,0,0,"#DIV/0!"
"360",0,0,0,"#DIV/0!"
"361",0,0,0,"#DIV/0!"
"362",0,0,0,"#DIV/0!"
"363",0,0,0,"#DIV/0!"
"364",0,0,0,"#DIV/0!"
"365",0,0,0,"#DIV/0!"
"366",0,0,0,"#DIV/0!"
"367",0,0,0,"#DIV/0!"
"368",0,0,0,"#DIV/0!"
"369",0,0,0,"#DIV/0!"
"370",0,0,0,"#DIV/0!"
"371",0,0,0,"#DIV/0!"
"372",0,0,0,"#DIV/0!"
"373",0,0,0,"#DIV/0!"
"374",0,0,0,"#DIV/0!"
"375",0,0,0,"#DIV/0!"
"376",0,0,0,"#DIV/0!"
"377",0,0,0,"#DIV/0!"
"378",0,0,0,"#DIV/0!"
"379",0.103749398200307,0.102663865196519,0.001085533003788,0.010463029401796
"380",0.7006758984935,0.692929161305074,0.007746737188426,0.011056091989296
"381",1.30372687001363,1.28888612089213,0.0148407491215,0.011383326878386
"382",2.27926465804921,2.2583462887269,0.020918369322312,0.009177683358727
"383",2.94296300952556,2.90972048492404,0.033242524601523,0.01129559715631
"384",3.59506597777363,3.55496522257454,0.040100755199092,0.011154386441588
"385",4.25707453253563,4.20918895374052,0.047885578795108,0.011248470852256
"386",4.92145710796467,4.8656041463837,0.055852961580968,0.011348866881432
"387",5.63968980239588,5.57647174599697,0.063218056398911,0.011209491765319
"388",6.35525925728143,6.2842721970228,0.070987060258629,0.011169813438735
"389",7.0348396380432,6.95639224900515,0.078447389038052,0.011151268980436
"390",7.67180257689324,7.58648289009579,0.085319686797446,0.011121204689811
"391",7.8839842043235,7.7969530565606,0.087031147762904,0.011038980483393
"392",7.71636056379066,7.63123731748783,0.08512324630283,0.011031527829619
"393",7.58001757445163,7.49675650463905,0.083261069812578,0.010984284534275
"394",7.47805795809836,7.39598702912917,0.082070928969187,0.010974898754336
"395",7.38899454867351,7.30747477675322,0.081519771920286,0.011032593322852
"396",7.26915299633401,7.19214067969006,0.077012316643955,0.010594400294339
"397",7.19420491132769,7.11688247672282,0.077322434604868,0.010747877709616
"398",7.170137445617,7.0931431100762,0.076994335540801,0.01073819520543
"399",7.11459791968809,7.04626224946696,0.068335670221127,0.009604993984554
"400",6.24841646102141,6.18272025583428,0.065696205187127,0.010514056736927
"401",5.2775302787195,5.22201491464512,0.055515364074386,0.010519193854413
"402",4.4473672171589,4.40111265191808,0.046254565240816,0.010400437603254
"403",3.70732167558162,3.66960631628172,0.037715359299905,0.010173209286995
"404",3.17551176933921,3.14250211961917,0.033009649720043,0.01039506451803
"405",2.80871793505503,2.77873463209835,0.029983302956681,0.010675085092193
"406",2.43372325302335,2.40914873653674,0.024574516486614,0.01009749833145
"407",2.04844470118405,2.02788982354105,0.020554877643005,0.010034382490835
"408",1.55140939599369,1.53806152165635,0.013347874337344,0.008603708583829
"409",0.963685854396317,0.953818506473908,0.009867347922409,0.01023917480722
"410",0.135387584479759,0.133610424876679,0.00177715960308,0.01312645919424
"411",0,0,0,"#DIV/0!"
"412",0,0,0,"#DIV/0!"
"413",0,0,0,"#DIV/0!"
"414",0,0,0,"#DIV/0!"
"415",0,0,0,"#DIV/0!"
"416",0,0,0,"#DIV/0!"
"417",0,0,0,"#DIV/0!"
"418",0,0,0,"#DIV/0!"
"419",0,0,0,"#DIV/0!"
"420",0,0,0,"#DIV/0!"
"421",0,0,0,"#DIV/0!"
"422",0,0,0,"#DIV/0!"
"423",0,0,0,"#DIV/0!"
"424",0,0,0,"#DIV/0!"
"425",0,0,0,"#DIV/0!"
"426",0,0,0,"#DIV/0!"
"427",0,0,0,"#DIV/0!"
"428",0,0,0,"#DIV/0!"
"429",0,0,0,"#DIV/0!"
"430",0.288838480686536,0.285725628345972,0.003112852340564,0.010777138604127
"431",0.551118866656907,0.545554678217741,0.005564188439166,0.010096167588888
"432",0.756157262920169,0.748578243335942,0.007579019584227,0.010023073183161
"433",1.26601862325333,1.25341201003175,0.012606613221578,0.009957683868174
"434",1.82960842901957,1.81196253831149,0.017645890708079,0.009644626920272
"435",2.40083578319172,2.37709322586306,0.023742557328657,0.009889288344867
"436",2.99402770274901,2.96480394629179,0.029223756457215,0.009760683386591
"437",3.59754882520065,3.56211705764872,0.03543176755193,0.00984886356614
"438",4.18263453088002,4.14340401501977,0.039230515860251,0.009379379329132
"439",4.58712977275718,4.54194532256224,0.045184450194938,0.009850266382976
"440",4.91249313935987,4.86440536862938,0.048087770730493,0.009788872852606
"441",5.21064025821397,5.15970314224251,0.050937115971464,0.009775596365757
"442",5.48205535311718,5.42830792765017,0.053747425467013,0.00980424713086
"443",5.69213472303818,5.6379818294954,0.054152893542778,0.009513635248934
"444",5.84861547927721,5.79191443964373,0.056701039633477,0.009694779873011
"445",5.99728893180145,5.9397051964479,0.057583735353546,0.009601627670163
"446",6.14599711229675,6.0875866432325,0.058410469064252,0.009503823057024
"447",6.13096699430025,6.07799692580011,0.052970068500143,0.008639757569954
"448",5.64580091554672,5.5922431453946,0.053557770152115,0.009486301581169
"449",5.2183568564069,5.16839657333912,0.049960283067777,0.009573949126618
"450",4.87540451154928,4.82938712014584,0.046017391403441,0.009438681712344
"451",4.59964888720424,4.5565993739001,0.043049513304141,0.00935930423383
"452",4.39774209921598,4.35733487622929,0.040407222986692,0.00918817476675
"453",4.23785484966356,4.1996456751076,0.038209174555957,0.009016159333298
"454",4.1022076777881,4.0641937655455,0.038013912242604,0.009266696186162
"455",3.98343843992916,3.94516110958648,0.038277330342681,0.009609118082257
"456",3.57430106253014,3.54087010858348,0.033430953946664,0.009353144394333
"457",2.91543381524389,2.88940967465169,0.026024140592202,0.008926335578647
"458",2.31247692284524,2.2920228211733,0.020454101671935,0.008845105207264
"459",1.74348219679086,1.72822401957819,0.015258177212668,0.008751553208144
"460",1.18953688809415,1.17911947713583,0.010417410958322,0.008757535022737
"461",0.772391193488147,0.765486515098019,0.006904678390129,0.00893935411012
"462",0.186870052188169,0.185038508527214,0.001831543660955,0.00980116203484
"463",0,0,0,"#DIV/0!"
"464",0,0,0,"#DIV/0!"
"465",0,0,0,"#DIV/0!"
"466",0,0,0,"#DIV/0!"
"467",0,0,0,"#DIV/0!"
"468",0,0,0,"#DIV/0!"
"469",0,0,0,"#DIV/0!"
"470",0,0,0,"#DIV/0!"
"471",0,0,0,"#DIV/0!"
"472",0,0,0,"#DIV/0!"
"473",0,0,0,"#DIV/0!"
"474",0,0,0,"#DIV/0!"
"475",0,0,0,"#DIV/0!"
"476",0,0,0,"#DIV/0!"
"477",0,0,0,"#DIV/0!"
"478",0,0,0,"#DIV/0!"
"479",0,0,0,"#DIV/0!"
"480",0,0,0,"#DIV/0!"
"481",0,0,0,"#DIV/0!"
"482",0.217941134964349,0.215956109896069,0.00198502506828,0.009108078970977
"483",0.501141667919001,0.49673153157346,0.004410136345542,0.008800178927158
"484",0.990430271136574,0.981778362038312,0.008651909098262,0.00873550551755
"485",1.6664964411757,1.65205525688361,0.014441184292086,0.008665595638415
"486",2.33852301066509,2.32141446383321,0.017108546831883,0.007315962577173
"487",2.75167799924384,2.7278586627217,0.023819336522139,0.008656295005696
"488",3.13541826797882,3.1083465788106,0.027071689168223,0.008634155590882
"489",3.50913964665961,3.47889205429237,0.030247592367237,0.008619660490294
"490",3.8657021955878,3.83266410944634,0.033038086141459,0.008546464385996
"491",4.18172605198924,4.1455988130474,0.03612723894184,0.008639312688753
"492",4.47094555437798,4.43270099296933,0.03824456140865,0.0085540208315
"493",4.74175835194183,4.70136811846169,0.040390233480143,0.008517986468796
"494",4.99755682089017,4.95437074944493,0.043186071445236,0.008641436804623
"495",4.92583391911467,4.88326785407844,0.04256606503623,0.008641392652532
"496",4.58060100517469,4.54188376179081,0.038717243383876,0.008452437429092
"497",4.3005181850167,4.2644623289234,0.0360558560933,0.008384072463388
"498",4.07436876519932,4.04024524570559,0.034123519493728,0.008375167163363
"499",3.98758037286461,3.95266553980764,0.03491483305697,0.008755894500476
"500",4.22375933887088,4.18896929107723,0.034790047793652,0.008236749540506
"501",4.50590432345052,4.46896102454048,0.036943298910043,0.008198864480494
"502",4.81261594322859,4.77331556146964,0.039300381758945,0.008166116353881
"503",5.07563093368663,5.04190859076334,0.033722342923288,0.006643970644019
"504",4.56416813968099,4.52701488166349,0.0371532580175,0.008140203621003
"505",3.90545128160738,3.8741567201796,0.031294561427781,0.008013046168355
"506",3.33733252598904,3.31073438972817,0.026598136260872,0.007969878953848
"507",2.82444683639915,2.80211594549473,0.022330890904416,0.007906288274445
"508",2.51431718442473,2.49406348576304,0.020253698661694,0.008055347506336
"509",2.37622022314463,2.35762421227992,0.018596010864714,0.007825878545931
"510",2.22558690723963,2.20827169343829,0.017315213801338,0.007780066347898
"511",2.06212862004759,2.04597666105838,0.016151958989215,0.007832663216149
"512",1.84887019440066,1.83515599759994,0.013714196800719,0.007417609328255
"513",1.51369630603585,1.50195246282965,0.011743843206201,0.007758387966841
"514",1.16292702784995,1.15394476047368,0.008982267376272,0.007723844369564
"515",0.810885394195793,0.804519558674656,0.006365835521137,0.00785047500757
"516",0.653157626831671,0.648132848873501,0.005024777958169,0.007693055629686
"517",0.170638868323294,0.168942072457867,0.001696795865427,0.009943782926481
"518",0,0,0,"#DIV/0!"
"519",0,0,0,"#DIV/0!"
"520",0,0,0,"#DIV/0!"
"521",0,0,0,"#DIV/0!"
"522",0,0,0,"#DIV/0!"
"523",0,0,0,"#DIV/0!"
"524",0,0,0,"#DIV/0!"
"525",0,0,0,"#DIV/0!"
"526",0,0,0,"#DIV/0!"
"527",0,0,0,"#DIV/0!"
"528",0,0,0,"#DIV/0!"
"529",0,0,0,"#DIV/0!"
"530",0,0,0,"#DIV/0!"
"531",0,0,0,"#DIV/0!"
"532",0,0,0,"#DIV/0!"
"533",0.284654244984267,0.282379401614889,0.002274843369378,0.007991601774649
"534",0.415150298940716,0.411933252995368,0.003217045945348,0.007749111474944
"535",0.413595480087679,0.410387135401834,0.003208344685845,0.007757204419074
"536",0.421724326646654,0.418535330099985,0.003188996546669,0.007561803636101
"537",0.542918815976009,0.538751738349674,0.004167077626335,0.007675323646397
"538",0.836580344970571,0.826673425821355,0.009906919149216,0.011842161017499
"539",1.59424282269902,1.58227582991822,0.011966992780803,0.007506380214115
"540",2.49652124880231,2.4782606572262,0.018260591576109,0.007314414641922
"541",3.47471254746779,3.44887891938561,0.025833628082184,0.007434752581479
"542",4.41742527569295,4.39309227123158,0.02433300446137,0.005508413372664
"543",4.54866675427184,4.51458306933637,0.034083684935473,0.007493115406501
"544",4.41866144313826,4.38559810540755,0.033063337730707,0.007482659207134
"545",4.29807421888108,4.26595594774699,0.032118271134092,0.007472712079517
"546",4.18777809484163,4.15653534483863,0.031242750003,0.007460459770178
"547",4.26237460164702,4.2313979799801,0.030976621666918,0.007267456420876
"548",4.50451556776534,4.47115051897708,0.033365048788257,0.00740702263902
"549",4.73198510662769,4.69709169134148,0.034893415286206,0.007373948670577
"550",4.95098903938197,4.91463799541816,0.036351043963808,0.007342178234421
"551",5.1011885246553,5.06735826420481,0.033830260450487,0.006631838891462
"552",5.05987513530999,5.02354183784337,0.036333297466622,0.007180670766571
"553",5.04126760587678,5.00500137766358,0.036266228213205,0.007193870877025
"554",5.06872194440803,5.0326076480269,0.036114296381133,0.007124931447655
"555",5.07095517689595,5.04224329887074,0.028711878025206,0.005662025599442
"556",4.3422202183865,4.31148676024168,0.030733458144822,0.007077821160402
"557",3.53683662848198,3.51229080208577,0.024545826396208,0.006940050947941
"558",2.86705906401039,2.84730451446376,0.019754549546632,0.006890178787946
"559",2.27890139867668,2.26165035256417,0.017251046112505,0.007569895793878
"560",2.02515015311656,2.01148323650705,0.013666916609513,0.006748594215832
"561",2.06875081866747,2.05483856442152,0.013912254245954,0.006724954073935
"562",2.10579184175003,2.09171113435877,0.014080707391255,0.006686656825279
"563",2.136248816445,2.12203830928775,0.014210507157255,0.006652084274014
"564",1.9738874855102,1.96761533303652,0.00627215247368,0.003177563320971
"565",1.26946233620401,1.26189614075702,0.007566195446993,0.005960157486529
"566",0.690737737575546,0.68602970871143,0.004708028864116,0.006815942734851
"567",0.094510987546528,0.09378920099698,0.000721786549548,0.007637064941178
"568",0,0,0,"#DIV/0!"
"569",0,0,0,"#DIV/0!"
"570",0,0,0,"#DIV/0!"
"571",0,0,0,"#DIV/0!"
"572",0,0,0,"#DIV/0!"
"573",0,0,0,"#DIV/0!"
"574",0,0,0,"#DIV/0!"
"575",0,0,0,"#DIV/0!"
"576",0,0,0,"#DIV/0!"
"577",0,0,0,"#DIV/0!"
"578",0,0,0,"#DIV/0!"
"579",0,0,0,"#DIV/0!"
"580",0,0,0,"#DIV/0!"
"581",0,0,0,"#DIV/0!"
"582",0,0,0,"#DIV/0!"
"583",0,0,0,"#DIV/0!"
"584",0,0,0,"#DIV/0!"
"585",0,0,0,"#DIV/0!"
"586",0.205503818200668,0.204404926887946,0.001098891312722,0.005347303628436
"587",0.374718719540397,0.372294744243845,0.002423975296552,0.006468786239249
"588",0.381477509741671,0.379261548689101,0.00221596105257,0.005808890422061
"589",0.518124320544302,0.514826889673714,0.003297430870588,0.006364169254059
"590",0.846161573164864,0.838131440948928,0.008030132215936,0.009490069592621
"591",1.50641423597699,1.49676045920933,0.009653776767663,0.006408447648135
"592",2.28652019432047,2.27266046978184,0.01385972453863,0.006061492294298
"593",3.13636212967685,3.11649403782212,0.019868091854728,0.006334756967868
"594",3.98586040068767,3.96569302515127,0.020167375536402,0.005059729521115
"595",4.39244676096132,4.36478781310143,0.027658947859891,0.006296934115563
"596",4.6307702891645,4.60181835043477,0.028951938729732,0.006252078363178
"597",4.84809533966472,4.81800080105313,0.030094538611589,0.006207497275347
"598",5.04951569487457,5.01824547175784,0.031270223116733,0.006192717283456
"599",5.10531077205087,5.07413894275669,0.03117182929418,0.006105765287557
"600",5.04118221229874,5.01090881810524,0.030273394193505,0.006005217212671
"601",5.01038964901818,4.98072621721076,0.029663431807421,0.005920384218667
"602",5.01763183396542,4.9883103891043,0.029321444861121,0.005843682006049
"603",4.99134253486409,4.96437276402139,0.026969770842699,0.005403309962063
"604",4.78941792887053,4.76207946942304,0.027338459447488,0.005708096443764
"605",4.63623712805565,4.61007894578506,0.026158182270588,0.005642114833233
"606",4.54071748343995,4.51550751284231,0.025209970597645,0.005551979547194
"607",4.45796304949909,4.4363749117183,0.021588137780786,0.004842601327351
"608",4.04850478298613,4.02739624321112,0.021108539775015,0.005213910049884
"609",3.58016502056853,3.56056661432376,0.019598406244769,0.005474162819918
"610",3.15110684552928,3.13441858999431,0.016688255534969,0.005295997994687
"611",2.74041589221451,2.72601022871095,0.014405663503562,0.00525674352732
"612",2.38090220766026,2.36648787092417,0.014414336736085,0.006054149006922
"613",2.05974802945275,2.04910992697114,0.010638102481609,0.005164759149902
"614",1.72378437346197,1.71502692709328,0.008757446368693,0.005080360689838
"615",1.37204403494252,1.36512191803195,0.006922116910574,0.005045112791051
"616",1.05367001096602,1.04591305658687,0.007756954379151,0.007361844124271
"617",0.870922277477803,0.866123781859642,0.004798495618161,0.005509671462369
"618",0.709590525540989,0.70569428044837,0.003896245092619,0.005490835844586
"619",0.657069365901407,0.65363869140856,0.003430674492847,0.005221175527094
"620",0.617493959493004,0.614668159629218,0.002825799863786,0.004576238877067
"621",0.0103470463946,0.01019219896989,0.00015484742471,0.014965374543115
"622",0,0,0,"#DIV/0!"
"623",0,0,0,"#DIV/0!"
"624",0,0,0,"#DIV/0!"
"625",0,0,0,"#DIV/0!"
"626",0,0,0,"#DIV/0!"
"627",0,0,0,"#DIV/0!"
"628",0,0,0,"#DIV/0!"
"629",0,0,0,"#DIV/0!"
"630",0,0,0,"#DIV/0!"
"631",0,0,0,"#DIV/0!"
"632",0,0,0,"#DIV/0!"
"633",0,0,0,"#DIV/0!"
"634",0,0,0,"#DIV/0!"
"635",0,0,0,"#DIV/0!"
"636",0,0,0,"#DIV/0!"
"637",0,0,0,"#DIV/0!"
"638",0,0,0,"#DIV/0!"
"639",0.152551573322853,0.151629312284058,0.000922261038795,0.006045568844074
"640",0.381888188363519,0.379922564112348,0.001965624251171,0.005147119788108
"641",0.413677601929521,0.411725934187416,0.001951667742105,0.004717847263187
"642",0.810806270485045,0.803519201406743,0.007287069078302,0.00898743552383
"643",1.71285858916235,1.70466119429329,0.008197394869056,0.004785797800777
"644",2.79006222143653,2.77726394386264,0.012798277573895,0.004587093963555
"645",3.96991826262092,3.95111340115545,0.018804861465467,0.004736838448924
"646",5.15543432533741,5.13685984670883,0.01857447862858,0.003602893074846
"647",5.80835277479491,5.78063117954298,0.027721595251931,0.004772712045354
"648",6.23971573536983,6.20997454982717,0.029741185542664,0.004766432767774
"649",6.62121225768351,6.5897544149193,0.031457842764212,0.004751069976303
"650",6.9611165743263,6.92810794443358,0.033008629892723,0.004741858513685
"651",6.82915535275242,6.79599805001635,0.033157302736069,0.00485525676652
"652",6.32731319378945,6.29743219143711,0.02988100235234,0.00472254200751
"653",5.94136779569089,5.91376590964501,0.027601886045882,0.004645712400754
"654",5.65740301724873,5.63112002375419,0.026282993494538,0.004645770049333
"655",5.54126906546298,5.51348962914199,0.027779436320993,0.005013190298615
"656",5.73728494576062,5.71160839454387,0.025676551216747,0.00447538364566
"657",6.01984064120916,5.99298017681576,0.026860464393397,0.00446198927751
"658",6.37868593735038,6.35067505642655,0.028010880923827,0.004391324670777
"659",6.72154772997601,6.70836433544173,0.013183394534281,0.001961362927691
"660",6.01853396405932,5.99268744542496,0.025846518634357,0.004294487459688
"661",5.11807920940919,5.09591434444883,0.022164864960361,0.004330699868735
"662",4.33143526079948,4.31308665277902,0.018348608020459,0.004236149663027
"663",3.60099371068645,3.58621826890158,0.014775441784875,0.004103156787258
"664",2.94377033432829,2.92509748809971,0.018672846228581,0.00634317358621
"665",2.33326065080473,2.32323488270049,0.01002576810424,0.004296891605652
"666",1.70722996117547,1.7003130405792,0.006916920596266,0.004051545927359
"667",1.08304019222851,1.07852236929466,0.00451782293385,0.004171426846638
"668",0.840424943278776,0.836571095365798,0.003853847912978,0.004585594399356
"669",0.79547314872616,0.792102992825676,0.003370155900484,0.004236668334916
"670",0.432540392183,0.430664840881946,0.001875551301054,0.004336129838854
"671",0,0,0,"#DIV/0!"
"672",0,0,0,"#DIV/0!"
"673",0,0,0,"#DIV/0!"
"674",0,0,0,"#DIV/0!"
"675",0,0,0,"#DIV/0!"
"676",0,0,0,"#DIV/0!"
"677",0,0,0,"#DIV/0!"
"678",0,0,0,"#DIV/0!"
"679",0,0,0,"#DIV/0!"
"680",0,0,0,"#DIV/0!"
"681",0,0,0,"#DIV/0!"
"682",0,0,0,"#DIV/0!"
"683",0,0,0,"#DIV/0!"
"684",0,0,0,"#DIV/0!"
"685",0,0,0,"#DIV/0!"
"686",0,0,0,"#DIV/0!"
"687",0,0,0,"#DIV/0!"
"688",0,0,0,"#DIV/0!"
"689",0,0,0,"#DIV/0!"
"690",0,0,0,"#DIV/0!"
"691",0.00254119397141,0.002920149476267,-0.000378955504857,-0.149124981847286
"692",0.466643879073672,0.464667657593964,0.001976221479708,0.004234967109461
"693",0.787642157432856,0.784683060657699,0.002959096775157,0.003756905019917
"694",1.46024279762059,1.45888420625124,0.001358591369349,0.000930387310633
"695",1.78898942298838,1.78191097339732,0.007078449591064,0.00395667492502
"696",2.08986015498522,2.08166915818583,0.008190996799388,0.003919399477448
"697",2.39453604837763,2.38516846884158,0.009367579536046,0.003912064528071
"698",2.71651682507945,2.7039802261861,0.012536598893346,0.004614953523426
"699",3.24362323488458,3.23102933040354,0.012593904481036,0.003882665639335
"700",3.84108223594376,3.82615531777265,0.014926918171114,0.003886123038823
"701",4.43048419506522,4.41323315462796,0.01725104043726,0.003893714474024
"702",5.00131939648418,4.98194315988803,0.019376236596147,0.003874224991463
"703",5.35676445695572,5.33690545742866,0.019858999527063,0.003707275107323
"704",5.50285225448897,5.48175251626526,0.02109973822371,0.003834327590114
"705",5.64017103370861,5.61860725321458,0.021563780494033,0.003823249395303
"706",5.77475492763915,5.75273878421285,0.022016143426298,0.003812480997406
"707",5.8436334929429,5.82335787086049,0.020275622082409,0.003469694344605
"708",5.72097508973093,5.7001864114136,0.020788678317334,0.003633764872469
"709",5.6238254228083,5.60229276365135,0.021532659156952,0.003828827806358
"710",5.57229976347298,5.55123131623259,0.021068447240392,0.003780924956424
"711",5.51638371532317,5.49988091402338,0.016502801299791,0.002991597784242
"712",4.97326455826988,4.95496875481331,0.018295803456573,0.003678831729583
"713",4.36753392609535,4.35117567333509,0.016358252760258,0.003745420879852
"714",3.84952191630146,3.83532774102059,0.014194175280868,0.003687256648874
"715",3.38660552870715,3.3748394572176,0.011766071489546,0.003474296427443
"716",3.01764615779393,3.00378500972874,0.013861148065185,0.00459336427811
"717",2.72036044672132,2.71078202870558,0.00957841801574,0.003521010617282
"718",2.42049753427273,2.41090239959885,0.009595134673877,0.003964116690067
"719",2.11247487663059,2.10504086551373,0.007434011116861,0.00351910036853
"720",1.72458995479974,1.71988932110253,0.004700633697212,0.002725652949636
"721",1.12532620344427,1.12144598926534,0.00388021417893,0.003448079469806
"722",0.749344459472923,0.746306482149521,0.003037977323402,0.004054180003598
"723",0.126341825904092,0.125846147129778,0.000495678774314,0.003923314949481
"724",0,0,0,"#DIV/0!"
"725",0,0,0,"#DIV/0!"
"726",0,0,0,"#DIV/0!"
"727",0,0,0,"#DIV/0!"
"728",0,0,0,"#DIV/0!"
"729",0,0,0,"#DIV/0!"
"730",0,0,0,"#DIV/0!"
"731",0,0,0,"#DIV/0!"
"732",0,0,0,"#DIV/0!"
"733",0,0,0,"#DIV/0!"
"734",0,0,0,"#DIV/0!"
"735",0,0,0,"#DIV/0!"
"736",0,0,0,"#DIV/0!"
"737",0,0,0,"#DIV/0!"
"738",0,0,0,"#DIV/0!"
"739",0,0,0,"#DIV/0!"
"740",0,0,0,"#DIV/0!"
"741",0,0,0,"#DIV/0!"
"742",0,0,0,"#DIV/0!"
"743",0,0,0,"#DIV/0!"
"744",0.308982493268559,0.307758155773627,0.001224337494932,0.003962481763872
"745",0.664392481936375,0.662133802019525,0.00225867991685,0.003399616910575
"746",1.38187149789883,1.38036713760812,0.001504360290712,0.001088639785247
"747",1.97461176390061,1.96789828265901,0.006713481241603,0.003399899344437
"748",2.58659020802588,2.57818253536243,0.00840767266345,0.003250484996565
"749",3.22207255018293,3.21109811257338,0.010974437609549,0.003406018157141
"750",3.84236122708535,3.83217242459068,0.010188802494669,0.002651703442885
"751",4.19911126591614,4.18484286102466,0.014268404891477,0.003397958279242
"752",4.45359390470549,4.43851979292231,0.015074111783183,0.003384707296113
"753",4.68939378333744,4.67361100847484,0.015782774862604,0.003365632231331
"754",4.90857519255951,4.89213940282934,0.016435789730167,0.00334838300024
"755",5.01982120535104,5.00332794644055,0.01649325891049,0.003285626765533
"756",5.03741601062939,5.02092313938192,0.016492871247469,0.003274073694265
"757",5.06717345438665,5.05070500902366,0.016468445362991,0.003250025978237
"758",5.11378061163123,5.0973327573447,0.016447854286528,0.003216378553495
"759",5.06714659492718,5.05359824825428,0.013548346672905,0.002673762524745
"760",4.71702593826922,4.70179214217933,0.015233796089891,0.003229534093993
"761",4.40859428534168,4.39474490005523,0.01384938528645,0.003141451535356
"762",4.158178559097,4.14516583757359,0.013012721523414,0.003129428267323
"763",3.95148799117305,3.93922118915361,0.012266802019437,0.003104350069351
"764",3.77628895360976,3.76483056708821,0.011458386521549,0.003034298132985
"765",3.62359758667299,3.61264357567416,0.010954010998834,0.003022965640313
"766",3.48585005983477,3.47542849660385,0.010421563230916,0.00298967627753
"767",3.35684397991281,3.34687847818714,0.009965501725674,0.002968711618802
"768",3.0519762468175,3.0424293736578,0.009546873159703,0.003128095498665
"769",2.58552892025909,2.57772247237153,0.007806447887556,0.003019284691186
"770",2.1377274657716,2.13150616979692,0.006221295974679,0.002910238126371
"771",1.69726513078786,1.69231381700956,0.004951313778297,0.002917230601443
"772",1.22481269843411,1.2214345575776,0.003378140856515,0.002758087714827
"773",0.755887173378142,0.75358314870391,0.002304024674232,0.003048106589684
"774",0.278986496006837,0.278187164280098,0.000799331726739,0.002865126944063
"775",0,0,0,"#DIV/0!"
"776",0,0,0,"#DIV/0!"
"777",0,0,0,"#DIV/0!"
"778",0,0,0,"#DIV/0!"
"779",0,0,0,"#DIV/0!"
"780",0,0,0,"#DIV/0!"
"781",0,0,0,"#DIV/0!"
"782",0,0,0,"#DIV/0!"
"783",0,0,0,"#DIV/0!"
"784",0,0,0,"#DIV/0!"
"785",0,0,0,"#DIV/0!"
"786",0,0,0,"#DIV/0!"
"787",0,0,0,"#DIV/0!"
"788",0,0,0,"#DIV/0!"
"789",0,0,0,"#DIV/0!"
"790",0,0,0,"#DIV/0!"
"791",0,0,0,"#DIV/0!"
"792",0,0,0,"#DIV/0!"
"793",0,0,0,"#DIV/0!"
"794",0,0,0,"#DIV/0!"
"795",0.015661377168726,0.015555625257548,0.000105751911178,0.006752401786826
"796",0.402359413652448,0.401182770379819,0.001176643272629,0.002924358751664
"797",0.754144320904743,0.752107655775035,0.002036665129708,0.002700630467209
"798",1.37282425782178,1.37263586488552,0.000188392936256,0.000137230191835
"799",1.7504050329153,1.74540435973904,0.005000673176259,0.002856866315067
"800",2.1135599258705,2.10771307031973,0.005846855550767,0.002766354281797
"801",2.48167088950868,2.47460669052089,0.007064198987794,0.002846549483115
"802",2.8552808148379,2.84670594689669,0.008574867941209,0.003003160983903
"803",3.30462917024852,3.29526445205556,0.009364718192958,0.002833818171572
"804",3.77025694237091,3.75961350064608,0.010643441724827,0.002823001691268
"805",4.21802283666329,4.20613840111764,0.011884435545649,0.002817537032362
"806",4.64309728727676,4.63010239970754,0.012994887569221,0.002798754099947
"807",5.0014962417772,4.98758681112668,0.013909430650525,0.002781053904298
"808",5.29753319179872,5.28293807580485,0.01459511599387,0.002755077781573
"809",5.58270351027022,5.56769762880867,0.015005881461547,0.002687923769181
"810",5.86842790996889,5.85317227325868,0.015255636710212,0.002599612186476
"811",5.86930258828215,5.86196275954717,0.007339828734982,0.001250545294706
"812",5.06875996862072,5.05462382521364,0.014136143407081,0.002788876075133
"813",4.38271711414563,4.37102357303957,0.011693541106065,0.002668103097123
"814",3.83557225664845,3.82501948563731,0.010552771011137,0.002751289848039
"815",3.40614758606534,3.39388723604497,0.012260350020365,0.003599477036909
"816",3.31276713093393,3.30446050598402,0.008306624949905,0.002507458152533
"817",3.32564120556344,3.31733408439322,0.008307121170216,0.002497900602242
"818",3.34466612854158,3.33644814987201,0.008217978669568,0.00245704006132
"819",3.36756722710561,3.35936292697443,0.008204300131183,0.002436269145615
"820",3.17801662534475,3.1703933965473,0.007623228797453,0.002398737859537
"821",2.78761412855238,2.78079841248109,0.00681571607129,0.002444999830313
"822",2.41121968996595,2.40537780401064,0.005841885955309,0.002422792904197
"823",2.03973506367765,2.03477391033084,0.004961153346809,0.002432253793718
"824",1.65418482219684,1.65069371226127,0.003491109935567,0.00211047150761
"825",1.22803855183884,1.225134319684,0.002904232154837,0.002364935653273
"826",0.810152702819323,0.807896307611372,0.002256395207951,0.00278514803456
"827",0.648113422677852,0.646549922093982,0.00156350058387,0.002412387290808
"828",0.040777339192573,0.040498726273654,0.000278612918919,0.006832542888667
"829",0,0,0,"#DIV/0!"
"830",0,0,0,"#DIV/0!"
"831",0,0,0,"#DIV/0!"
"832",0,0,0,"#DIV/0!"
"833",0,0,0,"#DIV/0!"
"834",0,0,0,"#DIV/0!"
"835",0,0,0,"#DIV/0!"
"836",0,0,0,"#DIV/0!"
"837",0,0,0,"#DIV/0!"
"838",0,0,0,"#DIV/0!"
"839",0,0,0,"#DIV/0!"
"840",0,0,0,"#DIV/0!"
"841",0,0,0,"#DIV/0!"
"842",0,0,0,"#DIV/0!"
"843",0,0,0,"#DIV/0!"
"844",0,0,0,"#DIV/0!"
"845",0.250081367790699,0.249455344310263,0.000626023480436,0.002503279176559
"846",0.41238071655971,0.41141592792701,0.0009647886327,0.002339558068449
"847",0.583051650261041,0.581859660305781,0.00119198995526,0.002044398561819
"848",1.05595942740911,1.05352038575802,0.00243904165109,0.002309787277599
"849",1.59945000585867,1.59576568839839,0.003684317460283,0.002303490229008
"850",2.16409165548976,2.16122714980156,0.002864505688199,0.001323652665511
"851",2.66157926627784,2.65549708687467,0.006082179403165,0.002285176879842
"852",3.15501765723457,3.14780107224942,0.007216584985148,0.002287335846948
"853",3.64156950739562,3.63319318179856,0.00837632559706,0.002300196544388
"854",4.11132925975835,4.10187827088521,0.009450988873142,0.002298767205451
"855",4.55166496420861,4.54158290839405,0.010082055814563,0.002215025906749
"856",4.96299931043177,4.95185791054973,0.011141399882036,0.002244892490438
"857",5.34748250769917,5.33555028794217,0.011932219757001,0.00223137144251
"858",5.70948557517841,5.6971520325169,0.012333542661513,0.002160184573393
"859",5.81534210155951,5.80287939085974,0.012462710699767,0.002143074385327
"860",5.70463220853708,5.69228238341748,0.012349825119602,0.002164876659554
"861",5.64395091912593,5.63175633191713,0.012194587208799,0.002160647281229
"862",5.63774682069197,5.62581460436923,0.011932216322745,0.002116486728164
"863",5.60215567564592,5.59262576705078,0.009529908595144,0.001701114561413
"864",5.37084500244237,5.35966984779225,0.011175154650123,0.002080706973491
"865",5.19955117217614,5.18874520307872,0.010805969097415,0.002078250360385
"866",5.09575198646053,5.08535029090126,0.01040169555927,0.002041248394134
"867",5.00119166760123,4.99411006493028,0.007081602670947,0.001415983057963
"868",4.48200560049736,4.47351611068007,0.008489489817294,0.001894127445167
"869",3.88168698502705,3.87405635489267,0.007630630134377,0.001965802539929
"870",3.32643614633707,3.32000170706306,0.006434439274014,0.001934334221656
"871",2.79122328938683,2.78536813121173,0.005855158175104,0.002097703253397
"872",2.36794353424921,2.36171872302657,0.00622481122264,0.002628783639731
"873",2.03652139101177,2.0324396106007,0.004081780411066,0.002004290467599
"874",1.68108288082294,1.67815375482314,0.002929125999797,0.001742404275965
"875",1.30365090147825,1.30127834592713,0.00237255555112,0.001819931661482
"876",0.909138774004532,0.906458232610021,0.002680541394511,0.002948440294438
"877",0.740427845332306,0.739057224243879,0.001370621088427,0.001851120398925
"878",0.094320006581256,0.094098847883288,0.000221158697968,0.002344769746998
"879",0,0,0,"#DIV/0!"
"880",0,0,0,"#DIV/0!"
"881",0,0,0,"#DIV/0!"
"882",0,0,0,"#DIV/0!"
"883",0,0,0,"#DIV/0!"
"884",0,0,0,"#DIV/0!"
"885",0,0,0,"#DIV/0!"
"886",0,0,0,"#DIV/0!"
"887",0,0,0,"#DIV/0!"
"888",0,0,0,"#DIV/0!"
"889",0,0,0,"#DIV/0!"
"890",0,0,0,"#DIV/0!"
"891",0,0,0,"#DIV/0!"
"892",0,0,0,"#DIV/0!"
"893",0,0,0,"#DIV/0!"
"894",0,0,0,"#DIV/0!"
"895",0,0,0,"#DIV/0!"
"896",0,0,0,"#DIV/0!"
"897",0,0,0,"#DIV/0!"
"898",0.101935499347746,0.101764453866053,0.000171045481693,0.001677977571966
"899",0.435128870652989,0.434337851504097,0.000791019148892,0.001817896265318
"900",0.549537063896423,0.548926673567621,0.000610390328802,0.001110735506126
"901",1.00248302795808,1.00071649393067,0.001766534027412,0.001762158538495
"902",1.5448564903345,1.54222723448765,0.002629255846845,0.001701941807084
"903",2.14929282385856,2.14567311832798,0.003619705530583,0.001684137912899
"904",2.79160959171713,2.78694369384903,0.004665897868104,0.001671400571895
"905",3.453235593508,3.44744833474397,0.005787258764033,0.00167589456535
"906",4.10405691346386,4.0991154256044,0.004941487859464,0.001204049545038
"907",4.59646457000053,4.58872534969123,0.007739220309299,0.001683733267479
"908",5.01468277355889,5.00625063932966,0.008432134229226,0.00168148906122
"909",5.40324694669107,5.39421514113201,0.009031805559061,0.001671551503785
"910",5.76363262379891,5.75408166903071,0.009550954768199,0.001657106792123
"911",5.85865617185482,5.8486187265662,0.010037445288619,0.001713267512922
"912",5.72567982893088,5.71627144340891,0.009408385521966,0.001643190992697
"913",5.62993530248059,5.6207414958044,0.009193806676194,0.001633021728002
"914",5.57451222476084,5.56542399319005,0.009088231570788,0.0016303187085
"915",5.51045918240561,5.50310838126461,0.007350801141,0.001333972523464
"916",5.34118126294925,5.33343256934313,0.007748693606119,0.001450745298586
"917",5.22137472720351,5.21231146831997,0.009063258883542,0.001735799354971
"918",5.15819235474919,5.14970387562062,0.008488479128573,0.001645630590096
"919",5.1057633443852,5.10122283844976,0.004540505935442,0.000889290323343
"920",4.67625576397404,4.66902345902054,0.007232304953503,0.001546601665636
"921",4.18175183286075,4.17517919346574,0.006572639395013,0.001571743053561
"922",3.73730040289229,3.73172423176584,0.005576171126452,0.001492031821187
"923",3.31873249678756,3.31414183034212,0.004590666445437,0.001383258955002
"924",2.96745828815619,2.95871994341724,0.008738344738954,0.002944723696313
"925",2.66825541091384,2.66418496612459,0.004070444789246,0.001525507930237
"926",2.35524518598686,2.35014146211324,0.005103723873618,0.002166960749557
"927",2.02524864132283,2.02237229869934,0.002876342623492,0.001420241724795
"928",1.6604850855656,1.6576817331952,0.002803352370396,0.001688273140641
"929",1.22709198031225,1.22521201588097,0.00187996443128,0.001532048502836
"930",0.839851440832717,0.838161945983302,0.001689494849415,0.002011659166459
"931",0.734902422467712,0.733704765181756,0.001197657285957,0.0016296820494
"932",0.00980944535695,0.009783743094886,2.57022620644368E-05,0.002620154466351
"933",0,0,0,"#DIV/0!"
"934",0,0,0,"#DIV/0!"
"935",0,0,0,"#DIV/0!"
"936",0,0,0,"#DIV/0!"
