,"R","JS","tafavot"
"1",7125.02,7125.02,0
"2",5928.961,5928.961,0
"3",4933.682,4933.682,0
"4",4105.478,4105.478,0
"5",3416.303,3416.303,0
"6",2842.819,2842.819,0
"7",2365.601,2365.601,0
"8",1968.493,1968.493,0
"9",1638.046,1638.046,0
"10",1363.071,1363.071,0
"11",1134.255,1134.255,0
"12",943.852,943.8518,0.00019999999995
"13",785.41,785.4098,0.000200000000063
"14",653.565,653.5651,-9.99999998612111E-05
"15",543.853,543.8528,0.00019999999995
"16",452.558,452.5576,0.000400000000013
"17",376.588,376.588,0
"18",313.37,313.3709,-0.000900000000001
"19",260.766,260.7663,-0.000299999999982
"20",216.9,216.9002,-0.000199999999978
"21",179.24,179.2404,-0.000399999999985
"22",146.791,146.8002,-0.009199999999993
"23",118.439,118.4469,-0.007900000000006
"24",93.991,93.99705,-0.006050000000002
"25",73.381,73.38566,-0.004660000000001
"26",56.377,56.38036,-0.003359999999994
"27",42.762,42.76444,-0.002439999999993
"28",32.123,32.12543,-0.002430000000004
"29",23.902,23.90392,-0.001919999999998
"30",17.618,17.6192,-0.001200000000001
"31",12.901,12.90089,0.000109999999999
"32",9.467,9.467126,-0.000126
"33",6.974,6.97406,-5.99999999995049E-05
"34",10.285,10.28684,-0.00184
"35",151.481,151.3419,0.139100000000013
"36",817.113,817.2509,-0.137899999999945
"37",1870.52,1870.743,-0.222999999999956
"38",2775.493,2775.622,-0.128999999999905
"39",3302.328,3302.32,0.008000000000266
"40",3482.335,3482.228,0.106999999999971
"41",3426.05,3425.888,0.162000000000262
"42",3239.33,3239.145,0.184999999999945
"43",2973.308,2973.123,0.184999999999945
"44",2644.22,2643.728,0.491999999999734
"45",2320.491,2320.095,0.396000000000186
"46",2018.491,2018.171,0.319999999999936
"47",1745.902,1745.641,0.260999999999967
"48",1507.041,1506.851,0.190000000000055
"49",1254.058,1253.901,0.157000000000153
"50",1043.544,1043.412,0.132000000000062
"51",868.366,868.2565,0.109499999999912
"52",722.595,722.5043,0.09069999999997
"53",601.294,601.2187,0.07529999999997
"54",500.357,500.2937,0.063300000000027
"55",416.363,416.3107,0.052300000000003
"56",346.469,346.4258,0.043200000000013
"57",288.308,288.2722,0.035799999999995
"58",239.911,239.8805,0.030500000000018
"59",199.637,199.6123,0.024700000000024
"60",166.125,166.1038,0.021199999999993
"61",138.238,138.2207,0.017300000000006
"62",115.032,115.0179,0.014099999999985
"63",96.572,96.55993,0.012069999999994
"64",128.93,128.9243,0.005700000000019
"65",156.197,156.1954,0.001599999999996
"66",185.927,185.931,-0.003999999999991
"67",227.374,227.3832,-0.009200000000021
"68",282.013,282.0287,-0.015700000000038
"69",348.177,348.1995,-0.02249999999998
"70",431.849,431.8954,-0.046400000000006
"71",541.774,541.8246,-0.050600000000031
"72",688.66,688.7101,-0.05009999999993
"73",875.57,875.6144,-0.044399999999882
"74",1094.198,1094.324,-0.125999999999976
"75",1320.304,1320.41,-0.105999999999767
"76",1534.41,1534.489,-0.078999999999951
"77",1722.869,1722.918,-0.048999999999978
"78",1876.246,1876.267,-0.020999999999731
"79",1987.632,1987.629,0.002999999999929
"80",2055.873,2055.851,0.021999999999935
"81",2085.418,2085.384,0.034000000000106
"82",2082.335,2082.295,0.040000000000418
"83",2053.654,2053.601,0.052999999999884
"84",2006.675,2006.624,0.050999999999931
"85",1947.742,1947.695,0.047000000000026
"86",1882.948,1882.908,0.039999999999964
"87",1818.89,1818.801,0.088999999999942
"88",1760.227,1760.234,-0.007000000000062
"89",1697.86,1697.875,-0.0150000000001
"90",1630.586,1630.587,-0.000999999999976
"91",1558.049,1558.04,0.008999999999787
"92",1481.451,1481.435,0.016000000000076
"93",1400.988,1400.969,0.019000000000233
"94",1312.771,1312.753,0.017999999999802
"95",1211.911,1211.895,0.016000000000076
"96",1088.226,1088.098,0.128000000000156
"97",960.38,960.2594,0.120599999999968
"98",837.601,837.4928,0.108199999999897
"99",724.77,724.6727,0.097300000000018
"100",624.814,624.7293,0.084699999999998
"101",526.675,526.6027,0.072299999999928
"102",438.263,438.2034,0.059599999999989
"103",364.693,364.643,0.049999999999955
"104",303.473,303.4312,0.041800000000023
"105",252.53,252.4951,0.034900000000022
"106",210.138,210.1094,0.028600000000012
"107",174.863,174.8389,0.024100000000004
"108",145.509,145.4892,0.019799999999975
"109",121.083,121.0663,0.0167
"110",100.757,100.7432,0.013799999999989
"111",83.843,83.83168,0.011320000000012
"112",69.769,69.75903,0.00997000000001
"113",58.057,58.04884,0.008160000000004
"114",48.311,48.30433,0.00667
"115",40.201,40.19563,0.005370000000006
"116",33.453,33.44812,0.00488
"117",28.911,28.90656,0.004440000000002
"118",43.51,43.50143,0.008569999999999
"119",61.506,61.49339,0.012609999999995
"120",86.453,86.43376,0.019239999999996
"121",119.25,119.2231,0.026899999999998
"122",172.63,172.5668,0.063199999999995
"123",274.879,274.8018,0.077200000000005
"124",451.477,451.4026,0.074399999999969
"125",706.165,706.109,0.055999999999926
"126",1012.284,1012.628,-0.344000000000051
"127",1300.563,1300.896,-0.332999999999856
"128",1541.087,1541.385,-0.298000000000002
"129",1730.127,1730.394,-0.267000000000053
"130",1871.285,1871.54,-0.254999999999882
"131",1971.166,1971.444,-0.27800000000002
"132",2037.407,2037.741,-0.33400000000006
"133",2077.641,2078.065,-0.423999999999978
"134",2098.753,2099.298,-0.545000000000073
"135",2106.452,2107.152,-0.699999999999818
"136",2105.152,2106.015,-0.863000000000284
"137",2099.242,2100.283,-1.04099999999971
"138",2092.407,2093.628,-1.22099999999955
"139",2086.599,2088.119,-1.51999999999953
"140",2072.28,2073.947,-1.66699999999992
"141",2046.985,2048.759,-1.77400000000011
"142",2012.835,2014.69,-1.85499999999979
"143",1970.925,1972.841,-1.91599999999994
"144",1922.078,1924.031,-1.95299999999975
"145",1866.025,1867.993,-1.96799999999985
"146",1800.524,1802.485,-1.96100000000001
"147",1723.245,1725.172,-1.92700000000013
"148",1622.569,1624.7,-2.13099999999986
"149",1457.447,1459.405,-1.95799999999986
"150",1265.705,1267.428,-1.72300000000018
"151",1064.165,1065.617,-1.452
"152",885.527,886.7352,-1.20820000000003
"153",736.877,737.8814,-1.00440000000003
"154",613.179,614.015,-0.836000000000013
"155",510.246,510.9418,-0.69580000000002
"156",424.592,425.1712,-0.579200000000071
"157",353.317,353.7988,-0.481799999999964
"158",294.007,294.4078,-0.400800000000004
"159",244.653,244.9865,-0.333500000000015
"160",203.584,203.861,-0.276999999999987
"161",169.408,169.6394,-0.231400000000008
"162",140.97,141.1623,-0.192300000000017
"163",117.306,117.466,-0.160000000000011
"164",97.614,97.74726,-0.133259999999993
"165",81.228,81.33867,-0.110670000000013
"166",67.592,67.68447,-0.092470000000006
"167",69.894,69.99532,-0.101320000000001
"168",101.031,101.1922,-0.161199999999994
"169",148.159,148.407,-0.248000000000019
"170",201.043,201.3875,-0.344500000000011
"171",244.927,245.3501,-0.423100000000034
"172",283.464,283.955,-0.490999999999985
"173",324.517,325.0735,-0.556500000000028
"174",379.963,380.429,-0.465999999999951
"175",476.234,476.7676,-0.533599999999979
"176",634.813,635.5082,-0.6952
"177",864.093,865.0445,-0.95150000000001
"178",1153.955,1155.317,-1.36200000000008
"179",1472.219,1473.921,-1.702
"180",1788.245,1790.256,-2.01099999999997
"181",2078.259,2080.529,-2.26999999999998
"182",2325.418,2327.885,-2.4670000000001
"183",2520.636,2523.241,-2.60500000000002
"184",2660.85,2663.531,-2.68100000000004
"185",2747.473,2750.188,-2.71500000000015
"186",2785.686,2788.393,-2.70699999999988
"187",2783.295,2785.981,-2.68600000000015
"188",2749.327,2751.963,-2.63599999999951
"189",2694.141,2696.699,-2.55799999999954
"190",2628.835,2631.306,-2.471
"191",2562.691,2565.106,-2.41500000000042
"192",2498.729,2501.076,-2.34700000000021
"193",2437.726,2439.997,-2.27099999999973
"194",2381.418,2383.621,-2.20299999999952
"195",2330.243,2332.389,-2.14600000000019
"196",2269.788,2271.878,-2.09000000000015
"197",2180.07,2182.089,-2.01899999999978
"198",2055.329,2057.249,-1.92000000000007
"199",1883.783,1885.557,-1.77400000000011
"200",1669.992,1671.19,-1.19800000000009
"201",1474.38,1475.499,-1.11899999999991
"202",1299.767,1300.805,-1.03800000000001
"203",1144.567,1145.523,-0.956000000000131
"204",1006.069,1007.068,-0.999000000000137
"205",875.071,875.9503,-0.879300000000058
"206",751.665,752.4282,-0.763200000000097
"207",625.485,626.1201,-0.635099999999966
"208",520.486,521.0145,-0.528500000000008
"209",433.114,433.553,-0.439000000000078
"210",360.408,360.7734,-0.365399999999966
"211",299.907,300.2111,-0.304100000000062
"212",249.563,249.8154,-0.252400000000023
"213",207.669,207.8796,-0.210599999999999
"214",172.808,172.9835,-0.1755
"215",143.8,143.9451,-0.145099999999985
"216",119.66,119.7814,-0.121399999999994
"217",118.743,118.8834,-0.1404
"218",124.848,124.9982,-0.150199999999998
"219",128.748,128.9046,-0.156599999999997
"220",130.869,131.0299,-0.160899999999998
"221",131.564,131.7271,-0.163099999999986
"222",133.241,133.4062,-0.16519999999997
"223",142.073,142.2509,-0.177899999999994
"224",160.882,161.0845,-0.202499999999986
"225",190.96,191.2003,-0.240299999999991
"226",252.742,253.1552,-0.413200000000018
"227",370.654,371.2399,-0.585899999999981
"228",563.909,564.7038,-0.794800000000009
"229",836.848,837.8879,-1.03989999999999
"230",1174.674,1176.132,-1.45800000000008
"231",1536.35,1538.048,-1.69799999999987
"232",1890.016,1891.906,-1.8900000000001
"233",2215.693,2217.73,-2.03699999999981
"234",2500.571,2502.713,-2.14199999999983
"235",2747.232,2749.442,-2.21000000000004
"236",2954.061,2956.307,-2.24599999999964
"237",3110.437,3112.684,-2.24699999999984
"238",3211.735,3213.959,-2.22399999999971
"239",3259.834,3262.052,-2.2180000000003
"240",3261.349,3263.555,-2.20600000000013
"241",3225.835,3227.998,-2.16300000000001
"242",3165.917,3168.038,-2.12100000000009
"243",3092.509,3094.644,-2.13500000000022
"244",3008.538,3010.636,-2.09799999999996
"245",2915.994,2918.055,-2.06099999999969
"246",2816.199,2818.224,-2.02499999999964
"247",2708.142,2710.135,-1.99300000000039
"248",2596.493,2598.441,-1.94800000000032
"249",2485.861,2487.762,-1.90100000000029
"250",2372.974,2374.822,-1.84799999999996
"251",2254.382,2256.168,-1.78600000000006
"252",2114.758,2116.736,-1.97800000000007
"253",1908.093,1909.932,-1.83899999999994
"254",1670.27,1671.907,-1.63699999999994
"255",1436.738,1438.163,-1.42499999999973
"256",1195.557,1196.743,-1.18600000000015
"257",994.863,995.8494,-0.98639999999989
"258",827.858,828.6781,-0.820100000000025
"259",688.887,689.5698,-0.682800000000043
"260",573.245,573.8134,-0.568399999999997
"261",477.015,477.4887,-0.473700000000008
"262",396.94,397.3339,-0.393900000000031
"263",330.306,330.6347,-0.328700000000026
"264",274.859,275.132,-0.272999999999968
"265",228.719,228.9461,-0.227100000000036
"266",190.325,190.5134,-0.188400000000001
"267",158.375,158.5323,-0.157299999999992
"268",131.789,131.9199,-0.130900000000025
"269",109.666,109.7749,-0.108900000000006
"270",91.257,91.34728,-0.090280000000007
"271",75.938,76.01301,-0.075010000000006
"272",63.19,63.25287,-0.062870000000004
"273",52.583,52.63475,-0.051749999999998
"274",43.756,43.79905,-0.043050000000001
"275",62.567,62.63766,-0.070660000000004
"276",114.156,114.2971,-0.141099999999994
"277",194.574,194.8221,-0.248099999999994
"278",310.527,311.132,-0.605000000000018
"279",475.116,475.9552,-0.839200000000062
"280",716.139,717.229,-1.09000000000003
"281",1044.27,1045.612,-1.3420000000001
"282",1438.737,1440.551,-1.81399999999985
"283",1838.992,1840.97,-1.97800000000007
"284",2205.5,2207.573,-2.07299999999987
"285",2518.482,2520.601,-2.11900000000014
"286",2768.453,2770.58,-2.12699999999995
"287",2945.472,2947.595,-2.12299999999959
"288",3051.551,3053.667,-2.11599999999999
"289",3102.251,3104.358,-2.10699999999997
"290",3112.243,3114.338,-2.09500000000025
"291",3095.092,3097.151,-2.0590000000002
"292",3063.573,3065.624,-2.05100000000039
"293",3025.085,3027.127,-2.04199999999992
"294",2984.95,2986.989,-2.03900000000021
"295",2945.472,2947.702,-2.23000000000002
"296",2888.503,2890.688,-2.18499999999995
"297",2806.958,2809.079,-2.12100000000009
"298",2701.147,2703.191,-2.04399999999987
"299",2570.514,2572.473,-1.95899999999983
"300",2432.507,2434.375,-1.86799999999994
"301",2304.793,2306.578,-1.78499999999985
"302",2185.596,2187.303,-1.70699999999988
"303",2072.342,2073.974,-1.63200000000006
"304",1956.894,1958.59,-1.69600000000014
"305",1810.935,1812.54,-1.60499999999979
"306",1637.348,1638.823,-1.47499999999991
"307",1454.243,1455.572,-1.32900000000018
"308",1274.239,1275.569,-1.32999999999993
"309",1093.257,1094.395,-1.13799999999992
"310",909.735,910.6821,-0.947099999999978
"311",757.021,757.8094,-0.788400000000024
"312",629.941,630.5974,-0.656399999999962
"313",524.195,524.7404,-0.545399999999972
"314",436.199,436.6535,-0.454499999999996
"315",362.976,363.3538,-0.377799999999979
"316",302.044,302.3585,-0.31450000000001
"317",251.341,251.6024,-0.261399999999981
"318",209.149,209.3666,-0.217599999999976
"319",174.04,174.2208,-0.180800000000005
"320",144.824,144.9747,-0.150699999999972
"321",120.513,120.6381,-0.125099999999989
"322",100.283,100.3868,-0.103799999999993
"323",83.448,83.53535,-0.087350000000015
"324",105.786,105.8925,-0.106499999999983
"325",125.283,125.4074,-0.124399999999994
"326",143.147,143.2869,-0.139900000000011
"327",160.265,160.4206,-0.155600000000021
"328",177.272,177.4428,-0.170799999999986
"329",194.35,194.5359,-0.185899999999975
"330",216.781,216.843,-0.061999999999983
"331",265.343,265.494,-0.150999999999954
"332",382.771,383.0665,-0.295499999999947
"333",635.751,636.2819,-0.530899999999974
"334",1043.307,1044.677,-1.37000000000012
"335",1509.129,1510.804,-1.67499999999995
"336",1956.911,1958.766,-1.85500000000002
"337",2350.008,2351.959,-1.95100000000002
"338",2670.82,2672.817,-1.99699999999984
"339",2908.534,2910.539,-2.00499999999965
"340",3065.727,3067.729,-2.00199999999995
"341",3157.015,3159.005,-1.99000000000024
"342",3197.065,3199.039,-1.97399999999971
"343",3199.179,3201.137,-1.95800000000008
"344",3174.806,3176.741,-1.93499999999995
"345",3133.6,3135.516,-1.91600000000017
"346",3083.496,3085.392,-1.89600000000019
"347",3030.004,3031.985,-1.98100000000022
"348",2967.219,2969.165,-1.94599999999991
"349",2894.153,2896.049,-1.89600000000019
"350",2813.638,2815.484,-1.846
"351",2727.09,2728.888,-1.79799999999977
"352",2623.371,2625.118,-1.74699999999984
"353",2488.785,2490.464,-1.67900000000009
"354",2321.217,2322.806,-1.58899999999994
"355",2096.759,2098.205,-1.44599999999991
"356",1844.178,1845.232,-1.05399999999986
"357",1609.649,1610.602,-0.953000000000202
"358",1398.478,1399.331,-0.853000000000066
"359",1211.806,1212.565,-0.759000000000015
"360",1049.805,1050.477,-0.672000000000025
"361",889.268,889.8435,-0.57549999999992
"362",739.989,740.4678,-0.478799999999978
"363",615.769,616.1675,-0.398500000000013
"364",512.401,512.7331,-0.332100000000082
"365",426.386,426.6618,-0.275800000000004
"366",354.81,355.0391,-0.22909999999996
"367",295.248,295.4396,-0.191599999999994
"368",245.686,245.8449,-0.158899999999989
"369",204.443,204.5756,-0.132599999999968
"370",170.124,170.234,-0.110000000000014
"371",141.566,141.6573,-0.091300000000018
"372",117.802,117.8778,-0.075799999999987
"373",133.994,134.1194,-0.125400000000013
"374",146.759,146.8986,-0.139600000000002
"375",155.561,155.7101,-0.149099999999976
"376",161.305,161.4614,-0.156399999999991
"377",146.708,146.8507,-0.142699999999991
"378",152.703,152.8521,-0.149100000000004
"379",171.303,171.4704,-0.167400000000015
"380",207.761,207.9658,-0.204799999999977
"381",268.805,269.0678,-0.262800000000027
"382",380.778,381.3793,-0.601299999999981
"383",553.065,553.8739,-0.808899999999881
"384",788.613,789.6185,-1.00549999999998
"385",1078.816,1080.004,-1.18799999999987
"386",1404.96,1406.269,-1.30899999999997
"387",1746.091,1747.543,-1.452
"388",2077.236,2078.806,-1.57000000000016
"389",2375.596,2377.252,-1.65599999999995
"390",2625.075,2626.789,-1.7140000000004
"391",2810.913,2812.663,-1.74999999999955
"392",2931.661,2933.43,-1.76899999999978
"393",2999.049,3000.823,-1.77399999999989
"394",3025.359,3027.129,-1.76999999999998
"395",3021.731,3023.499,-1.76800000000003
"396",2997.493,2999.242,-1.7489999999998
"397",2961.381,2963.109,-1.72800000000052
"398",2920.714,2922.424,-1.71000000000004
"399",2880.556,2882.343,-1.78700000000026
"400",2833.233,2834.998,-1.76499999999942
"401",2773.173,2774.891,-1.7180000000003
"402",2700.161,2701.831,-1.66999999999962
"403",2612.946,2614.565,-1.61899999999969
"404",2517.812,2519.381,-1.56900000000041
"405",2421.175,2422.697,-1.52199999999948
"406",2319.349,2320.821,-1.47199999999975
"407",2208.348,2209.764,-1.41599999999971
"408",2072.972,2074.577,-1.60500000000002
"409",1868.926,1870.418,-1.49199999999996
"410",1633.963,1635.289,-1.32600000000002
"411",1399.369,1400.515,-1.14599999999996
"412",1164.462,1165.415,-0.952999999999975
"413",968.989,969.7796,-0.79060000000004
"414",806.327,806.9852,-0.658199999999965
"415",670.97,671.5186,-0.548599999999965
"416",558.336,558.7926,-0.45659999999998
"417",464.61,464.9898,-0.379800000000046
"418",386.617,386.9332,-0.316199999999981
"419",321.717,321.9795,-0.262499999999989
"420",267.711,267.9295,-0.218499999999949
"421",222.771,222.9526,-0.181600000000003
"422",185.375,185.5267,-0.151700000000005
"423",154.256,154.3828,-0.126800000000003
"424",128.362,128.4669,-0.104900000000015
"425",106.814,106.9014,-0.087400000000002
"426",88.884,88.95613,-0.072130000000001
"427",73.963,74.02337,-0.060370000000006
"428",96.217,96.30546,-0.088460000000012
"429",136.895,137.031,-0.135999999999996
"430",189.014,189.2099,-0.195899999999995
"431",249.969,250.2332,-0.264200000000017
"432",319.487,319.8258,-0.338799999999992
"433",414.597,415.0251,-0.428100000000029
"434",559.453,560.0292,-0.576199999999972
"435",772.665,773.391,-0.725999999999999
"436",1059.259,1060.155,-0.895999999999958
"437",1406.43,1407.503,-1.07299999999987
"438",1786.207,1787.569,-1.36199999999985
"439",2156.345,2157.831,-1.48599999999988
"440",2490.01,2491.586,-1.57599999999957
"441",2773.241,2774.869,-1.6279999999997
"442",2999.568,3001.228,-1.6599999999994
"443",3167.315,3168.986,-1.67099999999982
"444",3279.742,3281.41,-1.66800000000012
"445",3343.816,3345.477,-1.66100000000006
"446",3367.618,3369.262,-1.64400000000023
"447",3358.689,3360.352,-1.66300000000001
"448",3322.326,3323.964,-1.63799999999992
"449",3267.228,3268.832,-1.60400000000027
"450",3202.616,3204.187,-1.57099999999991
"451",3136.243,3137.78,-1.53699999999981
"452",3074.493,3076.009,-1.51600000000008
"453",3021.411,3022.922,-1.51099999999997
"454",2979.134,2980.643,-1.50899999999956
"455",2948.508,2950.021,-1.51300000000037
"456",2913.338,2914.855,-1.51699999999983
"457",2852.004,2853.517,-1.51300000000037
"458",2758.363,2759.856,-1.49300000000039
"459",2627.864,2629.312,-1.44799999999987
"460",2451.769,2453.165,-1.39600000000019
"461",2206.534,2207.808,-1.27399999999989
"462",1931.914,1933.042,-1.12799999999993
"463",1668.44,1669.421,-0.980999999999767
"464",1391.969,1392.788,-0.81899999999996
"465",1158.303,1158.984,-0.680999999999813
"466",963.861,964.4279,-0.566899999999919
"467",802.06,802.5318,-0.471800000000144
"468",667.42,667.8128,-0.392800000000079
"469",555.382,555.7092,-0.327200000000062
"470",462.151,462.424,-0.273000000000025
"471",384.571,384.7977,-0.226699999999994
"472",320.014,320.2026,-0.188600000000008
"473",266.294,266.4507,-0.156700000000001
"474",221.592,221.7228,-0.130799999999994
"475",184.394,184.5029,-0.108899999999977
"476",153.44,153.5309,-0.090899999999977
"477",127.683,127.7581,-0.075100000000006
"478",141.377,141.4649,-0.087899999999991
"479",169.01,169.1199,-0.10990000000001
"480",194.78,194.9092,-0.129199999999969
"481",221.259,221.4093,-0.150300000000016
"482",260.807,260.9861,-0.179100000000005
"483",326.23,326.4559,-0.225900000000024
"484",432.175,432.4727,-0.29770000000002
"485",621.546,621.9623,-0.416299999999978
"486",923.988,924.9601,-0.972099999999955
"487",1300.763,1301.954,-1.19100000000003
"488",1714.9,1716.251,-1.35099999999989
"489",2131.03,2132.489,-1.45899999999983
"490",2519.199,2520.738,-1.53899999999976
"491",2857.262,2858.832,-1.56999999999971
"492",3133.939,3135.506,-1.56700000000001
"493",3346.154,3347.706,-1.55200000000013
"494",3496.394,3497.922,-1.52800000000025
"495",3588.211,3589.717,-1.50599999999986
"496",3629.669,3631.164,-1.49500000000035
"497",3633.93,3635.421,-1.49099999999999
"498",3613.33,3614.821,-1.49099999999999
"499",3580.452,3581.871,-1.41899999999987
"500",3549.443,3550.88,-1.43699999999944
"501",3524.246,3525.698,-1.45200000000023
"502",3505.805,3507.265,-1.46000000000004
"503",3494.192,3495.665,-1.47299999999996
"504",3483.363,3484.886,-1.52300000000014
"505",3461.651,3463.162,-1.51100000000042
"506",3424.524,3426.013,-1.48900000000049
"507",3368.311,3369.779,-1.46799999999985
"508",3304.563,3306.013,-1.44999999999982
"509",3247.841,3249.278,-1.4369999999999
"510",3195.173,3196.6,-1.42700000000013
"511",3142.028,3143.447,-1.41900000000032
"512",3078.58,3080.144,-1.56399999999985
"513",2983.812,2985.354,-1.54200000000037
"514",2848.186,2849.673,-1.48700000000008
"515",2647.343,2648.741,-1.39800000000059
"516",2394.542,2395.962,-1.42000000000007
"517",2114.492,2115.742,-1.25
"518",1839.802,1840.885,-1.08300000000031
"519",1558.11,1559.021,-0.911000000000058
"520",1296.554,1297.312,-0.758000000000038
"521",1078.904,1079.535,-0.630999999999858
"522",897.791,898.3159,-0.524900000000002
"523",747.082,747.5178,-0.435799999999972
"524",621.671,622.0336,-0.362599999999929
"525",517.313,517.6147,-0.301700000000096
"526",430.473,430.7244,-0.25139999999999
"527",358.21,358.4196,-0.209600000000023
"528",298.078,298.2525,-0.174500000000023
"529",248.041,248.1856,-0.144599999999997
"530",270.223,270.3769,-0.153899999999965
"531",295.244,295.4088,-0.164799999999957
"532",329.321,329.5027,-0.181699999999978
"533",374.895,375.1001,-0.205100000000016
"534",422.8,423.0289,-0.22890000000001
"535",463.837,464.0864,-0.24939999999998
"536",497.392,497.6571,-0.265100000000018
"537",529.632,529.9128,-0.280799999999999
"538",590.809,590.5287,0.280300000000011
"539",773.503,772.986,0.517000000000053
"540",1160.963,1160.46,0.502999999999929
"541",1745.015,1744.758,0.257000000000062
"542",2412.931,2413.504,-0.572999999999865
"543",3010.835,3011.66,-0.824999999999818
"544",3493.894,3494.858,-0.963999999999942
"545",3865.392,3866.441,-1.04899999999998
"546",4138.65,4139.753,-1.10300000000007
"547",4330.967,4332.097,-1.13000000000011
"548",4455.537,4456.669,-1.13199999999961
"549",4521.92,4523.041,-1.12100000000009
"550",4539.572,4540.675,-1.10300000000007
"551",4519.198,4520.251,-1.05299999999988
"552",4473.405,4474.457,-1.05200000000059
"553",4409.648,4410.694,-1.04600000000028
"554",4335.145,4336.186,-1.04099999999926
"555",4258.238,4259.111,-0.872999999999593
"556",4190.383,4191.356,-0.972999999999956
"557",4115.585,4116.605,-1.01999999999953
"558",4020.931,4021.976,-1.04500000000053
"559",3895.954,3897.014,-1.05999999999995
"560",3766.416,3767.485,-1.06899999999951
"561",3667.347,3668.425,-1.07799999999997
"562",3598.305,3599.394,-1.0890000000004
"563",3556.266,3557.369,-1.10300000000007
"564",3511.702,3513.64,-1.93799999999965
"565",3372.812,3374.715,-1.90300000000025
"566",3084.416,3086.18,-1.76400000000012
"567",2708.365,2709.929,-1.56399999999985
"568",2301.793,2303.132,-1.33899999999994
"569",1915.398,1916.513,-1.11500000000001
"570",1593.866,1594.794,-0.927999999999884
"571",1326.306,1327.079,-0.772999999999911
"572",1103.662,1104.305,-0.643000000000029
"573",918.393,918.9283,-0.535299999999893
"574",764.224,764.6701,-0.446100000000001
"575",635.935,636.3073,-0.372299999999996
"576",529.183,529.4923,-0.309300000000007
"577",440.35,440.6074,-0.257400000000018
"578",366.43,366.6437,-0.213700000000017
"579",304.918,305.0958,-0.177799999999991
"580",253.733,253.8803,-0.147299999999973
"581",298.113,298.3446,-0.231599999999958
"582",338.571,338.8233,-0.252299999999991
"583",376.427,376.7003,-0.273299999999949
"584",413.743,414.0366,-0.293600000000026
"585",451.428,451.7432,-0.315200000000061
"586",493.793,494.1341,-0.341099999999926
"587",543.496,543.867,-0.370999999999981
"588",596.867,597.2705,-0.403500000000008
"589",655.488,655.9246,-0.436599999999885
"590",752.952,752.9209,0.031100000000038
"591",974.4,974.2516,0.148399999999924
"592",1380.696,1380.583,0.112999999999829
"593",1947.704,1947.747,-0.04300000000012
"594",2570.446,2570.954,-0.508000000000266
"595",3126.068,3126.702,-0.63399999999956
"596",3570.811,3571.506,-0.694999999999709
"597",3901.213,3901.927,-0.713999999999487
"598",4127.558,4128.28,-0.721999999999753
"599",4268.199,4268.93,-0.731000000000677
"600",4342.175,4342.942,-0.766999999999825
"601",4364.649,4365.469,-0.819999999999709
"602",4349.258,4350.147,-0.889000000000124
"603",4309.739,4310.667,-0.927999999999884
"604",4259.255,4260.295,-1.03999999999996
"605",4203.536,4204.684,-1.14800000000014
"606",4148.499,4149.755,-1.25600000000031
"607",4099.534,4100.89,-1.35599999999977
"608",4056.893,4058.379,-1.48600000000033
"609",4012.996,4014.589,-1.59299999999985
"610",3962.119,3963.807,-1.6880000000001
"611",3898.09,3899.861,-1.77099999999973
"612",3818,3819.839,-1.83899999999994
"613",3719.402,3721.289,-1.88700000000017
"614",3594.544,3596.451,-1.90700000000015
"615",3436.145,3438.04,-1.89499999999998
"616",3235.081,3236.498,-1.41699999999992
"617",3004.852,3006.183,-1.33100000000013
"618",2752.773,2754.01,-1.23700000000008
"619",2489.836,2490.968,-1.13200000000006
"620",2226.055,2227.512,-1.45699999999988
"621",1944.891,1946.128,-1.23699999999985
"622",1656.291,1657.331,-1.04000000000019
"623",1378.254,1379.12,-0.865999999999985
"624",1146.89,1147.61,-0.720000000000027
"625",954.364,954.9639,-0.599899999999934
"626",794.157,794.6565,-0.499499999999898
"627",660.844,661.2599,-0.415899999999965
"628",549.911,550.2563,-0.345300000000066
"629",457.598,457.8859,-0.287899999999922
"630",380.782,381.0216,-0.239599999999996
"631",316.861,317.0603,-0.199299999999994
"632",263.67,263.8363,-0.166299999999978
"633",219.409,219.5472,-0.138200000000012
"634",182.578,182.6924,-0.114399999999989
"635",151.929,152.0243,-0.095300000000009
"636",126.425,126.5044,-0.079400000000007
"637",162.547,162.6279,-0.080899999999986
"638",212.34,212.428,-0.088000000000022
"639",268.529,268.6252,-0.09620000000001
"640",331.062,331.1698,-0.107799999999997
"641",397.353,397.4753,-0.122299999999939
"642",494.205,493.8174,0.387599999999964
"643",739.495,738.9333,0.561700000000087
"644",1235.055,1234.648,0.407000000000153
"645",1941.231,1941.207,0.024000000000115
"646",2688.957,2689.45,-0.492999999999938
"647",3322.966,3323.655,-0.689000000000306
"648",3800.656,3801.396,-0.740000000000237
"649",4130.206,4130.919,-0.713000000000648
"650",4335.087,4335.761,-0.673999999999069
"651",4458.809,4459.477,-0.667999999999665
"652",4532.555,4533.275,-0.719999999999345
"653",4564.092,4564.898,-0.806000000000495
"654",4562.008,4562.914,-0.905999999999949
"655",4533.063,4534.12,-1.05699999999979
"656",4481.434,4482.538,-1.10399999999936
"657",4417.944,4419.082,-1.13799999999901
"658",4350.709,4351.858,-1.14900000000034
"659",4288.864,4289.646,-0.782000000001062
"660",4259.363,4260.335,-0.971999999998843
"661",4242.784,4243.851,-1.06700000000092
"662",4219.64,4220.767,-1.12700000000041
"663",4174.687,4175.858,-1.17100000000028
"664",4095.468,4096.672,-1.20399999999972
"665",3970.364,3971.583,-1.21900000000005
"666",3785.549,3786.758,-1.20899999999983
"667",3499.512,3500.66,-1.14799999999968
"668",3135.697,3136.165,-0.467999999999847
"669",2792.138,2792.66,-0.521999999999935
"670",2477.311,2477.857,-0.545999999999822
"671",2191.715,2192.265,-0.549999999999727
"672",1932.747,1933.53,-0.782999999999902
"673",1686.378,1687.079,-0.701000000000022
"674",1421.264,1421.859,-0.595000000000027
"675",1182.68,1183.175,-0.495000000000118
"676",984.147,984.5591,-0.412100000000009
"677",818.941,819.2838,-0.342800000000011
"678",681.468,681.7528,-0.284800000000018
"679",567.072,567.3089,-0.236899999999991
"680",471.879,472.0762,-0.197199999999953
"681",392.667,392.83,-0.163000000000068
"682",326.75,326.8863,-0.136300000000006
"683",271.899,272.0133,-0.114299999999957
"684",226.256,226.3511,-0.095099999999974
"685",188.275,188.354,-0.078999999999979
"686",156.67,156.7356,-0.065600000000018
"687",130.37,130.4249,-0.054900000000004
"688",108.485,108.5307,-0.045699999999997
"689",90.274,90.31191,-0.037909999999997
"690",133.862,133.9285,-0.066500000000019
"691",199.045,199.1519,-0.106899999999996
"692",292.739,292.902,-0.163000000000011
"693",424.307,424.5464,-0.239399999999989
"694",639.845,640.8376,-0.992599999999925
"695",937.95,939.2715,-1.32150000000001
"696",1312.473,1313.999,-1.52600000000007
"697",1748.32,1749.952,-1.63200000000006
"698",2224.292,2225.676,-1.38400000000001
"699",2735.891,2737.235,-1.34400000000005
"700",3250.509,3251.795,-1.28600000000006
"701",3724.34,3725.538,-1.19800000000032
"702",4123.874,4124.962,-1.08800000000065
"703",4433.982,4434.959,-0.976999999999862
"704",4659.38,4660.255,-0.875
"705",4811.259,4812.05,-0.791000000000167
"706",4901.89,4902.612,-0.721999999998843
"707",4945.079,4945.697,-0.618000000000393
"708",4956.431,4957.033,-0.602000000000771
"709",4943.141,4943.736,-0.595000000000255
"710",4911.584,4912.179,-0.595000000000255
"711",4868.811,4869.291,-0.479999999999563
"712",4826.23,4826.772,-0.542000000000371
"713",4778.232,4778.817,-0.585000000000036
"714",4719.454,4720.075,-0.621000000000095
"715",4646.535,4647.188,-0.653000000000247
"716",4560.448,4561.132,-0.683999999999287
"717",4463.337,4464.048,-0.710999999999331
"718",4351.953,4352.687,-0.733999999999469
"719",4221.727,4222.477,-0.75
"720",4058.341,4059.413,-1.07200000000012
"721",3807.515,3808.573,-1.05799999999999
"722",3442.491,3443.479,-0.987999999999829
"723",3030.254,3031.147,-0.893000000000029
"724",2631.162,2631.881,-0.719000000000051
"725",2221.823,2222.435,-0.61200000000008
"726",1848.852,1849.361,-0.509000000000015
"727",1538.488,1538.912,-0.423999999999751
"728",1280.226,1280.579,-0.352999999999838
"729",1065.318,1065.611,-0.29300000000012
"730",886.485,886.7297,-0.24470000000008
"731",737.674,737.8771,-0.203100000000063
"732",613.843,614.0119,-0.168900000000122
"733",510.798,510.9389,-0.140899999999988
"734",425.052,425.1688,-0.116799999999955
"735",353.699,353.7964,-0.097399999999993
"736",294.324,294.4055,-0.081500000000006
"737",244.917,244.9844,-0.067400000000021
"738",203.803,203.8595,-0.0565
"739",169.591,169.6382,-0.047199999999975
"740",141.122,141.1614,-0.039399999999972
"741",117.433,117.4649,-0.031899999999993
"742",131.777,131.8198,-0.0428
"743",219.411,219.4966,-0.0856
"744",350.466,350.6119,-0.145899999999983
"745",538.646,538.8749,-0.228900000000067
"746",813.065,813.8354,-0.770399999999881
"747",1187.001,1187.964,-0.962999999999965
"748",1665.858,1666.927,-1.06899999999996
"749",2218.163,2219.256,-1.0930000000003
"750",2784.545,2785.794,-1.24900000000025
"751",3295.262,3296.417,-1.15499999999975
"752",3720.957,3721.994,-1.03700000000026
"753",4055.716,4056.628,-0.911999999999807
"754",4303.424,4304.221,-0.79700000000048
"755",4473.842,4474.544,-0.702000000000226
"756",4579.653,4580.285,-0.631999999999607
"757",4633.071,4633.652,-0.581000000000131
"758",4645.272,4645.818,-0.546000000000277
"759",4627.824,4628.302,-0.478000000000066
"760",4591.537,4592.017,-0.479999999999563
"761",4540.721,4541.204,-0.483000000001084
"762",4480.63,4481.119,-0.488999999999578
"763",4416.511,4417.01,-0.498999999999796
"764",4352.772,4353.286,-0.514000000000124
"765",4292.679,4293.211,-0.532000000000153
"766",4238.236,4238.787,-0.551000000000386
"767",4190.137,4190.709,-0.572000000000116
"768",4135.213,4135.807,-0.594000000000051
"769",4054.283,4054.897,-0.614000000000488
"770",3939.468,3940.098,-0.630000000000109
"771",3784.258,3784.893,-0.635000000000218
"772",3573.839,3574.629,-0.789999999999964
"773",3254.503,3255.267,-0.763999999999669
"774",2873.361,2874.062,-0.701000000000022
"775",2493.811,2494.431,-0.619999999999891
"776",2096.297,2096.821,-0.523999999999887
"777",1744.398,1744.832,-0.433999999999969
"778",1451.569,1451.932,-0.363000000000056
"779",1207.897,1208.2,-0.303000000000111
"780",1005.131,1005.382,-0.250999999999976
"781",836.402,836.612,-0.210000000000036
"782",695.997,696.1722,-0.175200000000018
"783",579.162,579.307,-0.144999999999982
"784",481.94,482.0601,-0.120099999999979
"785",401.038,401.1375,-0.099499999999978
"786",333.716,333.7996,-0.08359999999999
"787",277.696,277.7655,-0.069500000000005
"788",231.08,231.1378,-0.057799999999986
"789",192.289,192.3372,-0.048200000000009
"790",160.01,160.05,-0.039999999999992
"791",133.15,133.1827,-0.032700000000006
"792",110.798,110.8257,-0.02770000000001
"793",92.199,92.22189,-0.022890000000004
"794",142.184,142.2269,-0.042900000000003
"795",230.833,230.9102,-0.077200000000033
"796",360.594,360.7199,-0.125900000000001
"797",541.704,541.8919,-0.187900000000013
"798",803.443,804.2682,-0.825199999999995
"799",1135.183,1136.189,-1.00599999999986
"800",1532.549,1533.645,-1.096
"801",1977.922,1979.033,-1.11099999999988
"802",2443.395,2444.376,-0.981000000000222
"803",2904.339,2905.261,-0.922000000000025
"804",3329.156,3330.01,-0.854000000000269
"805",3691.047,3691.829,-0.781999999999698
"806",3975.006,3975.711,-0.704999999999927
"807",4177.322,4177.959,-0.636999999999716
"808",4303.38,4303.962,-0.582000000000335
"809",4362.954,4363.49,-0.536000000000058
"810",4367.345,4367.846,-0.501000000000204
"811",4336.378,4336.644,-0.265999999999622
"812",4294.079,4294.414,-0.335000000000036
"813",4235.39,4235.753,-0.362999999999374
"814",4161.292,4161.668,-0.375999999999294
"815",4076.383,4076.662,-0.278999999999996
"816",3996.932,3997.246,-0.314000000000306
"817",3932.62,3932.98,-0.359999999999673
"818",3885.894,3886.305,-0.411000000000513
"819",3856.827,3857.285,-0.457999999999629
"820",3831.009,3831.508,-0.498999999999796
"821",3789.114,3789.65,-0.536000000000058
"822",3724.415,3724.979,-0.563999999999851
"823",3630.918,3631.501,-0.583000000000084
"824",3501.314,3501.974,-0.660000000000309
"825",3324.251,3324.899,-0.647999999999684
"826",3066.995,3067.613,-0.618000000000393
"827",2747.914,2748.483,-0.56899999999996
"828",2413.657,2414.053,-0.395999999999731
"829",2102.062,2102.423,-0.360999999999876
"830",1825.854,1826.181,-0.326999999999998
"831",1543.348,1543.627,-0.278999999999996
"832",1284.27,1284.502,-0.231999999999971
"833",1068.683,1068.877,-0.194000000000187
"834",889.286,889.4472,-0.161200000000122
"835",740.004,740.138,-0.133999999999901
"836",615.781,615.893,-0.11200000000008
"837",512.411,512.5048,-0.093799999999988
"838",426.395,426.472,-0.076999999999998
"839",422.003,422.0905,-0.087500000000034
"840",417.145,417.2399,-0.094900000000052
"841",412.91,412.9948,-0.084799999999973
"842",412.629,412.7244,-0.095399999999984
"843",418.353,418.4578,-0.104800000000012
"844",430.412,430.5287,-0.11669999999998
"845",448.083,448.2112,-0.128199999999936
"846",479.238,479.3805,-0.142499999999984
"847",533.691,533.8558,-0.164800000000014
"848",645.198,645.3966,-0.198600000000056
"849",865.228,865.4797,-0.251700000000028
"850",1224.728,1225.205,-0.476999999999862
"851",1696.901,1697.472,-0.570999999999913
"852",2230.519,2231.148,-0.62900000000036
"853",2766.57,2767.223,-0.652999999999793
"854",3254.883,3255.535,-0.652000000000044
"855",3663.021,3663.647,-0.625999999999749
"856",3977.072,3977.661,-0.588999999999942
"857",4196.965,4197.512,-0.546999999999571
"858",4330.989,4331.494,-0.505000000001019
"859",4397.659,4398.134,-0.475000000000364
"860",4414.916,4415.376,-0.460000000000036
"861",4394.026,4394.48,-0.453999999999724
"862",4345.905,4346.359,-0.453999999999724
"863",4282.692,4283.095,-0.403000000000247
"864",4216.478,4216.907,-0.429000000000087
"865",4151.298,4151.738,-0.440000000000509
"866",4091.918,4092.366,-0.447999999999865
"867",4042.833,4043.283,-0.449999999999818
"868",4002.171,4002.654,-0.48299999999972
"869",3958.265,3958.753,-0.487999999999829
"870",3901.654,3902.142,-0.487999999999829
"871",3822.271,3822.758,-0.486999999999625
"872",3720.618,3721.106,-0.487999999999829
"873",3600.643,3601.132,-0.488999999999578
"874",3455.072,3455.558,-0.485999999999876
"875",3273.382,3273.855,-0.472999999999956
"876",3022.123,3022.675,-0.552000000000135
"877",2712.836,2713.35,-0.514000000000578
"878",2387.319,2387.785,-0.465999999999895
"879",2076.37,2076.784,-0.414000000000215
"880",1771.89,1771.998,-0.107999999999947
"881",1474.448,1474.537,-0.088999999999942
"882",1226.936,1227.011,-0.075000000000046
"883",1020.973,1021.035,-0.062000000000012
"884",849.584,849.6362,-0.052199999999971
"885",706.966,707.0095,-0.043499999999995
"886",588.29,588.3267,-0.036699999999996
"887",489.535,489.5656,-0.030599999999936
"888",407.358,407.3834,-0.025399999999991
"889",338.976,338.9964,-0.020399999999995
"890",282.073,282.0897,-0.016700000000014
"891",234.722,234.7358,-0.013799999999975
"892",195.32,195.3314,-0.011400000000009
"893",162.532,162.5418,-0.009799999999956
"894",198.265,198.3,-0.035000000000025
"895",234.457,234.5159,-0.058899999999994
"896",268.019,268.099,-0.079999999999984
"897",301.836,301.9362,-0.100199999999973
"898",344.945,345.0676,-0.122600000000034
"899",405.454,405.6051,-0.151099999999985
"900",481.714,481.8986,-0.184599999999989
"901",600.88,601.1064,-0.226400000000012
"902",812.78,813.0414,-0.261399999999981
"903",1160.048,1160.367,-0.31899999999996
"904",1643.965,1644.348,-0.383000000000038
"905",2217.778,2218.218,-0.440000000000055
"906",2807.844,2808.409,-0.565000000000055
"907",3341.542,3342.105,-0.563000000000102
"908",3782.363,3782.897,-0.53400000000056
"909",4119.619,4120.109,-0.490000000000691
"910",4357.057,4357.502,-0.445000000000618
"911",4511.988,4512.396,-0.407999999999447
"912",4603.927,4604.31,-0.382999999999811
"913",4645.872,4646.241,-0.368999999999687
"914",4649.59,4649.952,-0.36200000000008
"915",4626.68,4627.008,-0.32799999999952
"916",4588.404,4588.744,-0.340000000000146
"917",4540.898,4541.246,-0.347999999999956
"918",4489.966,4490.322,-0.355999999999767
"919",4441.114,4441.443,-0.328999999999724
"920",4397.61,4397.969,-0.359000000000378
"921",4353.611,4353.979,-0.368000000000393
"922",4304.62,4304.992,-0.372000000000298
"923",4246.377,4246.753,-0.375999999999294
"924",4178.099,4178.483,-0.384000000000015
"925",4099.602,4099.99,-0.38799999999992
"926",4005.123,4005.516,-0.393000000000029
"927",3887.972,3888.37,-0.397999999999683
"928",3739.281,3739.761,-0.480000000000018
"929",3533.967,3534.44,-0.472999999999956
"930",3245.559,3246.005,-0.445999999999458
"931",2908.066,2908.477,-0.411000000000058
"932",2561.507,2561.823,-0.315999999999804
"933",2235.528,2235.814,-0.286000000000058
"934",1944.92,1945.178,-0.257999999999811
"935",1631.17,1631.382,-0.211999999999762
"936",1357.35,1357.526,-0.176000000000158
