"t","accum","c","r"
7.0192,0,0,0
14.038,0,0,0
21.058,0,0,0
28.077,0,0,0
35.096,0,0,0
42.115,0,0,0
49.135,0,0,0
56.154,0,0,0
63.173,0,0,0
70.192,0,0,0
77.212,0,0,0
84.231,0,0,0
91.25,0,0,0
98.269,0,0,0
105.29,4144211,4144211,4144210.93150344
112.31,4244158,99946.9999999995,99948.1063186089
119.33,4350793,106635,106636.573570595
126.35,4479660,128867,128908.187217688
133.37,4654900,175240,175284.914541252
140.38,4907518,252618,252660.139782747
147.4,5268712,361194,361239.045903725
154.42,5777353,508641,509096.729100753
161.44,6532485,755132,755278.955641216
168.46,7663652,1131167,1131312.23544997
175.48,9321191,1657539,1657761.89042092
182.5,11695080,2373889,2374307.9904181
189.52,14933730,3238650,3239098.10439065
196.54,19142800,4209070,4209494.10281568
203.56,24528720,5385920,5386012.40953002
210.58,31337650,6808930,6808192.77500603
217.6,39674510,8336860,8329579.59960471
224.62,49041700,9367190,9367015.25021179
231.63,59435980,10394280,10393814.1498291
238.65,70938880,11502900,11501883.1738004
245.67,83613070,12674190,12667272.1160094
252.69,96978350,13365280,13364758.6581657
259.71,110795200,13816850,13816499.8592312
266.73,124990700,14195500,14194777.1188772
273.75,139456700,14466000,14467492.1296352
280.77,153274400,13817700,13817477.4451645
287.79,165252300,11977900,11977515.0197177
294.81,175094000,9841700,9841429.44651389
301.83,182513400,7419399.99999997,7419195.66217151
308.85,188099500,5586100.00000003,5588779.08284727
315.87,191784300,3684800,3685127.82717159
322.88,191784300,0,0
329.9,191784300,0,0
336.92,191784300,0,0
343.94,191784300,0,0
350.96,191784300,0,0
357.98,191784300,0,0
365,191784300,0,0
372.02,191784300,0,0
379.04,191784300,0,0
386.06,191784300,0,0
393.08,191784300,0,0
400.1,191784300,0,0
407.12,191784300,0,0
414.13,191784300,0,0
421.15,191784300,0,0
428.17,191784300,0,0
435.19,191784300,0,0
442.21,191784300,0,0
449.23,191784300,0,0
456.25,191784300,0,0
463.27,191784300,0,0
470.29,192999400,1215100,1215160.08632547
477.31,196122000,3122600,3122796.00109398
484.33,200070100,3948099.99999997,3948316.07661101
491.35,206322300,6252200,6251208.16277346
498.37,215300900,8978600.00000003,8978704.29994372
505.38,227446000,12145100,12145200.7406533
512.4,243197200,15751200,15751225.7985133
519.42,262943400,19746200,19739146.8702565
526.44,286354700,23411300,23410740.3786078
533.46,313454700,27100000,27098967.7779559
540.48,344658100,31203400,31201828.4413285
547.5,380569100,35911000,35909400.215213
554.52,421641100,41072000,41069390.4021479
561.54,468557700,46916600.0000001,46898933.112756
568.56,523008000,54450299.9999999,54438921.7247288
575.58,587416900,64408900,64375510.74848
582.6,665259100,77842200,77810857.8060179
589.62,762078800,96819700,96678278.033236
596.63,883981400,121902600,121852337.905073
603.65,1039138000,155156600,155074651.450725
610.67,1235284000,196146000,195725433.594813
617.69,1442873000,207589000,207511209.746814
624.71,1646521000,203648000,203571920.126863
631.73,1841871000,195350000,195268464.119205
638.75,2023652000,181781000,181687328.002503
645.77,2190338000,166686000,166609955.019288
652.79,2341602000,151264000,151193452.291632
659.81,2472431000,130829000,130766082.821792
666.83,2578068000,105637000,105588283.224998
673.85,2658633000,80565000,80603948.3009291
680.87,2731105000,72472000,72441760.127017
687.88,2744695000,13590000,13584442.3811836
694.9,2744695000,0,0
701.92,2744695000,0,0
708.94,2744695000,0,0
715.96,2744695000,0,0
722.98,2744695000,0,0
730,2744695000,0,0
737.02,2744695000,0,0
744.04,2744695000,0,0
751.06,2744695000,0,0
758.08,2744695000,0,0
765.1,2744695000,0,0
772.12,2744695000,0,0
779.13,2744695000,0,0
786.15,2744695000,0,0
793.17,2744695000,0,0
800.19,2744695000,0,0
807.21,2744695000,0,0
814.23,2744695000,0,0
821.25,2744695000,0,0
828.27,2744695000,0,0
835.29,2744695000,0,0
842.31,2784035000,39340000,39322543.6803484
849.33,2834344000,50308999.9999995,50287244.3968453
856.35,2920207000,85863000.0000005,85860243.9139657
863.37,3057970000,137763000,137699474.786241
870.38,3259319000,201349000,201255212.643429
877.4,3535288000,275969000,275838054.688247
884.42,3893978000,358689999.999999,358011823.191917
891.44,4293269000,399291000.000001,399069632.862847
898.46,4716653000,423384000,423176244.892701
905.48,5169627000,452974000,452723608.374406
912.5,5660065000,490438000,490171057.390463
919.52,6198304000,538239000,537954648.499512
926.54,6797781000,599477000,599140980.524635
933.56,7475950000,678169000,677785277.954123
940.58,8254099000,778149000,777687402.682169
947.6,9156086000,901987000,901388725.776541
954.62,10205460000,1049374000,1048206309.19149
961.63,11432610000,1227150000,1225442167.69094
968.65,12870920000,1438310000,1437465628.02406
975.67,14550410000,1679490000,1676697886.30403
982.69,16338560000,1788150000,1786906621.26105
989.71,18163910000,1825350000,1824346916.09299
996.73,20003790000,1839880000,1838533326.96441
1003.8,21828290000,1824500000,1823242770.82652
1010.8,23613390000,1785100000,1783877313.5549
1017.8,25335310000,1721920000,1721131407.69142
1024.8,26957980000,1622670000,1621381498.68973
1031.8,28442590000,1484610000,1483493433.26204
1038.8,29695100000,1252510000,1249173450.07856
1045.9,30531590000,836490000,835753653.752773
1052.9,30531590000,0,0
1059.9,30531590000,0,0
1066.9,30531590000,0,0
1073.9,30531590000,0,0
1081,30531590000,0,0
1088,30531590000,0,0
1095,30531590000,0,0
1102,30531590000,0,0
1109,30531590000,0,0
1116.1,30531590000,0,0
1123.1,30531590000,0,0
1130.1,30531590000,0,0
1137.1,30531590000,0,0
1144.1,30531590000,0,0
1151.2,30531590000,0,0
1158.2,30531590000,0,0
1165.2,30531590000,0,0
1172.2,30531590000,0,0
1179.2,30531590000,0,0
1186.2,30837290000,305700000,305429961.871109
1193.3,31347520000,510229999.999996,509776184.585384
1200.3,31873600000,526080000.000004,525624024.249077
1207.3,32495450000,621850000,621316752.325607
1214.3,33255170000,759720000,759081352.440475
1221.3,34211120000,955950000,956774492.83168
1228.4,35571580000,1360460000,1359394928.70832
1235.4,37429130000,1857550000,1856070065.19321
1242.4,39850440000,2421310000,2419375904.54193
1249.4,42893470000,3043030000,3039685171.28493
1256.4,46525790000,3632320000,3629354328.0761
1263.5,50758170000,4232380000,4228983258.36704
1270.5,55652110000,4893940000,4889972739.97849
1277.5,61299170000,5647060000,5642223747.5912
1284.5,67856520000,6557350000,6552014764.47417
1291.5,75571040000,7714520000,7707518460.00378
1298.6,84795200000,9224160000.00002,9213182042.68115
1305.6,96049710000,11254510000,11239394662.9848
1312.6,109752800000,13703090000,13678856915.3673
1319.6,125456600000,15703800000,15686818196.6377
1326.6,143580600000,18124000000,18109117833.3809
1333.7,164666600000,21086000000,21067595395.1242
1340.7,189143300000,24476700000,24437096225.819
1347.7,215911000000,26767700000,26743838097.1757
1354.7,244311200000,28400200000,28373428574.8293
1361.7,274025000000,29713800000,29685837944.0448
1368.8,304629900000,30604900000,30576169159.1526
1375.8,333898900000,29269000000,29241581022.8886
1382.8,359055800000,25156900000,25136668293.6473
1389.8,379339200000,20283400000,20262401041.9932
1396.8,394085500000,14746300000,14731927750.5729
1403.8,405417200000,11331700000.0001,11331614015.8711
1410.9,416229000000,10811799999.9999,10803275921.7128
1417.9,426601400000,10372400000.0001,10364275308.9063
1424.9,432410800000,5809400000,5804896492.17175
1431.9,432410800000,0,0
1438.9,432410800000,0,0
1446,432410800000,0,0
1453,432410800000,0,0
1460,432410800000,0,0
1467,432410800000,0,0
1474,432410800000,0,0
1481.1,432410800000,0,0
1488.1,432410800000,0,0
1495.1,432410800000,0,0
1502.1,432410800000,0,0
1509.1,432410800000,0,0
1516.2,432410800000,0,0
1523.2,432410800000,0,0
1530.2,432410800000,0,0
1537.2,432410800000,0,0
1544.2,432410800000,0,0
1551.2,432410800000,0,0
1558.3,432410800000,0,0
1565.3,432634900000,224100000.000061,223937416.612061
1572.3,438911100000,6276199999.99994,6271220472.22766
1579.3,446695400000,7784300000.00006,7778026457.45795
1586.3,459901700000,13206299999.9999,13180811244.5771
1593.4,478504400000,18602700000,18586342252.4194
1600.4,503054600000,24550200000,24528390354.2031
1607.4,534249800000,31195200000,31167292997.416
1614.4,572653300000,38403500000,38351503470.239
1621.4,617027100000,44373800000,44332633342.9484
1628.5,666988600000,49961500000,49915072355.547
1635.5,723000500000,56011900000,55956936302.8167
1642.5,785718200000,62717700000,62656154088.8312
1649.5,858799000000,73080800000,73008899073.8474
1656.5,947835300000,89036300000,88944157768.6523
1663.6,1056559000000,108723700000,108591718678.257
1670.6,1190480000000,133921000000,133726131186.906
1677.6,1351109000000,160629000000,160205739155.104
1684.6,1521290000000,170181000000,169986383635.152
1691.6,1702240000000,180950000000,180762734282.643
1698.7,1896543000000,194303000000,194082471990.553
1705.7,2104978000000,208435000000,208126674683.16
1712.7,2319744000000,214766000000,214544567279.589
1719.7,2535187000000,215443000000,215202109915.881
1726.7,2747155000000,211968000000,211742485862.176
1733.8,2950872000000,203717000000,203510482896.907
1740.8,3146695000000,195823000000,195608505415.558
1747.8,3337061000000,190366000000,190175671143.424
1754.8,3518165000000,181104000000,180898924222.521
1761.8,3686021000000,167856000000,167672276368.377
1768.8,3831063000000,145042000000,144638304348.645
1775.9,3935161000000,104098000000,103973694998.299
1782.9,3954753000000,19592000000,19568145198.4292
1789.9,3954753000000,0,0
1796.9,3954753000000,0,0
1803.9,3954753000000,0,0
1811,3954753000000,0,0
1818,3954753000000,0,0
1825,3954753000000,0,0
1832,3954753000000,0,0
1839,3954753000000,0,0
1846.1,3954753000000,0,0
1853.1,3954753000000,0,0
1860.1,3954753000000,0,0
1867.1,3954753000000,0,0
1874.1,3954753000000,0,0
1881.2,3954753000000,0,0
1888.2,3954753000000,0,0
1895.2,3954753000000,0,0
1902.2,3954753000000,0,0
1909.2,3954753000000,0,0
1916.2,3954753000000,0,0
1923.3,3954753000000,0,0
1930.3,3954753000000,0,0
1937.3,3956004000000,1251000000,1249620977.58545
1944.3,4012522000000,56517999999.9995,56451321617.5859
1951.3,4103293000000,90771000000.0005,90508464256.0483
1958.4,4250675000000,147382000000,147213399420.786
1965.4,4464057000000,213382000000,213143966531.213
1972.4,4754184000000,290127000000,289804854207.884
1979.4,5129838000000,375654000000,374978477439.297
1986.4,5572519000000,442681000000,442148689156.82
1993.5,6075863000000,503344000000,502759721528.46
2000.5,6645678000000,569815000000,569148704872.104
2007.5,7290119000000,644441000000,643647504529.578
2014.5,7985881000000,695762000000,694947246098.567
2021.5,8701144000000,715262999999.999,714397143345.239
2028.6,9445125000000,743981000000.001,743160201432.686
2035.6,10227690000000,782565000000,781711005574.523
2042.6,11062780000000,835090000000,834205934123.275
2049.6,11977800000000,915020000000,913671360804.844
2056.6,12987310000000,1009510000000,1007555481787.47
2063.7,14102740000000,1115430000000,1114217977712.37
2070.7,15328530000000,1225790000000,1222378099983.7
2077.7,16511310000000,1182780000000,1181685311852.72
2084.7,17584830000000,1073520000000,1072647678158.79
2091.7,18538540000000,953710000000,952981542788.686
2098.8,19359430000000,820890000000,820267791792.746
2105.8,20094630000000,735200000000.004,734671336902.367
2112.8,20813160000000,718529999999.996,718024859583.957
2119.8,21507950000000,694790000000,694306696977.469
2126.8,22170630000000,662680000000,662240799022.859
2133.8,22779410000000,608780000000.004,607871136618.398
2140.9,23267380000000,487969999999.992,487682940321.324
2147.9,23661520000000,394140000000.004,393899266638.781
2154.9,23995190000000,333669999999.996,333462831378.898
2161.9,23995190000000,0,0
2168.9,23995190000000,0,0
2176,23995190000000,0,0
2183,23995190000000,0,0
2190,23995190000000,0,0
2197,23995190000000,0,0
2204,23995190000000,0,0
2211.1,23995190000000,0,0
2218.1,23995190000000,0,0
2225.1,23995190000000,0,0
2232.1,23995190000000,0,0
2239.1,23995190000000,0,0
2246.2,23995190000000,0,0
2253.2,23995190000000,0,0
2260.2,23995190000000,0,0
2267.2,23995190000000,0,0
2274.2,23995190000000,0,0
2281.2,23995190000000,0,0
2288.3,23995190000000,0,0
2295.3,23995190000000,0,0
2302.3,23995190000000,0,0
2309.3,23995190000000,0,0
2316.3,24184910000000,189720000000.004,189737577819.227
2323.4,24491750000000,306840000000,306644897449.734
2330.4,25151210000000,659459999999.996,659037377329.609
2337.4,26262500000000,1111290000000,1110578495868.17
2344.4,27886390000000,1623890000000,1620257028557.81
2351.4,29811910000000,1925520000000,1924247128935.19
2358.5,31937050000000,2125140000000,2123945083206.64
2365.5,34264880000000,2327830000000,2326555066984.45
2372.5,36800320000000,2535440000000,2534060261611.57
2379.5,39461450000000,2661130000000,2659740598557.3
2386.5,42147330000000,2685880000000,2684543653847.95
2393.6,44868180000000,2720849999999.99,2719548283433.66
2400.6,47634590000000,2766410000000.01,2765170700692.72
2407.6,50455160000000,2820570000000,2819438829135.05
2414.6,53335890000000,2880730000000,2879492872312.8
2421.6,56282620000000,2946730000000,2945713035328.04
2428.7,59300610000000,3017990000000,3017028509644.72
2435.7,62375450000000,3074840000000,3070895934060.93
2442.7,65221840000000,2846390000000,2845607993358.94
2449.7,67757540000000,2535700000000,2535132266132.99
2456.7,70010280000000,2252740000000,2252519351956.48
2463.8,72000120000000,1989840000000,1989535467710.04
2470.8,73664330000000,1664210000000,1664009594448.77
2477.8,74933080000000,1268750000000,1268550815257.02
2484.8,75833250000000,900170000000,900159609756.828
2491.8,76404930000000,571680000000,571703555955.812
2498.8,76761810000000,356880000000,357128570956.266
2505.9,76761810000000,0,0
2512.9,76761810000000,0,0
2519.9,76761810000000,0,0
2526.9,76761810000000,0,0
2533.9,76761810000000,0,0
2541,76761810000000,0,0
2548,76761810000000,0,0
2555,76761810000000,0,0
2562,76761810000000,0,0
2569,76761810000000,0,0
2576.1,76761810000000,0,0
2583.1,76761810000000,0,0
2590.1,76761810000000,0,0
2597.1,76761810000000,0,0
2604.1,76761810000000,0,0
2611.2,76761810000000,0,0
2618.2,76761810000000,0,0
2625.2,76761810000000,0,0
2632.2,76761810000000,0,0
2639.2,76761810000000,0,0
2646.2,76761810000000,0,0
2653.3,76761810000000,0,0
2660.3,76802290000000,40480000000,40482102912.4219
2667.3,77074380000000,272090000000,272094430747.875
2674.3,77525510000000,451130000000,451126824113.906
2681.3,78331900000000,806390000000,804899127826.484
2688.4,79388410000000,1056510000000,1056507645266.38
2695.4,80688560000000,1300150000000,1300153547023.61
2702.4,82241120000000,1552560000000,1552571643868.12
2709.4,84051760000000,1810640000000.02,1810913039623.7
2716.4,86146220000000,2094459999999.98,2094512447332.25
2723.5,88534140000000,2387920000000.02,2387978916845.67
2730.5,91212240000000,2678099999999.98,2678185151064.5
2737.5,94176090000000,2963850000000,2963962703258.45
2744.5,97288760000000,3112670000000,3112829346005.19
2751.5,100389900000000,3101140000000.02,3101278076526.75
2758.6,103490300000000,3100399999999.97,3100730395201.14
2765.6,106603300000000,3113000000000.02,3113249464979.84
2772.6,109732400000000,3129100000000,3129027975415.33
2779.6,112856600000000,3124200000000,3124669306403.61
2786.6,115984500000000,3127900000000,3128356813215.59
2793.7,119126300000000,3141800000000,3142249561165.98
2800.7,122266100000000,3139800000000,3136278329765.09
2807.7,125043600000000,2777500000000.02,2777628848644.22
2814.7,127381800000000,2338199999999.97,2338953140212.45
2821.7,129342600000000,1960800000000.02,1961035048191.39
2828.8,130968600000000,1625999999999.98,1626186576483.97
2835.8,132345900000000,1377300000000.02,1377568629665.81
2842.8,133557400000000,1211500000000,1211743938572.27
2849.8,134605400000000,1048000000000.02,1048144099557.67
2856.8,135489400000000,883999999999.984,884210077842.922
2863.8,136176900000000,687500000000,686158775221.062
2870.9,136605100000000,428199999999.984,428239258296.938
2877.9,136663800000000,58700000000.0156,58741538785.5312
2884.9,136663800000000,0,0
2891.9,136663800000000,0,0
2898.9,136663800000000,0,0
2906,136663800000000,0,0
2913,136663800000000,0,0
2920,136663800000000,0,0
2927,136663800000000,0,0
2934,136663800000000,0,0
2941.1,136663800000000,0,0
2948.1,136663800000000,0,0
2955.1,136663800000000,0,0
2962.1,136663800000000,0,0
2969.1,136663800000000,0,0
2976.2,136663800000000,0,0
2983.2,136663800000000,0,0
2990.2,136663800000000,0,0
2997.2,136663800000000,0,0
3004.2,136663800000000,0,0
3011.2,136663800000000,0,0
3018.3,136789200000000,125399999999.984,125427768064
3025.3,137029000000000,239800000000.016,239810090477.625
3032.3,137338400000000,309400000000,309456067231.875
3039.3,137858200000000,519800000000,519842045253.922
3046.3,138620600000000,762400000000,762333041346.969
3053.4,139632300000000,1011700000000,1011954930911.25
3060.4,140906300000000,1274000000000,1274211873520.59
3067.4,142451600000000,1545300000000,1545564178057.03
3074.4,144267900000000,1816300000000,1816086078750.22
3081.4,146285100000000,2017200000000,2017522387642.78
3088.5,148468800000000,2183700000000,2184086936600.09
3095.5,150814200000000,2345400000000,2345821337268.75
3102.5,153317900000000,2503700000000,2504106865538.41
3109.5,155963000000000,2645100000000,2645522626788.66
3116.5,158731500000000,2768499999999.97,2768864115952.12
3123.6,161627000000000,2895500000000.03,2895872307241.12
3130.6,164655500000000,3028500000000,3028922070183.53
3137.6,167753500000000,3098000000000,3095476944005.69
3144.6,170668500000000,2915000000000,2915352214463.44
3151.6,173406300000000,2737800000000,2738148015547.75
3158.7,175995700000000,2589400000000,2589550641508.44
3165.7,178458000000000,2462300000000,2462539286453.25
3172.7,180820700000000,2362700000000,2362839265551.94
3179.7,183098200000000,2277500000000,2277629586602.25
3186.7,185296900000000,2198700000000,2198743173749.84
3193.8,187421100000000,2124200000000,2124282345995.97
3200.8,189335400000000,1914300000000,1914284274562.53
3207.8,190895400000000,1560000000000,1560043004161.81
3214.8,192134400000000,1239000000000,1239046829772.5
3221.8,193076900000000,942500000000,942534146714.219
3228.8,193737000000000,660100000000,659944355358.344
3235.9,194168000000000,431000000000,430976506072.844
3242.9,194270400000000,102400000000,102354934653.594
3249.9,194270400000000,0,0
3256.9,194270400000000,0,0
3263.9,194270400000000,0,0
3271,194270400000000,0,0
3278,194270400000000,0,0
3285,194270400000000,0,0
3292,194270400000000,0,0
3299,194270400000000,0,0
3306.1,194270400000000,0,0
3313.1,194270400000000,0,0
3320.1,194270400000000,0,0
3327.1,194270400000000,0,0
3334.1,194270400000000,0,0
3341.2,194270400000000,0,0
3348.2,194270400000000,0,0
3355.2,194270400000000,0,0
3362.2,194270400000000,0,0
3369.2,194270400000000,0,0
3376.2,194270400000000,0,0
3383.3,194389900000000,119500000000,119493449064
3390.3,194654000000000,264100000000,264161107584.25
3397.3,195147400000000,493400000000,493309027063.5
3404.3,195990400000000,843000000000,843016350478.281
3411.3,197200400000000,1210000000000,1208342041863.97
3418.4,198644100000000,1443700000000,1443731083831.41
3425.4,200303900000000,1659799999999.97,1659790818335.72
3432.4,202180200000000,1876300000000.03,1876185448313.78
3439.4,204270800000000,2090600000000.03,2090689412623.91
3446.4,206563300000000,2292499999999.97,2292310839918.62
3453.5,209051400000000,2488100000000.03,2487997178108.75
3460.5,211735800000000,2684399999999.97,2684292441297.41
3467.5,214619800000000,2884000000000,2883568185584.91
3474.5,217541800000000,2922000000000,2921965310186.38
3481.5,220320500000000,2778700000000,2778558570730.78
3488.6,222982800000000,2662300000000,2662218480036.81
3495.6,225551800000000,2569000000000,2568876499505.56
3502.6,228093600000000,2541800000000,2543550973224.84
3509.6,230810000000000,2716400000000,2716155149247.91
3516.6,233730300000000,2920300000000,2920107863699.38
3523.7,236861300000000,3131000000000,3130872469678.97
3530.7,240177000000000,3315700000000,3309937934292.34
3537.7,243173400000000,2996400000000,2996317235748.31
3544.7,245721300000000,2547900000000,2548058742553
3551.7,247881300000000,2160000000000,2160161661019.41
3558.8,249695700000000,1814400000000,1814534836701.75
3565.8,251285000000000,1589300000000.03,1589326799727.69
3572.8,252771900000000,1486899999999.94,1486876019129.75
3579.8,254154400000000,1382500000000.03,1382502272926.06
3586.8,255428700000000,1274300000000,1274386668193.25
3593.8,256574900000000,1146199999999.97,1145535698644.47
3600.9,257523800000000,948900000000.031,948839585291.125
3607.9,258267000000000,743200000000.031,743265293531.688
3614.9,258804300000000,537299999999.969,537362223044.219
3621.9,259230700000000,426400000000,426301597050.688
3628.9,259342200000000,111500000000,111439574508.688
3636,259342200000000,0,0
3643,259342200000000,0,0
3650,259342200000000,0,0
3657,259342200000000,0,0
3664,259342200000000,0,0
3671.1,259342200000000,0,0
3678.1,259342200000000,0,0
3685.1,259342200000000,0,0
3692.1,259342200000000,0,0
3699.1,259342200000000,0,0
3706.2,259342200000000,0,0
3713.2,259342200000000,0,0
3720.2,259342200000000,0,0
3727.2,259342200000000,0,0
3734.2,259342200000000,0,0
3741.2,259528300000000,186100000000.031,186153102320.875
3748.3,259800500000000,272199999999.969,272143351403.344
3755.3,260072400000000,271900000000,271930172393
3762.3,260347600000000,275200000000,275151666687.969
3769.3,260686600000000,339000000000,339082055835.344
3776.3,261179600000000,493000000000,495389701549.75
3783.4,262113100000000,933500000000,933444643149.531
3790.4,263596500000000,1483400000000,1483349183539.44
3797.4,265687500000000,2091000000000,2090811401613.06
3804.4,268394000000000,2706499999999.97,2701752765298.84
3811.4,271244600000000,2850600000000.03,2850261151884.59
3818.5,274042800000000,2798200000000,2798362680683.19
3825.5,276797000000000,2754200000000,2754254821343.38
3832.5,279515900000000,2718900000000,2718995781836.94
3839.5,282307500000000,2791600000000,2791616758973.84
3846.5,285299300000000,2991800000000,2992013136895.62
3853.6,288490000000000,3190700000000,3190865776509.19
3860.6,291877200000000,3387200000000,3387227828564.38
3867.6,295420300000000,3543100000000,3541917080391
3874.6,298973500000000,3553200000000,3553340165108.12
3881.6,302531200000000,3557700000000,3558000226350.31
3888.7,306104900000000,3573700000000,3574026032098.38
3895.7,309669000000000,3564100000000,3558354969981.06
3902.7,312706400000000,3037400000000,3037384247847.25
3909.7,315135500000000,2429100000000,2429634072038.31
3916.7,317066000000000,1930500000000,1930779658186.5
3923.8,318573300000000,1507300000000,1507500823646.62
3930.8,319864400000000,1291100000000,1291352304590
3937.8,321154900000000,1290500000000,1290620808022.62
3944.8,322445000000000,1290100000000,1290351923356
3951.8,323732100000000,1287100000000,1287310618030.69
3958.8,324930100000000,1198000000000,1194575645471.06
3965.9,325720800000000,790700000000,790773585329.938
3972.9,326156100000000,435300000000,435409428847.625
3979.9,326213500000000,57400000000,57329794528.3125
3986.9,326213500000000,0,0
3993.9,326213500000000,0,0
4001,326213500000000,0,0
4008,326213500000000,0,0
4015,326213500000000,0,0
4022,326213500000000,0,0
4029,326213500000000,0,0
4036.1,326213500000000,0,0
4043.1,326213500000000,0,0
4050.1,326213500000000,0,0
4057.1,326213500000000,0,0
4064.1,326213500000000,0,0
4071.2,326213500000000,0,0
4078.2,326213500000000,0,0
4085.2,326213500000000,0,0
4092.2,326213500000000,0,0
4099.2,326213500000000,0,0
4106.2,326213500000000,0,0
4113.3,326338200000000,124700000000,124742282967.125
4120.3,326566100000000,227900000000,227882794326.375
4127.3,326797800000000,231700000000,231775054034.125
4134.3,327094700000000,296900000000,296960047900.688
4141.3,327565200000000,470500000000,472031643333.688
4148.4,328406700000000,841500000000,841658001289.562
4155.4,329701500000000,1294800000000,1295062794604.06
4162.4,331495700000000,1794200000000,1794417207263.88
4169.4,333803700000000,2308000000000,2305785550862.44
4176.4,336380800000000,2577100000000,2577484677579.69
4183.5,339114700000000,2733900000000,2734341019362.38
4190.5,341999300000000,2884600000000,2885133822947.25
4197.5,345032700000000,3033400000000,3034014918062.06
4204.5,348142900000000,3110200000000,3110689072550.69
4211.5,351250800000000,3107900000000,3108311895233.31
4218.6,354373800000000,3123000000000,3123402968227.38
4225.6,357529900000000,3156100000000,3156468667822.81
4232.6,360695800000000,3165900000000,3164715093273.12
4239.6,363741500000000,3045700000000,3045990504236.56
4246.6,366676900000000,2935400000000,2935781235081.69
4253.7,369522900000000,2846000000000,2846195011073.81
4260.7,372280200000000,2757300000000,2755371486823.38
4267.7,374749400000000,2469200000000,2469379349624.5
4274.7,376889100000000,2139700000000,2139919850370.62
4281.7,378735100000000,1846000000000,1846188676174.88
4288.8,380312900000000,1577800000000,1577791770333.38
4295.8,381661700000000,1348800000000,1348791504527.56
4302.8,382817300000000,1155600000000,1155706372185.12
4309.8,383783100000000,965800000000,965827692419.625
4316.8,384559700000000,776600000000,776560395071.25
4323.8,385163800000000,604100000000,604956323579.812
4330.9,385670300000000,506500000000,506439953015.5
4337.9,386091000000000,420700000000,420722838185.562
4344.9,386478200000000,387200000000,387161309123.938
4351.9,386843100000000,364900000000,364766440338.562
4358.9,386849300000000,6200000000,6121989020.5
4366,386849300000000,0,0
4373,386849300000000,0,0
4380,386849300000000,0,0
4387,386849300000000,0,0
4394,386849300000000,0,0
4401.1,386849300000000,0,0
4408.1,386849300000000,0,0
4415.1,386849300000000,0,0
4422.1,386849300000000,0,0
4429.1,386849300000000,0,0
4436.2,386849300000000,0,0
4443.2,386849300000000,0,0
4450.2,386849300000000,0,0
4457.2,386849300000000,0,0
4464.2,386849300000000,0,0
4471.2,386849300000000,0,0
4478.3,386849300000000,0,0
4485.3,386939600000000,90300000000,90280879511.0625
4492.3,387166000000000,226400000000,226470072702.75
4499.3,387404900000000,238900000000,238831543509.188
4506.3,387814600000000,409700000000,411393981233.312
4513.4,388673000000000,858400000000,858385222362.562
4520.4,390089200000000,1416200000000,1415999289878.25
4527.4,392127700000000,2038500000000,2038367635064.5
4534.4,394814300000000,2686600000000,2683670659436.06
4541.4,397892300000000,3078000000000,3077736725890.56
4548.5,401235400000000,3343100000000,3342949674230.38
4555.5,404827100000000,3591700000000,3591606230202
4562.5,408655300000000,3828200000000.06,3828072361102.25
4569.5,412490900000000,3835599999999.94,3835491464419.94
4576.5,416095600000000,3604699999999.94,3604702258101.94
4583.6,419516100000000,3420500000000.06,3420445300286.5
4590.6,422792500000000,3276400000000,3276416854792.19
4597.6,425993200000000,3200700000000,3202213960492.44
4604.6,429278100000000,3284900000000,3284890752289.62
4611.6,432670700000000,3392600000000,3392732645555.81
4618.7,436177800000000,3507100000000,3507241291732
4625.7,439767000000000,3589200000000,3583319334568.12
4632.7,442878500000000,3111499999999.94,3111766653684.06
4639.7,445410400000000,2531900000000.06,2532466382676.81
4646.7,447464400000000,2053999999999.94,2054403121832.44
4653.8,449111100000000,1646700000000.06,1646863154602.75
4660.8,450418100000000,1307000000000,1307188030487.81
4667.8,451438000000000,1019900000000,1020108078472.69
4674.8,452188600000000,750600000000,750688175055.5
4681.8,452683800000000,495200000000,495255492009.125
4688.8,453060400000000,376600000000,376932181936.875
4695.9,453417700000000,357299999999.938,357322942212.875
4702.9,453612300000000,194600000000.063,194719923155.688
4709.9,453612300000000,0,0
4716.9,453612300000000,0,0
4723.9,453612300000000,0,0
4731,453612300000000,0,0
4738,453612300000000,0,0
4745,453612300000000,0,0
4752,453612300000000,0,0
4759,453612300000000,0,0
4766.1,453612300000000,0,0
4773.1,453612300000000,0,0
4780.1,453612300000000,0,0
4787.1,453612300000000,0,0
4794.1,453612300000000,0,0
4801.2,453612300000000,0,0
4808.2,453612300000000,0,0
4815.2,453612300000000,0,0
4822.2,453612300000000,0,0
4829.2,453612300000000,0,0
4836.2,453612300000000,0,0
4843.3,453612300000000,0,0
4850.3,453613500000000,1200000000,1145161038.75
4857.3,453823900000000,210400000000,210474879313.938
4864.3,454132800000000,308900000000,308942873641
4871.3,454701000000000,568200000000,566644450897.438
4878.4,455403100000000,702100000000,702271522521.625
4885.4,456221700000000,818600000000.063,818812306415.062
4892.4,457159700000000,937999999999.938,938156140045.062
4899.4,458222300000000,1062600000000,1063578237225.75
4906.4,459487300000000,1265000000000,1265290257625.12
4913.5,460992500000000,1505199999999.94,1505485058143.75
4920.5,462739600000000,1747100000000.06,1747435008734.06
4927.5,464727400000000,1987800000000.06,1988213226083.75
4934.5,466887000000000,2159599999999.94,2160067157607.5
4941.5,469132600000000,2245600000000,2245873185904.06
4948.6,471465200000000,2332600000000,2332952828218.94
4955.6,473889900000000,2424700000000,2425034398535.5
4962.6,476389500000000,2499600000000,2499103699778.81
4969.6,478881600000000,2492100000000,2492437302715.25
4976.6,481370900000000,2489300000000,2489632830318.12
4983.7,483871800000000,2500900000000,2501251540632.06
4990.7,486382200000000,2510400000000,2508049865319.56
4997.7,488680700000000,2298500000000,2298463227009.94
5004.7,490713000000000,2032300000000.06,2032503988401.88
5011.7,492511000000000,1797999999999.94,1798265116208.88
5018.8,494096500000000,1585500000000,1585420214316.94
5025.8,495507000000000,1410500000000,1410486987168
5032.8,496778500000000,1271500000000,1271541589664.5
5039.8,497912400000000,1133899999999.94,1133939906572.06
5046.8,498908100000000,995700000000,995659297110
5053.8,499741000000000,832900000000.125,831860359680.688
5060.9,500318700000000,577699999999.875,577666068056.938
5067.9,500710500000000,391800000000.062,391817922450.125
5074.9,500776000000000,65500000000,65435409332.4375
5081.9,500776000000000,0,0
5088.9,500776000000000,0,0
5096,500776000000000,0,0
5103,500776000000000,0,0
5110,500776000000000,0,0
5117,500776000000000,0,0
5124,500776000000000,0,0
5131.1,500776000000000,0,0
5138.1,500776000000000,0,0
5145.1,500776000000000,0,0
5152.1,500776000000000,0,0
5159.1,500776000000000,0,0
5166.2,500776000000000,0,0
5173.2,500776000000000,0,0
5180.2,500776000000000,0,0
5187.2,500776000000000,0,0
5194.2,500776000000000,0,0
5201.2,500776000000000,0,0
5208.3,500776000000000,0,0
5215.3,500776000000000,0,0
5222.3,500936200000000,160200000000.063,160226879762.562
5229.3,501240600000000,304400000000,304356831981.188
5236.3,501854000000000,613399999999.938,612304204245.375
5243.4,502738500000000,884500000000,884529485807.75
5250.4,503903900000000,1165400000000,1165362511873.56
5257.4,505367800000000,1463899999999.94,1463920282839.62
5264.4,507135600000000,1767800000000.06,1766680930937.12
5271.4,509099700000000,1964100000000,1964069781585.81
5278.5,511211200000000,2111500000000,2111402745161.81
5285.5,513468400000000,2257200000000,2257206280477.56
5292.5,515871600000000,2403200000000,2403239781021.12
5299.5,518381800000000,2510199999999.94,2510091925295.75
5306.5,520952700000000,2570900000000,2570756766586.5
5313.6,523591900000000,2639200000000.06,2639060531358.75
5320.6,526308500000000,2716600000000,2716358450588
5327.6,529061300000000,2752800000000.06,2750696517687.5
5334.6,531673500000000,2612199999999.87,2612022834678.62
5341.6,534147400000000,2473900000000.06,2473802871428.38
5348.7,536501800000000,2354400000000,2354359343369.38
5355.7,538750100000000,2248300000000.06,2248145250938.12
5362.7,540901200000000,2151099999999.94,2150778308779.88
5369.7,542960900000000,2059700000000,2059530363112.81
5376.7,544933500000000,1972599999999.94,1972383313948.81
5383.8,546821400000000,1887900000000,1887755305104.31
5390.8,548541400000000,1720000000000,1719892746892.94
5397.8,549998900000000,1457500000000.06,1457387019665.88
5404.8,551207800000000,1208900000000,1208953700413.69
5411.8,552178600000000,970799999999.938,970657729223.188
5418.8,552903700000000,725100000000.063,724458616033.375
5425.9,553370000000000,466299999999.938,466206114178.062
5432.9,553538300000000,168300000000,168355924283.688
5439.9,553538300000000,0,0
5446.9,553538300000000,0,0
5453.9,553538300000000,0,0
5461,553538300000000,0,0
5468,553538300000000,0,0
5475,553538300000000,0,0
5482,553538300000000,0,0
5489,553538300000000,0,0
5496.1,553538300000000,0,0
5503.1,553538300000000,0,0
5510.1,553538300000000,0,0
5517.1,553538300000000,0,0
5524.1,553538300000000,0,0
5531.2,553538300000000,0,0
5538.2,553538300000000,0,0
5545.2,553538300000000,0,0
5552.2,553538300000000,0,0
5559.2,553538300000000,0,0
5566.2,553538300000000,0,0
5573.3,553538300000000,0,0
5580.3,553547800000000,9500000000.125,9455384118.4375
5587.3,553790900000000,243099999999.938,243055892324.375
5594.3,554187500000000,396600000000,396602496455
5601.3,554920100000000,732600000000,730882127645.438
5608.4,555866600000000,946499999999.937,946443979623.875
5615.4,557015000000000,1148400000000.06,1148465606344.62
5622.4,558372400000000,1357400000000,1357365141207.44
5629.4,559944800000000,1572400000000,1572795165550.38
5636.4,561777800000000,1832999999999.94,1832940574002.31
5643.5,563892100000000,2114300000000.06,2114221714939
5650.5,566287800000000,2395700000000,2395516916948
5657.5,568963400000000,2675600000000,2675527008126.88
5664.5,571896100000000,2932700000000,2932604887795.62
5671.5,575058800000000,3162700000000,3162539939459.12
5678.6,578454700000000,3395900000000,3395646395853.5
5685.6,582090700000000,3636000000000,3635823369656.88
5692.6,585820300000000,3729600000000,3723339364731.12
5699.6,589103300000000,3283000000000,3282803969948.62
5706.6,591968800000000,2865500000000,2865998865177.62
5713.7,594487500000000,2518700000000,2518576208485
5720.7,596716600000000,2229100000000,2230953489910.5
5727.7,598858400000000,2141800000000,2141782797723
5734.7,600985500000000,2127100000000,2127028855185
5741.7,603096900000000,2111400000000,2111361622801.25
5748.8,605191500000000,2094600000000,2094508195746.62
5755.8,607155100000000,1963600000000,1963581525207
5762.8,608859200000000,1704100000000,1704106778075.62
5769.8,610319900000000,1460700000000,1460713429519.38
5776.8,611549900000000,1230000000000,1229995940216.38
5783.8,612552100000000,1002200000000,1001997093288.38
5790.9,613310700000000,758600000000,758560614912.5
5797.9,613830600000000,519900000000,519892494093.75
5804.9,614238400000000,407800000000,407784851103.25
5811.9,614264100000000,25700000000,25675303426.125
5818.9,614264100000000,0,0
5826,614264100000000,0,0
5833,614264100000000,0,0
5840,614264100000000,0,0
5847,614264100000000,0,0
5854,614264100000000,0,0
5861.1,614264100000000,0,0
5868.1,614264100000000,0,0
5875.1,614264100000000,0,0
5882.1,614264100000000,0,0
5889.1,614264100000000,0,0
5896.2,614264100000000,0,0
5903.2,614264100000000,0,0
5910.2,614264100000000,0,0
5917.2,614264100000000,0,0
5924.2,614264100000000,0,0
5931.2,614421700000000,157600000000,157613884036.625
5938.3,614682200000000,260500000000,260482376093
5945.3,615019600000000,337400000000,337431017022.875
5952.3,615614100000000,594500000000,594483838430.875
5959.3,616516800000000,902700000000,902652305960.375
5966.3,617749000000000,1232200000000,1231652920204.38
5973.4,619276300000000,1527300000000,1527333898438.75
5980.4,621099200000000,1822900000000,1822852752658.5
5987.4,623219800000000,2120600000000,2120584796685.88
5994.4,625635900000000,2416100000000,2416190858767.62
6001.4,628339800000000,2703900000000,2703797478076.25
6008.5,631324200000000,2984400000000,2984365375081.62
6015.5,634584400000000,3260200000000,3260144237984.62
6022.5,638117700000000,3533300000000,3533317032111.5
6029.5,641788800000000,3671100000000,3671031483716
6036.5,645444100000000,3655300000000,3655335746362.75
6043.6,649102300000000,3658200000000,3658268519755.62
6050.6,652782300000000,3680000000000,3679988514366.38
6057.6,656452300000000,3670000000000,3668389063733.62
6064.6,659954900000000,3502600000000,3502572660238.5
6071.6,663299800000000,3344900000000,3345107229249.62
6078.7,666510200000000,3210400000000,3210542421218.25
6085.7,669584900000000,3074700000000,3071909159588.75
6092.7,672272100000000,2687200000000,2687175234206.88
6099.7,674528200000000,2256100000000,2256101591035.25
6106.7,676406100000000,1877900000000,1878272275258.88
6113.8,677945100000000,1539000000000,1539004026074.75
6120.8,679219800000000,1274700000000,1274767216763.25
6127.8,680301600000000,1081800000000,1081840496770.5
6134.8,681192500000000,890900000000,890941733344.125
6141.8,681891700000000,699200000000,699289534673.5
6148.8,682396000000000,504300000000,504101074756.375
6155.9,682799700000000,403700000000,403688429803.125
6162.9,682851100000000,51400000000,51466444271.875
6169.9,682851100000000,0,0
6176.9,682851100000000,0,0
6183.9,682851100000000,0,0
6191,682851100000000,0,0
6198,682851100000000,0,0
6205,682851100000000,0,0
6212,682851100000000,0,0
6219,682851100000000,0,0
6226.1,682851100000000,0,0
6233.1,682851100000000,0,0
6240.1,682851100000000,0,0
6247.1,682851100000000,0,0
6254.1,682851100000000,0,0
6261.2,682851100000000,0,0
6268.2,682851100000000,0,0
6275.2,682851100000000,0,0
6282.2,682851100000000,0,0
6289.2,682851100000000,0,0
6296.2,682851100000000,0,0
6303.3,682906800000000,55700000000,55652888183.875
6310.3,683144700000000,237900000000,237898013981.625
6317.3,683424900000000,280200000000,280303084654.375
6324.3,683909200000000,484300000000,484246911049.875
6331.3,684652400000000,743200000000,743307766476.75
6338.4,685688000000000,1035600000000,1035610625408.88
6345.4,687038100000000,1350100000000,1350223532707.62
6352.4,688716200000000,1678100000000,1678199855102
6359.4,690723800000000,2007600000000,2007168924777.25
6366.4,692991200000000,2267400000000,2267523066529.5
6373.5,695481900000000,2490700000000,2490910268482.88
6380.5,698187900000000,2706000000000,2706160833804.62
6387.5,701102500000000,2914600000000,2914866173121.88
6394.5,704112000000000,3009500000000,3009692027550.88
6401.5,707088600000000,2976600000000,2976834592668.25
6408.6,710047600000000,2959000000000,2959273059503.25
6415.6,713005400000000,2957800000000,2958022727213.75
6422.6,715954200000000,2948800000000,2948019249482.75
6429.6,718823800000000,2869600000000,2869685080467.62
6436.6,721624000000000,2800200000000,2800442198242.62
6443.7,724370800000000,2746800000000,2747145768194.88
6450.7,727063200000000,2692400000000,2690326373533.38
6457.7,729502600000000,2439400000000,2439307537482.62
6464.7,731645200000000,2142600000000,2142109922332.75
6471.7,733523000000000,1877800000000,1878145432317.75
6478.8,735160700000000,1637700000000,1637837254570.88
6485.8,736598200000000,1437500000000,1437559405111.75
6492.8,737872900000000,1274700000000,1274801562104.38
6499.8,738988100000000,1115200000000,1115213897194.62
6506.8,739944600000000,956500000000,956614425280.25
6513.8,740736400000000,791800000000,791565084763.75
6520.9,741338400000000,602000000000,602066348478.625
6527.9,741764100000000,425700000000,425686370125.625
6534.9,742130800000000,366700000000,366735617322.375
6541.9,742135700000000,4900000000,4888211349.125
6548.9,742135700000000,0,0
6556,742135700000000,0,0
6563,742135700000000,0,0
6570,742135700000000,0,0
