,"c","r",,"js","E0"
7.0192,60.38608,60.3898481272077,-0.003768127207699,60.3878414135027,60.3892857205996
14.038,50.25286,50.2523904397909,0.000469560209105,50.249075757784,50.2514794192925
21.058,41.81834,41.816651585222,0.001688414778009,41.8125496027657,41.8155497898312
28.077,34.79944,34.796969843072,0.002470156928005,34.7924668846614,34.795795555391
35.096,28.95797,28.9556826915894,0.002287308410601,28.9510150282773,28.9544773276428
42.115,24.09593,24.0949626758506,0.000967324149403,24.0903088000653,24.0937660408541
49.135,20.0503,20.0502042722349,9.57277650996957E-05,20.0456867406689,20.0490430361157
56.154,16.68459,16.6844316580102,0.000158341989799,16.6801330875763,16.6833248892396
63.173,13.88371,13.8836626238367,4.73761632999725E-05,13.8796362239258,13.8826241660781
70.192,11.55299,11.5530427248168,-5.27248167987437E-05,11.5493264170655,11.5520889880219
77.212,9.613611,9.61366013658502,-4.91365850194825E-05,9.61026200799872,9.61279066482048
84.231,179.1508,243.003398519314,-63.852598519314,242.983821492563,242.971443104265
91.25,1424.424,2068.89407787136,-644.47007787136,2068.94567590466,2068.93388718862
98.269,2669.985,4138.28380178644,-1468.29880178644,4138.61052284399,4138.39376994758
105.29,3239.576,110600.39161915,-107360.81561915,110571.273281278,110600.036943616
112.31,2743.068,238159.524185605,-235416.456185605,238155.122796552,238163.641564064
119.33,2283.675,348009.793141539,-345726.118141539,348021.988472215,348016.314068847
126.35,1900.39,442809.877425955,-440909.487425955,442765.63133153,442752.002728817
133.37,1581.381,527872.696295787,-526291.315295787,527852.061611393,527833.999985376
140.38,1315.361,600228.491035744,-598913.130035744,600224.290108958,600204.379595511
147.4,1086.977,653857.27492144,-652770.29792144,653861.758982002,653843.147564458
154.42,890.2432,688128.94382593,-687238.70062593,688024.074400796,688012.651611166
161.44,718.2985,713296.12029028,-712577.82179028,713217.83294789,713219.170385225
168.46,570.0254,732034.520891503,-731464.495491503,731966.326077281,731983.85702921
175.48,445.0354,751648.704733301,-751203.669333301,751572.823643869,751609.861202663
182.5,341.9108,787123.503967662,-786781.593167662,787024.967224167,787081.913554825
189.52,259.3381,852787.30469107,-852527.96659107,852662.110430192,852732.266095209
196.54,194.8236,960011.518995406,-959816.695395406,959861.552051805,959937.076892682
203.56,144.9697,1119344.98556596,-1119200.01586596,1119176.50889992,1119248.77090227
210.58,106.851,1337262.78722532,-1337155.93622532,1337084.21762185,1337144.99366357
217.6,78.23642,1610248.15506129,-1610169.91864129,1610297.13817383,1610334.62676705
224.62,57.41692,1914357.11722104,-1914299.70030104,1914414.48406553,1914423.24825483
231.63,42.25637,2242482.08915448,-2242439.83278448,2242515.56774078,2242500.30447037
238.65,31.18976,2595202.69927294,-2595171.50951294,2595214.90091032,2595181.24955471
245.67,23.09863,2973794.66588978,-2973771.56725978,2974018.39444817,2973968.43528498
252.69,17.24368,3357835.92133281,-3357818.67765281,"NaN",3358014.92461749
259.71,12.99787,3735486.45655676,-3735473.45868676,"NaN",3735650.85143355
266.73,9.892612,4103774.00521784,-4103764.11260584,"NaN",4103934.61434661
273.75,7.601765,4459100.16356569,-4459092.56180069,"NaN",4459274.76787191
280.77,5.934375,4738149.39410345,-4738143.45972845,"NaN",4738350.91214545
287.79,4.736953,4862265.73432633,-4862260.99737333,"NaN",4862491.872328
294.81,3.867257,4815133.65545324,-4815129.78819624,"NaN",4815370.42985882
301.83,3.213937,4580121.91687849,-4580118.70294149,"NaN",4580351.15984699
308.85,2.674407,4162371.33774326,-4162368.66333626,"NaN",4161886.16629212
315.87,2.225549,3708393.5646328,-3708391.3390838,"NaN",3708044.27520432
322.88,1.851951,3262611.94094046,-3262610.08898946,"NaN",3262355.03550599
329.9,1.541101,2847918.84330362,-2847917.30220262,"NaN",2847726.61970892
336.92,1.282404,2478352.60620255,-2478351.32379855,"NaN",2478246.92391852
343.94,1.067166,2062317.99713053,-2062316.92996453,"NaN",2062213.06987135
350.96,0.8880255,1716123.24719146,-1716122.35916596,"NaN",1716020.58878569
357.98,0.7389594,1428042.3689638,-1428041.6300044,"NaN",1427944.91227161
365,0.614916,1188319.48784174,-1188318.87292574,"NaN",1188229.72510209
372.02,0.5116901,988839.051017658,-988838.539327558,"NaN",988756.546196262
379.04,0.4257927,822844.923763404,-822844.497970704,"NaN",822769.778429807
386.06,0.3543145,684716.86861269,-684716.51429819,"NaN",684647.915505769
393.08,0.2948401,569775.270709836,-569774.975869736,"NaN",569713.157308698
400.1,0.2453539,474128.606828764,-474128.361474864,"NaN",474072.985924263
407.12,0.2041738,394537.896129515,-394537.691955715,"NaN",394488.336981433
414.13,0.1699049,328307.872463006,-328307.702558106,"NaN",328263.901623995
421.15,0.1413881,273195.77259229,-273195.63120419,"NaN",273156.843961935
428.17,0.1176572,227335.097768176,-227334.980110976,"NaN",227300.842505408
435.19,0.09791142,189172.936837609,-189172.838926189,"NaN",189142.883093451
442.21,0.0814763,159114.402906401,-159114.321430101,"NaN",159089.97554857
449.23,0.06779914,229445.136917984,-229445.069118844,"NaN",229453.467682656
456.25,0.05641773,288657.664963417,-288657.608545687,"NaN",288692.437239301
463.27,0.04694701,352214.47377485,-352214.42682784,"NaN",352274.759950554
470.29,0.03906648,439198.006949959,-439197.967883479,"NaN",439288.765490163
477.31,0.03250852,553100.857408135,-553100.824899615,"NaN",553228.733754016
484.33,0.02705127,695839.39225246,-695839.36520119,"NaN",696007.410082317
491.35,0.02238961,935530.186972002,-935530.164582392,"NaN",935811.731946188
498.37,0.01827833,1390187.14609494,-1390187.12781661,"NaN",1390575.95771091
505.38,0.01471991,2185917.17186235,-2185917.15714244,"NaN",2186428.93266378
512.4,0.01169566,3408859.58716294,-3408859.57546728,"NaN",3409515.54433332
519.42,0.009171845,5067427.98873345,-5067427.9795616,"NaN",5068903.94912955
526.44,0.007118277,7027688.35054325,-7027688.34342497,"NaN",7029354.67236124
533.46,0.005472638,9144058.6021696,-9144058.59669696,"NaN",9145807.21093196
540.48,0.004168224,11296289.8426988,-11296289.8385306,"NaN",11298052.0602198
547.5,0.003145448,13390358.192445,-13390358.1892996,"NaN",13392117.3012539
554.52,0.002354491,15340969.4428531,-15340969.4404986,"NaN",15342720.654431
561.54,0.001750511,17116908.7995208,-17116908.7977703,"NaN",17118681.7265959
568.56,0.00129259,18765989.6588884,-18765989.6575958,"NaN",18767839.6412494
575.58,0.000948061,20378413.1916215,-20378413.1906734,"NaN",20380418.9082206
582.6,0.0006904374,22088564.5057212,-22088564.5050308,"NaN",22090565.4806174
589.62,0.0004987678,24080179.5226827,-24080179.5221839,"NaN",24082598.3152562
596.63,0.0003573602,26548525.9884499,-26548525.9880925,"NaN",26551587.8147402
603.65,0.0002539594,29714717.5713421,-29714717.5710881,"NaN",29718612.6057197
610.67,0.0001792998,33810254.8879884,-33810254.8878091,"NaN","NaN"
617.69,0.0001285217,38526490.1904594,-38526490.1903309,"NaN","NaN"
624.71,9.425288E-05,43141583.9086455,-43141583.9085513,"NaN","NaN"
631.73,7.071967E-05,47286518.0193169,-47286518.0192462,"NaN","NaN"
638.75,5.432963E-05,50607678.8476706,-50607678.8476163,"NaN","NaN"
645.77,4.263176E-05,52955792.4518728,-52955792.4518302,"NaN","NaN"
652.79,3.409496E-05,54234746.2816929,-54234746.2816588,"NaN","NaN"
659.81,2.780354E-05,54115784.1430715,-54115784.1430437,"NaN","NaN"
666.83,2.306562E-05,52295921.4909385,-52295921.4909154,"NaN","NaN"
673.85,1.919513E-05,48415124.0572095,-48415124.0571903,"NaN","NaN"
680.87,1.607972E-05,43643578.3136246,-43643578.3136085,"NaN","NaN"
687.88,0.0001187473,38659487.5159445,-38659487.5158258,"NaN","NaN"
694.9,0.01601838,33857566.2606092,-33857566.2445908,"NaN","NaN"
701.92,0.271624,29491095.4069851,-29491095.1353611,"NaN","NaN"
708.94,0.4340656,24949653.7590021,-24949653.3249365,"NaN","NaN"
715.96,0.3612001,20761430.2166177,-20761429.8554176,"NaN","NaN"
722.98,0.3005663,17276250.488158,-17276250.1875917,"NaN","NaN"
730,0.2501107,14376125.7131267,-14376125.463016,"NaN","NaN"
737.02,0.2081251,11962835.4838759,-11962835.2757508,"NaN","NaN"
744.04,0.1731874,9954658.37594141,-9954658.20275401,"NaN","NaN"
751.06,0.1441147,8283596.03672773,-8283595.89261303,"NaN","NaN"
758.08,0.1199223,6893050.71996389,-6893050.60004159,"NaN","NaN"
765.1,0.09979107,5735935.15720087,-5735935.0574098,"NaN","NaN"
772.12,0.08303932,4773054.02337394,-4773053.94033462,"NaN","NaN"
779.13,0.06910138,3971812.6523923,-3971812.58329092,"NaN","NaN"
786.15,0.05750359,3305071.85039705,-3305071.79289346,"NaN","NaN"
793.17,0.04785223,2750264.11903162,-2750264.07117939,"NaN","NaN"
800.19,0.0398208,2288583.6805636,-2288583.6407428,"NaN","NaN"
807.21,0.03313741,1904404.56867561,-1904404.5355382,"NaN","NaN"
814.23,0.02757573,1584714.63560731,-1584714.60803158,"NaN","NaN"
821.25,0.08621747,1383770.41400124,-1383770.32778377,"NaN","NaN"
828.27,0.8611011,2330930.37076965,-2330929.50966855,"NaN","NaN"
835.29,0.7803959,3476097.55350868,-3476096.77311278,"NaN","NaN"
842.31,0.6497679,5040107.97540933,-5040107.32564143,"NaN","NaN"
849.33,0.5406931,7072695.30769451,-7072694.76700141,"NaN","NaN"
856.35,0.4468704,10537665.3172377,-10537664.8703673,"NaN","NaN"
863.37,0.3621526,17996967.4727324,-17996967.1105798,"NaN","NaN"
870.38,0.2877948,32375549.1001376,-32375548.8123428,"NaN","NaN"
877.4,0.2243432,55362028.4873025,-55362028.2629593,"NaN","NaN"
884.42,0.1717678,86024956.5673019,-86024956.3955341,"NaN","NaN"
891.44,0.1306826,117828940.377845,-117828940.247162,"NaN","NaN"
898.46,0.09915715,146971882.154585,-146971882.055428,"NaN","NaN"
905.48,0.0750315,172506473.665422,-172506473.590391,"NaN","NaN"
912.5,0.05662298,194564774.42523,-194564774.368607,"NaN","NaN"
919.52,0.04261914,213835933.845002,-213835933.802383,"NaN","NaN"
926.54,0.03199823,231333017.299332,-231333017.267334,"NaN","NaN"
933.56,0.02396346,248280515.315342,-248280515.291379,"NaN","NaN"
940.58,0.01790124,266020526.989799,-266020526.971898,"NaN","NaN"
947.6,0.01334139,285914660.223374,-285914660.210033,"NaN","NaN"
954.62,0.009926212,309235251.72974,-309235251.719814,"NaN","NaN"
961.63,0.007374085,337479783.239416,-337479783.232042,"NaN","NaN"
968.65,0.005472866,372210191.734254,-372210191.728781,"NaN","NaN"
975.67,0.004088374,414485701.564894,-414485701.560806,"NaN","NaN"
982.69,0.003622797,459037139.91928,-459037139.915657,"NaN","NaN"
989.71,0.008782563,502438798.952578,-502438798.943795,"NaN","NaN"
996.73,0.0545019,543473864.73034,-543473864.675838,"NaN","NaN"
1003.8,0.348935,580714353.077032,-580714352.728097,"NaN","NaN"
1010.8,1.8066,612951899.430953,-612951897.624353,"NaN","NaN"
1017.8,7.813349,638731163.134385,-638731155.321036,"NaN","NaN"
1024.8,29.13518,655650829.694167,-655650800.558987,"NaN","NaN"
1031.8,93.74869,661351001.826709,-661350908.078019,"NaN","NaN"
1038.8,322.2975,648263553.866397,-648263231.568897,"NaN","NaN"
1045.9,1184.271,595131328.080683,-595130143.809683,"NaN","NaN"
1052.9,2668.925,522367168.683219,-522364499.758219,"NaN","NaN"
1059.9,2733.241,440263239.302416,-440260506.061416,"NaN","NaN"
1066.9,2274.419,366357575.59996,-366355301.18096,"NaN","NaN"
1073.9,1892.619,304858147.861891,-304856255.242891,"NaN","NaN"
1081,1574.91,253682370.019628,-253680795.109628,"NaN","NaN"
1088,1310.534,211097352.848454,-211096042.314454,"NaN","NaN"
1095,1090.538,175660972.118464,-175659881.580464,"NaN","NaN"
1102,907.4722,146173355.875768,-146172448.403568,"NaN","NaN"
1109,755.1373,121635562.454666,-121634807.317366,"NaN","NaN"
1116.1,628.3739,101216904.664443,-101216276.290543,"NaN","NaN"
1123.1,522.8894,84225772.5569267,-84225249.6675267,"NaN","NaN"
1130.1,435.1085,70087017.3916945,-70086582.2831945,"NaN","NaN"
1137.1,362.0726,58321692.6859424,-58321330.6133424,"NaN","NaN"
1144.1,301.3012,48531396.5312508,-48531095.2300508,"NaN","NaN"
1151.2,250.7315,40384556.5188019,-40384305.7873019,"NaN","NaN"
1158.2,208.649,33605279.7744413,-33605071.1254413,"NaN","NaN"
1165.2,173.6297,27964041.3287964,-27963867.6990964,"NaN","NaN"
1172.2,826.2556,30237036.0308961,-30236209.7752961,"NaN","NaN"
1179.2,2487.517,47083723.9447761,-47081236.4277761,"NaN","NaN"
1186.2,3564.092,72136277.9685286,-72132713.8765286,"NaN","NaN"
1193.3,4078.429,100144682.783569,-100140604.354569,"NaN","NaN"
1200.3,4393.627,123367358.369307,-123362964.742307,"NaN","NaN"
1207.3,4596.652,143899008.599174,-143894411.947174,"NaN","NaN"
1214.3,4750.577,167166185.697546,-167161435.120546,"NaN","NaN"
1221.3,4834.318,201437699.618497,-201432865.300497,"NaN","NaN"
1228.4,4724.412,265846406.435937,-265841682.023937,"NaN","NaN"
1235.4,4525.009,381408019.68225,-381403494.67325,"NaN","NaN"
1242.4,4310.135,563805135.373688,-563800825.238688,"NaN","NaN"
1249.4,4112.145,816901102.248788,-816896990.103788,"NaN","NaN"
1256.4,3960.382,1123387014.83915,-1123383054.45715,"NaN","NaN"
1263.5,3820.683,1460876508.30887,-1460872687.62587,"NaN","NaN"
1270.5,3662.889,1808032097.22044,-1808028434.33144,"NaN","NaN"
1277.5,3478.284,2146481443.54242,-2146477965.25842,"NaN","NaN"
1284.5,3272.059,2464551545.33962,-2464548273.28062,"NaN","NaN"
1291.5,3059.93,2757685361.08868,-2757682301.15868,"NaN","NaN"
1298.6,2859.463,3028760690.17174,-3028757830.70874,"NaN","NaN"
1305.6,2682.824,3289771972.17704,-3289769289.35304,"NaN","NaN"
1312.6,2555.45,3556411189.52899,-3556408634.07899,"NaN","NaN"
1319.6,2513.559,3836387011.39342,-3836384497.83442,"NaN","NaN"
1326.6,2522.543,4156259992.48775,-4156257469.94475,"NaN","NaN"
1333.7,2564.277,4549664399.02039,-4549661834.74339,"NaN","NaN"
1340.7,2631.537,5045209104.55525,-5045206473.01825,"NaN","NaN"
1347.7,2765.947,5626525498.95848,-5626522733.01148,"NaN","NaN"
1354.7,2957.371,6270092785.89298,-6270089828.52198,"NaN","NaN"
1361.7,3195.798,6960809170.20187,-6960805974.40387,"NaN","NaN"
1368.8,3481.172,7677784340.43737,-7677780859.26537,"NaN","NaN"
1375.8,3917.799,8286767519.82856,-8286763602.02956,"NaN","NaN"
1382.8,4585.767,8607636127.34647,-8607631541.57947,"NaN","NaN"
1389.8,5448.099,8576934167.89167,-8576928719.79267,"NaN","NaN"
1396.8,6339.465,8138044403.26513,-8138038063.80013,"NaN","NaN"
1403.8,6976.205,7362205309.11283,-7362198332.90783,"NaN","NaN"
1410.9,7484.976,6612725574.27944,-6612718089.30344,"NaN","NaN"
1417.9,7879.544,5920054864.81499,-5920046985.27099,"NaN","NaN"
1424.9,8157.572,5286205615.04409,-5286197457.47209,"NaN","NaN"
1431.9,8279.647,4704735601.47787,-4704727321.83087,"NaN","NaN"
1438.9,8098.652,4130351677.93265,-4130343579.28065,"NaN","NaN"
1446,7551.037,3570288494.24908,-3570280943.21208,"NaN","NaN"
1453,6283.464,2970954333.22674,-2970948049.76274,"NaN","NaN"
1460,5228.687,2472229987.83623,-2472224759.14923,"NaN","NaN"
1467,4350.989,2057220787.2988,-2057216436.3098,"NaN","NaN"
1474,3620.621,1711879961.20361,-1711876340.58261,"NaN","NaN"
1481.1,3012.821,1424510122.61536,-1424507109.79436,"NaN","NaN"
1488.1,2507.063,1185383403.75615,-1185380896.69315,"NaN","NaN"
1495.1,2086.206,986395818.383514,-986393732.177514,"NaN","NaN"
1502.1,1736.029,820811953.150526,-820810217.121526,"NaN","NaN"
1509.1,1444.651,683023329.684235,-683021885.033235,"NaN","NaN"
1516.2,1202.172,568365016.075774,-568363813.903774,"NaN","NaN"
1523.2,1677.351,581677238.128464,-581675560.777464,"NaN","NaN"
1530.2,2322.617,631679173.224693,-631676850.607693,"NaN","NaN"
1537.2,2826.901,666559378.394733,-666556551.493733,"NaN","NaN"
1544.2,3214.679,689181490.095879,-689178275.416879,"NaN","NaN"
1551.2,3506.385,701913223.175417,-701909716.790417,"NaN","NaN"
1558.3,3780.531,718758952.921207,-718755172.390207,"NaN","NaN"
1565.3,4204.236,775214936.211892,-775210731.975892,"NaN","NaN"
1572.3,4842.236,887822652.358515,-887817810.122515,"NaN","NaN"
1579.3,5617.568,1063340139.03484,-1063334521.46684,"NaN","NaN"
1586.3,6362.653,1456671387.75279,-1456665025.09979,"NaN","NaN"
1593.4,6953.866,2310151513.22078,-2310144559.35478,"NaN","NaN"
1600.4,7394.613,3839327031.17484,-3839319636.56184,"NaN","NaN"
1607.4,7694.628,6170601817.7217,-6170594123.0937,"NaN","NaN"
1614.4,7853.98,9285255611.03436,-9285247757.05436,"NaN","NaN"
1621.4,7890.87,12886976350.0127,-12886968459.1427,"NaN","NaN"
1628.5,7800.757,16695311830.2534,-16695304029.4964,"NaN","NaN"
1635.5,7578.645,20508998695.7758,-20508991117.1308,"NaN","NaN"
1642.5,7237.398,24180469815.1048,-24180462577.7068,"NaN","NaN"
1649.5,6746.467,27784215217.3319,-27784208470.8649,"NaN","NaN"
1656.5,6121.594,31367841612.5615,-31367835490.9675,"NaN","NaN"
1663.6,5436.593,34812726179.018,-34812720742.425,"NaN","NaN"
1670.6,4738.547,38059689051.4054,-38059684312.8584,"NaN","NaN"
1677.6,4102.007,41063654311.1542,-41063650209.1472,"NaN","NaN"
1684.6,3624.872,43684367521.795,-43684363896.923,"NaN","NaN"
1691.6,3252.602,46095146527.639,-46095143275.037,"NaN","NaN"
1698.7,2960.367,48561471019.5359,-48561468059.1689,"NaN","NaN"
1705.7,2740.08,51275236966.3358,-51275234226.2558,"NaN","NaN"
1712.7,2622.565,54135483714.1546,-54135481091.5896,"NaN","NaN"
1719.7,2607.876,56989689471.788,-56989686863.912,"NaN","NaN"
1726.7,2697.458,59672191476.014,-59672188778.556,"NaN","NaN"
1733.8,2906.315,61955461195.4095,-61955458289.0945,"NaN","NaN"
1740.8,3200.579,63853812591.2316,-63853809390.6526,"NaN","NaN"
1747.8,3557.904,65453818955.9455,-65453815398.0415,"NaN","NaN"
1754.8,4007.333,66565420753.7241,-66565416746.3911,"NaN","NaN"
1761.8,4566.301,66972655748.357,-66972651182.056,"NaN","NaN"
1768.8,5298.036,65951986692.7168,-65951981394.6808,"NaN","NaN"
1775.9,6193.306,61486010642.8654,-61486004449.5594,"NaN","NaN"
1782.9,6864.039,54888412517.1528,-54888405653.1138,"NaN","NaN"
1789.9,6971.58,47800639932.6326,-47800632961.0526,"NaN","NaN"
1796.9,5801.279,39776485149.1208,-39776479347.8418,"NaN","NaN"
1803.9,4827.433,33099332320.4205,-33099327492.9875,"NaN","NaN"
1811,4017.065,27543040596.4478,-27543036579.3828,"NaN","NaN"
1818,3342.731,22919439845.9148,-22919436503.1838,"NaN","NaN"
1825,2781.595,19072006611.2778,-19072003829.6828,"NaN","NaN"
1832,2314.656,15870428778.5882,-15870426463.9322,"NaN","NaN"
1839,1926.099,13206293605.0293,-13206291678.9303,"NaN","NaN"
1846.1,1602.768,10989380197.6156,-10989378594.8476,"NaN","NaN"
1853.1,1333.713,9144621740.80812,-9144620407.09512,"NaN","NaN"
1860.1,1109.848,7609539538.81692,-7609538428.96892,"NaN","NaN"
1867.1,923.5709,6332149789.66649,-6332148866.09559,"NaN","NaN"
1874.1,768.5571,5269188608.75713,-5269187840.20003,"NaN","NaN"
1881.2,639.5622,4384659818.21735,-4384659178.65515,"NaN","NaN"
1888.2,532.2193,3648617061.0713,-3648616528.852,"NaN","NaN"
1895.2,442.8925,3036131937.56053,-3036131494.66803,"NaN","NaN"
1902.2,368.5585,2526468907.74603,-2526468539.18753,"NaN","NaN"
1909.2,306.6845,2102356172.57958,-2102355865.89508,"NaN","NaN"
1916.2,255.1886,1749437950.72606,-1749437695.53746,"NaN","NaN"
1923.3,212.3435,1455762102.70249,-1455761890.35899,"NaN","NaN"
1930.3,919.2146,2399666528.78699,-2399665609.57239,"NaN","NaN"
1937.3,2305.658,4810188395.10636,-4810186089.44836,"NaN","NaN"
1944.3,3714.689,8485759502.63095,-8485755787.94195,"NaN","NaN"
1951.3,4789.667,13710725915.2919,-13710721125.6249,"NaN","NaN"
1958.4,5440.227,21533536583.7596,-21533531143.5326,"NaN","NaN"
1965.4,5731.049,33575090621.6914,-33575084890.6424,"NaN","NaN"
1972.4,5735.594,49976317655.7332,-49976311920.1392,"NaN","NaN"
1979.4,5510.484,68825439901.6844,-68825434391.2004,"NaN","NaN"
1986.4,5170.158,86987182479.1412,-86987177308.9832,"NaN","NaN"
1993.5,4728.214,102696797498.059,-102696792769.845,"NaN","NaN"
2000.5,4209.405,115307852199.133,-115307847989.728,"NaN","NaN"
2007.5,3660.849,124767652903.49,-124767649242.641,"NaN","NaN"
2014.5,3173.586,131802061709.576,-131802058535.99,"NaN","NaN"
2021.5,2782.203,137292529797.533,-137292527015.33,"NaN","NaN"
2028.6,2466.406,141634371592.554,-141634369126.148,"NaN","NaN"
2035.6,2216.287,145147497999.191,-145147495782.904,"NaN","NaN"
2042.6,2018.469,148001403683.856,-148001401665.387,"NaN","NaN"
2049.6,1853.448,150139955179.278,-150139953325.83,"NaN","NaN"
2056.6,1720.835,151610367113.57,-151610365392.735,"NaN","NaN"
2063.7,1616.374,152380477759.107,-152380476142.733,"NaN","NaN"
2070.7,1543.878,152593216603.165,-152593215059.287,"NaN","NaN"
2077.7,1606.41,154775154553.007,-154775152946.597,"NaN","NaN"
2084.7,1815.364,159271229360.678,-159271227545.314,"NaN","NaN"
2091.7,2184.293,165321592875.815,-165321590691.522,"NaN","NaN"
2098.8,2751.807,171820737009.828,-171820734258.021,"NaN","NaN"
2105.8,3385.615,177539514478.394,-177539511092.779,"NaN","NaN"
2112.8,3977.092,182385114512.019,-182385110534.927,"NaN","NaN"
2119.8,4574.895,186468803388.594,-186468798813.699,"NaN","NaN"
2126.8,5200.088,189770924819.259,-189770919619.171,"NaN","NaN"
2133.8,5885.257,191778611712.727,-191778605827.47,"NaN","NaN"
2140.9,6638.491,189533325428.666,-189533318790.175,"NaN","NaN"
2147.9,7342.336,181716152770.539,-181716145428.203,"NaN","NaN"
2154.9,7883.458,169484625926.975,-169484618043.517,"NaN","NaN"
2161.9,8147.238,154522105091.118,-154522096943.88,"NaN","NaN"
2168.9,7764.015,135812647102.749,-135812639338.734,"NaN","NaN"
2176,6460.698,113014193346.045,-113014186885.347,"NaN","NaN"
2183,5376.16,94042851307.6787,-94042845931.5187,"NaN","NaN"
2190,4473.676,78256050407.242,-78256045933.566,"NaN","NaN"
2197,3722.69,65119391128.8515,-65119387406.1615,"NaN","NaN"
2204,3097.768,54187957521.1301,-54187954423.3621,"NaN","NaN"
2211.1,2577.752,45091559425.5338,-45091556847.7818,"NaN","NaN"
2218.1,2145.029,37522163778.3867,-37522161633.3577,"NaN","NaN"
2225.1,1784.945,31223435257.4521,-31223433472.5071,"NaN","NaN"
2232.1,1485.309,25982038363.9465,-25982036878.6375,"NaN","NaN"
2239.1,1235.971,21620483148.5195,-21620481912.5485,"NaN","NaN"
2246.2,1028.492,17991102041.5922,-17991101013.1002,"NaN","NaN"
2253.2,855.8622,14970967374.6945,-14970966518.8323,"NaN","NaN"
2260.2,712.216,12457829609.7626,-12457828897.5466,"NaN","NaN"
2267.2,592.6706,10366565692.5808,-10366565099.9102,"NaN","NaN"
2274.2,1636.902,16702247011.9516,-16702245375.0496,"NaN","NaN"
2281.2,2531.636,22172455062.9403,-22172452531.3043,"NaN","NaN"
2288.3,3310.502,27060846866.6785,-27060843556.1765,"NaN","NaN"
2295.3,4004.126,31587622473.4571,-31587618469.3311,"NaN","NaN"
2302.3,4633.835,35911376828.3381,-35911372194.5031,"NaN","NaN"
2309.3,5209.889,40092337394.2687,-40092332184.3797,"NaN","NaN"
2316.3,5835.021,45159169483.9972,-45159163648.9762,"NaN","NaN"
2323.4,6621.497,54556501329.2118,-54556494707.7148,"NaN","NaN"
2330.4,7217.75,72882427649.0866,-72882420431.3366,"NaN","NaN"
2337.4,7473.54,96845239682.9604,-96845232209.4204,"NaN","NaN"
2344.4,7409.202,109121774009.72,-109121766600.518,"NaN","NaN"
2351.4,7196.759,107583050342.79,-107583043146.031,"NaN","NaN"
2358.5,6841.198,98746473557.8323,-98746466716.6343,"NaN","NaN"
2365.5,6341.871,87069567332.7764,-87069560990.9054,"NaN","NaN"
2372.5,5744.962,75066673963.6591,-75066668218.6971,"NaN","NaN"
2379.5,5154.31,64707992464.6382,-64707987310.3282,"NaN","NaN"
2386.5,4627.896,56796801125.7162,-56796796497.8202,"NaN","NaN"
2393.6,4165.447,50926368894.3318,-50926364728.8848,"NaN","NaN"
2400.6,3766.986,46637975601.1366,-46637971834.1506,"NaN","NaN"
2407.6,3427.778,43509140157.1446,-43509136729.3666,"NaN","NaN"
2414.6,3140.076,41189551949.462,-41189548809.386,"NaN","NaN"
2421.6,2892.987,39389262236.6855,-39389259343.6985,"NaN","NaN"
2428.7,2675.64,37890345550.8514,-37890342875.2114,"NaN","NaN"
2435.7,2487.153,36713659942.1559,-36713657455.0029,"NaN","NaN"
2442.7,2402.471,37683577234.2279,-37683574831.7569,"NaN","NaN"
2449.7,2409.755,41375381535.98,-41375379126.225,"NaN","NaN"
2456.7,2495.564,47777412342.9225,-47777409847.3585,"NaN","NaN"
2463.8,2665.148,56943256044.4242,-56943253379.2762,"NaN","NaN"
2470.8,3011.724,70820462759.5689,-70820459747.8449,"NaN","NaN"
2477.8,3629.975,91021798774.7089,-91021795144.7339,"NaN","NaN"
2484.8,4525.39,114895576319.153,-114895571793.763,"NaN","NaN"
2491.8,5539.478,134053960813.004,-134053955273.526,"NaN","NaN"
2498.8,6409.74,142513130605.594,-142513124195.854,"NaN","NaN"
2505.9,7033.088,144537617818.75,-144537610785.662,"NaN","NaN"
2512.9,7393.685,142096236121.392,-142096228727.707,"NaN","NaN"
2519.9,7535.497,136843647378.509,-136843639843.012,"NaN","NaN"
2526.9,7534.029,130341682032.355,-130341674498.326,"NaN","NaN"
2533.9,6759.16,114766786030.401,-114766779271.241,"NaN","NaN"
2541,5624.54,95501186626.8335,-95501181002.2935,"NaN","NaN"
2548,4680.359,79469665375.5688,-79469660695.2098,"NaN","NaN"
2555,3894.672,66129317886.0491,-66129313991.3771,"NaN","NaN"
2562,3240.881,55028372657.9648,-55028369417.0838,"NaN","NaN"
2569,2696.87,45790913536.1459,-45790910839.2759,"NaN","NaN"
2576.1,2244.195,38104122235.9601,-38104119991.7651,"NaN","NaN"
2583.1,1867.508,31707684638.2873,-31707682770.7793,"NaN","NaN"
2590.1,1554.069,26384998370.0649,-26384996815.9959,"NaN","NaN"
2597.1,1293.237,21955823781.4522,-21955822488.2152,"NaN","NaN"
2604.1,1076.18,18270179114.5293,-18270178038.3493,"NaN","NaN"
2611.2,895.5535,15203225458.2697,-15203224562.7162,"NaN","NaN"
2618.2,1888.328,27227271799.1141,-27227269910.7861,"NaN","NaN"
2625.2,2706.334,37035621619.0125,-37035618912.6785,"NaN","NaN"
2632.2,3345.646,44556412597.4784,-44556409251.8324,"NaN","NaN"
2639.2,3840.428,50250205881.6772,-50250202041.2492,"NaN","NaN"
2646.2,3613.335,46996601978.7545,-46996598365.4195,"NaN","NaN"
2653.3,4018.945,51753604038.6679,-51753600019.7229,"NaN","NaN"
2660.3,4657.517,60417097217.8872,-60417092560.3702,"NaN","NaN"
2667.3,5548.002,73736764000.0298,-73736758452.0278,"NaN","NaN"
2674.3,6424.393,91063455238.6405,-91063448814.2475,"NaN","NaN"
2681.3,7013.242,111826344051.745,-111826337038.503,"NaN","NaN"
2688.4,7371.366,130369717130.535,-130369709759.169,"NaN","NaN"
2695.4,7524.479,140481699412.257,-140481691887.778,"NaN","NaN"
2702.4,7481.713,139605285586.164,-139605278104.451,"NaN","NaN"
2709.4,7248.274,129551600290.844,-129551593042.57,"NaN","NaN"
2716.4,6825.659,113817332026.171,-113817325200.512,"NaN","NaN"
2723.5,6250.809,96080918123.6674,-96080911872.8584,"NaN","NaN"
2730.5,5578.785,78918835984.2592,-78918830405.4742,"NaN","NaN"
2737.5,4868.608,63668702240.0135,-63668697371.4055,"NaN","NaN"
2744.5,4216.77,51434773249.1557,-51434769032.3857,"NaN","NaN"
2751.5,3659.091,42436595782.2315,-42436592123.1405,"NaN","NaN"
2758.6,3177.779,36037540174.7262,-36037536996.9472,"NaN","NaN"
2765.6,2764.988,31663674065.6794,-31663671300.6914,"NaN","NaN"
2772.6,2415.687,28863865587.6882,-28863863172.0012,"NaN","NaN"
2779.6,2126.044,27339894856.0757,-27339892730.0317,"NaN","NaN"
2786.6,1882.656,26723253566.9138,-26723251684.2578,"NaN","NaN"
2793.7,1675.864,26699971362.7094,-26699969686.8454,"NaN","NaN"
2800.7,1505.083,27207621173.3644,-27207619668.2814,"NaN","NaN"
2807.7,1433.808,30277322542.5681,-30277321108.7601,"NaN","NaN"
2814.7,1458.773,36921880606.7737,-36921879148.0007,"NaN","NaN"
2821.7,1581.179,47477659944.0996,-47477658362.9206,"NaN","NaN"
2828.8,1824.026,62176262570.0829,-62176260746.0569,"NaN","NaN"
2835.8,2158.686,79448327365.9326,-79448325207.2466,"NaN","NaN"
2842.8,2565.601,97595626986.7355,-97595624421.1345,"NaN","NaN"
2849.8,3082.346,116329604197.009,-116329601114.663,"NaN","NaN"
2856.8,3732.194,135044020807.395,-135044017075.201,"NaN","NaN"
2863.8,4576.216,152351578531.957,-152351573955.741,"NaN","NaN"
2870.9,5589.663,161343411140.986,-161343405551.323,"NaN","NaN"
2877.9,6353.084,158337511742.872,-158337505389.788,"NaN","NaN"
2884.9,6384.215,145174661304.07,-145174654919.855,"NaN","NaN"
2891.9,5312.52,120804634102.226,-120804628789.706,"NaN","NaN"
2898.9,4420.718,100525535698.463,-100525531277.745,"NaN","NaN"
2906,3678.623,83650506978.9028,-83650503300.2798,"NaN","NaN"
2913,3061.1,69608296138.3861,-69608293077.2861,"NaN","NaN"
2920,2547.239,57923315189.6096,-57923312642.3706,"NaN","NaN"
2927,2119.639,48199867208.2915,-48199865088.6525,"NaN","NaN"
2934,1763.818,40108705684.9183,-40108703921.1003,"NaN","NaN"
2941.1,1467.728,33375777631.4917,-33375776163.7637,"NaN","NaN"
2948.1,1221.342,27773045066.0429,-27773043844.7009,"NaN","NaN"
2955.1,1016.317,23110848928.4348,-23110847912.1178,"NaN","NaN"
2962.1,845.7285,19231280174.9927,-19231279329.2642,"NaN","NaN"
2969.1,703.7824,16002997092.7776,-16002996388.9952,"NaN","NaN"
2976.2,585.6592,13316612197.9239,-13316611612.2647,"NaN","NaN"
2983.2,487.3624,11081183446.9181,-11081182959.5557,"NaN","NaN"
2990.2,405.5644,9221002334.68527,-9221001929.12087,"NaN","NaN"
2997.2,337.4888,7673088916.8818,-7673088579.393,"NaN","NaN"
3004.2,1283.946,18328946484.5629,-18328945200.6169,"NaN","NaN"
3011.2,2570.577,34127267426.7511,-34127264856.1741,"NaN","NaN"
3018.3,3842.284,51795164392.7536,-51795160550.4696,"NaN","NaN"
3025.3,5011.962,70229771375.4514,-70229766363.4894,"NaN","NaN"
3032.3,5965.177,88725026674.8195,-88725020709.6425,"NaN","NaN"
3039.3,6653.192,108172883606.139,-108172876952.947,"NaN","NaN"
3046.3,7059.935,127522962616.599,-127522955556.664,"NaN","NaN"
3053.4,7248.142,142540278334.541,-142540271086.399,"NaN","NaN"
3060.4,7251.425,148254839332.318,-148254832080.893,"NaN","NaN"
3067.4,7085.448,143180139811.11,-143180132725.662,"NaN","NaN"
3074.4,6763.664,129979481959.538,-129979475195.874,"NaN","NaN"
3081.4,6346.059,113635051873.55,-113635045527.491,"NaN","NaN"
3088.5,5850.934,97134796718.132,-97134790867.198,"NaN","NaN"
3095.5,5302.341,81924484669.9773,-81924479367.6363,"NaN","NaN"
3102.5,4735.029,68666005397.964,-68666000662.935,"NaN","NaN"
3109.5,4187.862,57658027802.4721,-57658023614.6101,"NaN","NaN"
3116.5,3684.294,48865703787.6579,-48865700103.3639,"NaN","NaN"
3123.6,3230.703,42003068752.8736,-42003065522.1706,"NaN","NaN"
3130.6,2828.664,36752334268.9635,-36752331440.2995,"NaN","NaN"
3137.6,2495.886,33183283477.215,-33183280981.329,"NaN","NaN"
3144.6,2265.876,32067366008.1451,-32067363742.2691,"NaN","NaN"
3151.6,2102.446,33019736883.7851,-33019734781.3391,"NaN","NaN"
3158.7,1987.119,35559099828.5418,-35559097841.4228,"NaN","NaN"
3165.7,1909.66,39241821387.755,-39241819478.095,"NaN","NaN"
3172.7,1860.424,43580902325.1315,-43580900464.7075,"NaN","NaN"
3179.7,1835.196,48273545326.2088,-48273543491.0128,"NaN","NaN"
3186.7,1832.722,53149474290.3915,-53149472457.6695,"NaN","NaN"
3193.8,1851.626,58110225241.3347,-58110223389.7087,"NaN","NaN"
3200.8,1977.927,65657933839.9515,-65657931862.0245,"NaN","NaN"
3207.8,2288.434,78452159965.9579,-78452157677.5239,"NaN","NaN"
3214.8,2801.422,96207840687.1908,-96207837885.7688,"NaN","NaN"
3221.8,3553.594,117297903423.322,-117297899869.728,"NaN","NaN"
3228.8,4539.021,137469443737.625,-137469439198.604,"NaN","NaN"
3235.9,5573.973,148723809285.44,-148723803711.467,"NaN","NaN"
3242.9,6361.14,148358981602.76,-148358975241.62,"NaN","NaN"
3249.9,6726.369,140860055245.834,-140860048519.465,"NaN","NaN"
3256.9,5688.358,118267142764.668,-118267137076.31,"NaN","NaN"
3263.9,4733.469,98414008117.7849,-98414003384.3159,"NaN","NaN"
3271,3938.872,81893490080.4116,-81893486141.5396,"NaN","NaN"
3278,3277.662,68146192647.1841,-68146189369.5221,"NaN","NaN"
3285,2727.447,56706651332.8152,-56706648605.3682,"NaN","NaN"
3292,2269.596,47187450084.7948,-47187447815.1988,"NaN","NaN"
3299,1888.603,39266221252.0155,-39266219363.4125,"NaN","NaN"
3306.1,1571.565,32674710154.6229,-32674708583.0579,"NaN","NaN"
3313.1,1307.748,27189666359.1162,-27189665051.3682,"NaN","NaN"
3320.1,1088.213,22625400199.695,-22625399111.482,"NaN","NaN"
3327.1,905.5474,18827331395.5383,-18827330489.9909,"NaN","NaN"
3334.1,753.5593,15666834030.8194,-15666833277.2601,"NaN","NaN"
3341.2,627.0835,13036890344.5212,-13036889717.4377,"NaN","NaN"
3348.2,521.8341,10848427386.9171,-10848426865.083,"NaN","NaN"
3355.2,1324.495,19375387174.3384,-19375385849.8434,"NaN","NaN"
3362.2,2403.463,31252373957.3625,-31252371553.8995,"NaN","NaN"
3369.2,3343.731,41823637234.5406,-41823633890.8096,"NaN","NaN"
3376.2,4197.452,51838482198.3036,-51838478000.8516,"NaN","NaN"
3383.3,5106.063,64056080655.3383,-64056075549.2753,"NaN","NaN"
3390.3,6058.609,80303856612.3737,-80303850553.7647,"NaN","NaN"
3397.3,6746.892,99712443510.4648,-99712436763.5728,"NaN","NaN"
3404.3,7015.889,120000610748.876,-120000603732.987,"NaN","NaN"
3411.3,6992.481,133631348295.126,-133631341302.645,"NaN","NaN"
3418.4,6875.93,136728735299.164,-136728728423.234,"NaN","NaN"
3425.4,6656.073,130463588840.032,-130463582183.959,"NaN","NaN"
3432.4,6321.868,118225897990.083,-118225891668.215,"NaN","NaN"
3439.4,5883.282,103372123481.022,-103372117597.74,"NaN","NaN"
3446.4,5372.965,88392339795.2465,-88392334422.2815,"NaN","NaN"
3453.5,4825.288,74623920569.3469,-74623915744.0589,"NaN","NaN"
3460.5,4273.694,62652335643.0751,-62652331369.3811,"NaN","NaN"
3467.5,3745.172,52635998605.1979,-52635994860.0259,"NaN","NaN"
3474.5,3311.123,45435927257.7788,-45435923946.6558,"NaN","NaN"
3481.5,2987.051,41423670205.5241,-41423667218.4731,"NaN","NaN"
3488.6,2736.685,39891130377.1508,-39891127640.4658,"NaN","NaN"
3495.6,2543.254,40196529546.1581,-40196527002.9041,"NaN","NaN"
3502.6,2373.71,41264158383.767,-41264156010.057,"NaN","NaN"
3509.6,2177.936,41282229319.9858,-41282227142.0498,"NaN","NaN"
3516.6,1979.655,40272805758.8576,-40272803779.2026,"NaN","NaN"
3523.7,1786.746,38496843278.9526,-38496841492.2066,"NaN","NaN"
3530.7,1608.445,36458733846.2989,-36458732237.8539,"NaN","NaN"
3537.7,1528.613,37025914202.1577,-37025912673.5447,"NaN","NaN"
3544.7,1540.217,41310767731.5016,-41310766191.2846,"NaN","NaN"
3551.7,1640.886,49502371549.483,-49502369908.597,"NaN","NaN"
3558.8,1850.947,61771061800.9654,-61771059950.0184,"NaN","NaN"
3565.8,2112.278,75914852515.686,-75914850403.408,"NaN","NaN"
3572.8,2383.424,89723980534.5752,-89723978151.1512,"NaN","NaN"
3579.8,2700.955,103342826435.888,-103342823734.933,"NaN","NaN"
3586.8,3084.21,116951885240.008,-116951882155.798,"NaN","NaN"
3593.8,3573.184,131146663937.72,-131146660364.536,"NaN","NaN"
3600.9,4250.862,146893735683.982,-146893731433.12,"NaN","NaN"
3607.9,5085.99,162500032144.418,-162500027058.428,"NaN","NaN"
3614.9,5970.174,173766760505.201,-173766754535.027,"NaN","NaN"
3621.9,6784.615,177502416746.793,-177502409962.178,"NaN","NaN"
3628.9,7350.612,172379658687.113,-172379651336.501,"NaN","NaN"
3636,7539.609,161356477059.412,-161356469519.803,"NaN","NaN"
3643,6792.351,140514680554.576,-140514673762.225,"NaN","NaN"
3650,5652.135,116926939680.584,-116926934028.449,"NaN","NaN"
3657,4703.325,97298763377.876,-97298758674.551,"NaN","NaN"
3664,3913.787,80965387050.4876,-80965383136.7006,"NaN","NaN"
3671.1,3256.787,67373915929.8166,-67373912673.0296,"NaN","NaN"
3678.1,2710.077,56063999693.3479,-56063996983.2709,"NaN","NaN"
3685.1,2255.139,46652653697.757,-46652651442.618,"NaN","NaN"
3692.1,1876.572,38821167294.6324,-38821165418.0604,"NaN","NaN"
3699.1,1561.554,32304359769.9136,-32304358208.3596,"NaN","NaN"
3706.2,1299.418,26881516912.1358,-26881515612.7178,"NaN","NaN"
3713.2,1081.367,22369052338.9333,-22369051257.5663,"NaN","NaN"
3720.2,2138.464,33399324834.2615,-33399322695.7975,"NaN","NaN"
3727.2,3100.401,43875222990.2362,-43875219889.8352,"NaN","NaN"
3734.2,4038.932,55056051946.2225,-55056047907.2905,"NaN","NaN"
3741.2,4976.916,67321306417.4364,-67321301440.5204,"NaN","NaN"
3748.3,5868.634,79136522367.9931,-79136516499.3591,"NaN","NaN"
3755.3,6647.984,89150469651.7789,-89150463003.7949,"NaN","NaN"
3762.3,7315.015,97380963547.5551,-97380956232.5401,"NaN","NaN"
3769.3,7876.824,104593262129.243,-104593254252.419,"NaN","NaN"
3776.3,8350.366,114350686873.14,-114350678522.774,"NaN","NaN"
3783.4,8621.044,130490867179.466,-130490858558.422,"NaN","NaN"
3790.4,8620.619,141462987780.906,-141462979160.287,"NaN","NaN"
3797.4,8351.133,133933858661.816,-133933850310.683,"NaN","NaN"
3804.4,7828.946,113231818575.983,-113231810747.037,"NaN","NaN"
3811.4,7264.816,92491498430.2076,-92491491165.3916,"NaN","NaN"
3818.5,6675.671,75280416192.3125,-75280409516.6415,"NaN","NaN"
3825.5,6069.274,61673680749.4822,-61673674680.2082,"NaN","NaN"
3832.5,5478.251,51252944645.6159,-51252939167.3649,"NaN","NaN"
3839.5,4884.644,42930801713.746,-42930796829.102,"NaN","NaN"
3846.5,4293.989,35951370825.0812,-35951366531.0922,"NaN","NaN"
3853.6,3748.379,30231621310.7075,-30231617562.3285,"NaN","NaN"
3860.6,3259.03,25648124076.5119,-25648120817.4819,"NaN","NaN"
3867.6,2834.343,22178437711.6353,-22178434877.2923,"NaN","NaN"
3874.6,2484.089,19966709055.4343,-19966706571.3453,"NaN","NaN"
3881.6,2182.443,18758433847.8228,-18758431665.3798,"NaN","NaN"
3888.7,1915.999,18290453634.9064,-18290451718.9074,"NaN","NaN"
3895.7,1685.697,18500829098.1256,-18500827412.4286,"NaN","NaN"
3902.7,1572.413,21365813924.7994,-21365812352.3864,"NaN","NaN"
3909.7,1576.362,28381857035.9858,-28381855459.6238,"NaN","NaN"
3916.7,1706.495,40496939182.7856,-40496937476.2906,"NaN","NaN"
3923.8,2004.596,58332228159.5704,-58332226154.9744,"NaN","NaN"
3930.8,2320.625,77312061855.6525,-77312059535.0275,"NaN","NaN"
3937.8,2539.028,93106331970.5878,-93106329431.5598,"NaN","NaN"
3944.8,2724.624,106066759992.608,-106066757267.984,"NaN","NaN"
3951.8,2906.953,116602606200.682,-116602603293.729,"NaN","NaN"
3958.8,3230.643,127778201349.637,-127778198118.994,"NaN","NaN"
3965.9,4074.07,145208431615.727,-145208427541.657,"NaN","NaN"
3972.9,5164.003,157390437327.281,-157390432163.278,"NaN","NaN"
3979.9,5961.915,155961600643.544,-155961594681.629,"NaN","NaN"
3986.9,5668.346,139156445456.256,-139156439787.91,"NaN","NaN"
3993.9,4716.815,115796617049.988,-115796612333.173,"NaN","NaN"
4001,3925.015,96358198161.7915,-96358194236.7765,"NaN","NaN"
4008,3266.134,80182846968.1564,-80182843702.0224,"NaN","NaN"
4015,2717.856,66722693776.7043,-66722691058.8483,"NaN","NaN"
4022,2261.617,55522112135.6369,-55522109874.0199,"NaN","NaN"
4029,1881.964,46201730235.1361,-46201728353.1721,"NaN","NaN"
4036.1,1566.041,38445966278.2662,-38445964712.2252,"NaN","NaN"
4043.1,1303.149,31992142225.2686,-31992140922.1196,"NaN","NaN"
4050.1,1084.404,26621718148.9217,-26621717064.5177,"NaN","NaN"
4057.1,902.3931,22152788661.9457,-22152787759.5526,"NaN","NaN"
4064.1,750.9298,18434046730.5647,-18434045979.6349,"NaN","NaN"
4071.2,624.9676,15339568001.2865,-15339567376.3189,"NaN","NaN"
4078.2,1842.595,29977258331.6207,-29977256489.0257,"NaN","NaN"
4085.2,2894.472,42770072082.5096,-42770069188.0376,"NaN","NaN"
4092.2,3806.422,54088224238.7942,-54088220432.3722,"NaN","NaN"
4099.2,4613.143,64419258442.0536,-64419253828.9106,"NaN","NaN"
4106.2,5336.944,74028769393.3405,-74028764056.3965,"NaN","NaN"
4113.3,6030.366,83633780765.3633,-83633774734.9973,"NaN","NaN"
4120.3,6759.533,93621944162.9754,-93621937403.4424,"NaN","NaN"
4127.3,7436.727,103488342265.298,-103488334828.571,"NaN","NaN"
4134.3,8011.987,113163932465.667,-113163924453.68,"NaN","NaN"
4141.3,8434.494,125138580260.677,-125138571826.183,"NaN","NaN"
4148.4,8507.562,140244340018.983,-140244331511.421,"NaN","NaN"
4155.4,8251.911,148780573777.586,-148780565525.675,"NaN","NaN"
4162.4,7735.735,141404162127.812,-141404154392.077,"NaN","NaN"
4169.4,7018.866,121844072258.991,-121844065240.125,"NaN","NaN"
4176.4,6263.037,100511957958.706,-100511951695.669,"NaN","NaN"
4183.5,5484.868,81493094641.6955,-81493089156.8275,"NaN","NaN"
4190.5,4709.791,65678338451.5719,-65678333741.7809,"NaN","NaN"
4197.5,3981.223,53078078865.7724,-53078074884.5494,"NaN","NaN"
4204.5,3350.41,43695606940.6792,-43695603590.2692,"NaN","NaN"
4211.5,2829.586,37250658354.4488,-37250655524.8628,"NaN","NaN"
4218.6,2401.501,33087816948.3341,-33087814546.8331,"NaN","NaN"
4225.6,2051.237,30623050607.4328,-30623048556.1958,"NaN","NaN"
4232.6,1772.307,29559678886.8086,-29559677114.5016,"NaN","NaN"
4239.6,1566.683,30078480009.0769,-30078478442.3939,"NaN","NaN"
4246.6,1410.907,31793489805.8064,-31793488394.8994,"NaN","NaN"
4253.7,1291.355,34290842545.1284,-34290841253.7734,"NaN","NaN"
4260.7,1204.034,37385593195.446,-37385591991.412,"NaN","NaN"
4267.7,1188.969,42707428403.8203,-42707427214.8513,"NaN","NaN"
4274.7,1247.592,50921641442.5871,-50921640194.9951,"NaN","NaN"
4281.7,1384.629,62078002762.7888,-62078001378.1598,"NaN","NaN"
4288.8,1620.443,76179659195.8464,-76179657575.4034,"NaN","NaN"
4295.8,1961.589,92522260719.5433,-92522258757.9543,"NaN","NaN"
4302.8,2421.682,110248801395.046,-110248798973.364,"NaN","NaN"
4309.8,3036.884,128717247538.79,-128717244501.906,"NaN","NaN"
4316.8,3828.807,146606677734.371,-146606673905.564,"NaN","NaN"
4323.8,4731.506,161343556812.417,-161343552080.911,"NaN","NaN"
4330.9,5588.208,171288889253.526,-171288883665.318,"NaN","NaN"
4337.9,6393.393,176019434434.323,-176019428040.93,"NaN","NaN"
4344.9,7126.312,175597678067.895,-175597670941.583,"NaN","NaN"
4351.9,7745.78,170501615834.128,-170501608088.348,"NaN","NaN"
4358.9,8033.644,158108570463.96,-158108562430.316,"NaN","NaN"
4366,7461.934,138550784545.321,-138550777083.387,"NaN","NaN"
4373,6209.318,115292682912.373,-115292676703.055,"NaN","NaN"
4380,5166.975,95938829184.4536,-95938824017.4786,"NaN","NaN"
4387,4299.61,79833808905.8858,-79833804606.2758,"NaN","NaN"
4394,3577.846,66432305946.9823,-66432302369.1363,"NaN","NaN"
4401.1,2977.242,55280476483.3001,-55280473506.0581,"NaN","NaN"
4408.1,2477.459,46000694316.6582,-46000691839.1992,"NaN","NaN"
4415.1,2061.571,38278699861.5095,-38278697799.9385,"NaN","NaN"
4422.1,1715.489,31852919803.1382,-31852918087.6492,"NaN","NaN"
4429.1,1427.53,26505844564.7455,-26505843137.2155,"NaN","NaN"
4436.2,1187.928,22056372243.819,-22056371055.891,"NaN","NaN"
4443.2,988.5445,18353792416.7142,-18353791428.1697,"NaN","NaN"
4450.2,822.6231,15272817251.6929,-15272816429.0698,"NaN","NaN"
4457.2,684.554,12709017277.9196,-12709016593.3656,"NaN","NaN"
4464.2,569.698,10575588344.0523,-10575587774.3543,"NaN","NaN"
4471.2,1664.564,19407570531.8636,-19407568867.2996,"NaN","NaN"
4478.3,2853.579,30074518952.7617,-30074516099.1827,"NaN","NaN"
4485.3,3977.202,41211147668.7123,-41211143691.5103,"NaN","NaN"
4492.3,5037.964,52762824135.8677,-52762819097.9037,"NaN","NaN"
4499.3,5989.989,64295960983.8228,-64295954993.8338,"NaN","NaN"
4506.3,6795.701,77991395847.1953,-77991389051.4943,"NaN","NaN"
4513.4,7284.233,99213305325.3616,-99213298041.1286,"NaN","NaN"
4520.4,7409.668,116533496632.36,-116533489222.692,"NaN","NaN"
4527.4,7212.59,114401618984.73,-114401611772.14,"NaN","NaN"
4534.4,6731.167,97654929065.0184,-97654922333.8514,"NaN","NaN"
4541.4,6103.65,78544890144.8398,-78544884041.1898,"NaN","NaN"
4548.5,5371.621,61590000526.1792,-61589995154.5582,"NaN","NaN"
4555.5,4598.14,47715805572.8418,-47715800974.7018,"NaN","NaN"
4562.5,3854.713,36876345640.8817,-36876341786.1687,"NaN","NaN"
4569.5,3232.318,29171117059.0643,-29171113826.7463,"NaN","NaN"
4576.5,2749.946,24450629775.2444,-24450627025.2984,"NaN","NaN"
4583.6,2374.839,22114613890.0701,-22114611515.2311,"NaN","NaN"
4590.6,2085.334,21634621261.8622,-21634619176.5282,"NaN","NaN"
4597.6,1853.913,22354217936.1488,-22354216082.2358,"NaN","NaN"
4604.6,1648.673,23338237681.017,-23338236032.344,"NaN","NaN"
4611.6,1468.395,24287869088.9397,-24287867620.5447,"NaN","NaN"
4618.7,1307.425,25075988412.9478,-25075987105.5228,"NaN","NaN"
4625.7,1166.071,25831956566.2291,-25831955400.1581,"NaN","NaN"
4632.7,1101.741,28871319464.6229,-28871318362.8819,"NaN","NaN"
4639.7,1118.154,35686120437.5857,-35686119319.4317,"NaN","NaN"
4646.7,1225.701,46847547343.0479,-46847546117.3469,"NaN","NaN"
4653.8,1458.444,62657765314.6395,-62657763856.1955,"NaN","NaN"
4660.8,1853.893,82440313577.6838,-82440311723.7908,"NaN","NaN"
4667.8,2463.748,104599215496.55,-104599213032.802,"NaN","NaN"
4674.8,3350.507,126363968377.068,-126363965026.561,"NaN","NaN"
4681.8,4453.413,141539825453.448,-141539821000.035,"NaN","NaN"
4688.8,5523.544,146437491217.457,-146437485693.913,"NaN","NaN"
4695.9,6421.278,146803980595.077,-146803974173.799,"NaN","NaN"
4702.9,7158.346,144075975167.028,-144075968008.682,"NaN","NaN"
4709.9,7724.194,139090792994.423,-139090785270.229,"NaN","NaN"
4716.9,8105.271,132292761868.605,-132292753763.334,"NaN","NaN"
4723.9,8174.516,122472778946.661,-122472770772.145,"NaN","NaN"
4731,7153.329,104808912096.128,-104808904942.799,"NaN","NaN"
4738,5952.586,87214913640.789,-87214907688.203,"NaN","NaN"
4745,4953.369,72574390312.7284,-72574385359.3594,"NaN","NaN"
4752,4121.891,60391526711.5114,-60391522589.6204,"NaN","NaN"
4759,3429.974,50253712288.2865,-50253708858.3125,"NaN","NaN"
4766.1,2854.171,41817738184.3632,-41817735330.1922,"NaN","NaN"
4773.1,2375.047,34797863264.7675,-34797860889.7205,"NaN","NaN"
4780.1,1976.35,28956523980.9869,-28956522004.6369,"NaN","NaN"
4787.1,1644.613,24095652041.3589,-24095650396.7459,"NaN","NaN"
4794.1,1368.584,20050780557.7698,-20050779189.1858,"NaN","NaN"
4801.2,1138.879,16684909871.2499,-16684908732.3709,"NaN","NaN"
4808.2,947.7262,13884058321.7191,-13884057373.9929,"NaN","NaN"
4815.2,788.6592,11553377756.9519,-11553376968.2927,"NaN","NaN"
4822.2,656.2905,9613946982.37916,-9613946326.08866,"NaN","NaN"
4829.2,546.1432,8000076702.5672,-8000076156.424,"NaN","NaN"
4836.2,454.4692,6657124535.91752,-6657124081.44832,"NaN","NaN"
4843.3,1528.708,15018265982.4481,-15018264453.7401,"NaN","NaN"
4850.3,2788.229,26211223755.198,-26211220966.969,"NaN","NaN"
4857.3,4084.504,40607233256.9524,-40607229172.4484,"NaN","NaN"
4864.3,5200.281,58028110265.1349,-58028105064.8539,"NaN","NaN"
4871.3,5995.231,79546251350.0233,-79546245354.7923,"NaN","NaN"
4878.4,6607.721,102300017842.064,-102300011234.343,"NaN","NaN"
4885.4,7065.365,122980300661.664,-122980293596.299,"NaN","NaN"
4892.4,7377.934,138616477623.447,-138616470245.513,"NaN","NaN"
4899.4,7546.279,147378672981.444,-147378665435.165,"NaN","NaN"
4906.4,7508.614,147252945827.375,-147252938318.761,"NaN","NaN"
4913.5,7271.935,138813163913.251,-138813156641.316,"NaN","NaN"
4920.5,6871.495,124841117048.83,-124841110177.335,"NaN","NaN"
4927.5,6347.741,108405683642.586,-108405677294.845,"NaN","NaN"
4934.5,5789.206,92702106198.1103,-92702100408.9043,"NaN","NaN"
4941.5,5248.075,79405523830.2234,-79405518582.1484,"NaN","NaN"
4948.6,4728.421,68553556706.5211,-68553551978.1001,"NaN","NaN"
4955.6,4241.814,59939431757.465,-59939427515.651,"NaN","NaN"
4962.6,3808.246,53479520341.385,-53479516533.139,"NaN","NaN"
4969.6,3452.768,49390128025.6528,-49390124572.8848,"NaN","NaN"
4976.6,3153.405,47132914370.4985,-47132911217.0935,"NaN","NaN"
4983.7,2895.571,46162560919.5257,-46162558023.9547,"NaN","NaN"
4990.7,2677.154,46213841201.2431,-46213838524.0891,"NaN","NaN"
4997.7,2572.666,49130734738.6907,-49130732166.0247,"NaN","NaN"
5004.7,2568.123,55309409609.1196,-55309407040.9966,"NaN","NaN"
5011.7,2648.547,64418929763.3055,-64418927114.7585,"NaN","NaN"
5018.8,2817.498,76158824567.7992,-76158821750.3012,"NaN","NaN"
5025.8,3059.027,89631744554.5941,-89631741495.5671,"NaN","NaN"
5032.8,3366.776,104032846152.177,-104032842785.401,"NaN","NaN"
5039.8,3760.743,119198198699.899,-119198194939.156,"NaN","NaN"
5046.8,4256.096,134842197891.448,-134842193635.352,"NaN","NaN"
5053.8,4907.972,150787460287.948,-150787455379.976,"NaN","NaN"
5060.9,5778.961,164534172477.609,-164534166698.648,"NaN","NaN"
5067.9,6622.257,169108560110.653,-169108553488.396,"NaN","NaN"
5074.9,7170.915,163701572678.887,-163701565507.972,"NaN","NaN"
5081.9,7330.023,152756658030.986,-152756650700.963,"NaN","NaN"
5088.9,6520.656,132086773024.012,-132086766503.356,"NaN","NaN"
5096,5426.056,109913821511.983,-109913816085.927,"NaN","NaN"
5103,4515.194,91462983568.7501,-91462979053.5561,"NaN","NaN"
5110,3757.239,76109228229.3773,-76109224472.1383,"NaN","NaN"
5117,3126.518,63332951259.2444,-63332948132.7264,"NaN","NaN"
5124,2601.675,52701403338.4887,-52701400736.8137,"NaN","NaN"
5131.1,2164.937,43854579926.8515,-43854577761.9145,"NaN","NaN"
5138.1,1801.511,36492826424.1493,-36492824622.6383,"NaN","NaN"
5145.1,1499.094,30366870753.3469,-30366869254.2529,"NaN","NaN"
5152.1,1247.443,25269276559.5287,-25269275312.0857,"NaN","NaN"
5159.1,1038.036,21027369885.7845,-21027368847.7485,"NaN","NaN"
5166.2,863.801,17497554854.9861,-17497553991.1851,"NaN","NaN"
5173.2,718.821,14560274746.944,-14560274028.123,"NaN","NaN"
5180.2,598.1731,12116094638.5728,-12116094040.3997,"NaN","NaN"
5187.2,497.7753,10082205415.4674,-10082204917.6921,"NaN","NaN"
5194.2,414.2288,8389723345.2473,-8389722931.0185,"NaN","NaN"
5201.2,344.7056,6981370726.77107,-6981370382.06547,"NaN","NaN"
5208.3,740.0993,11084305864.5769,-11084305124.4776,"NaN","NaN"
5215.3,1978.557,25769600420.6206,-25769598442.0636,"NaN","NaN"
5222.3,3334.27,44687388836.8364,-44687385502.5664,"NaN","NaN"
5229.3,4580.075,67395496907.3135,-67395492327.2385,"NaN","NaN"
5236.3,5437.45,92108877741.8971,-92108872304.4471,"NaN","NaN"
5243.4,5971.084,114442924233.799,-114442918262.715,"NaN","NaN"
5250.4,6237.834,128553818816.358,-128553812578.524,"NaN","NaN"
5257.4,6269.61,130732715166.273,-130732708896.663,"NaN","NaN"
5264.4,6093.544,122512838601.434,-122512832507.89,"NaN","NaN"
5271.4,5800.577,109784219279.527,-109784213478.95,"NaN","NaN"
5278.5,5408.47,96054052819.6189,-96054047411.1489,"NaN","NaN"
5285.5,4939.068,82936673154.1856,-82936668215.1176,"NaN","NaN"
5292.5,4430.352,71216435370.3305,-71216430939.9785,"NaN","NaN"
5299.5,3938.354,61541431762.8763,-61541427824.5223,"NaN","NaN"
5306.5,3491.739,54075533652.3504,-54075530160.6114,"NaN","NaN"
5313.6,3091.655,48436868929.7181,-48436865838.0631,"NaN","NaN"
5320.6,2738.531,44237079538.0678,-44237076799.5368,"NaN","NaN"
5327.6,2447.864,41527580315.7509,-41527577867.8869,"NaN","NaN"
5334.6,2250.724,41129310232.9364,-41129307982.2124,"NaN","NaN"
5341.6,2117.598,42643895830.8179,-42643893713.2199,"NaN","NaN"
5348.7,2033.186,45600652769.7184,-45600650736.5324,"NaN","NaN"
5355.7,1989.215,49605981741.8151,-49605979752.6001,"NaN","NaN"
5362.7,1981.151,54363439402.0209,-54363437420.8699,"NaN","NaN"
5369.7,2006.194,59663844262.7413,-59663842256.5473,"NaN","NaN"
5376.7,2062.843,65376025894.1268,-65376023831.2838,"NaN","NaN"
5383.8,2150.913,71432984998.6999,-71432982847.7869,"NaN","NaN"
5390.8,2341.156,79713801018.7435,-79713798677.5875,"NaN","NaN"
5397.8,2693.065,92060133585.6584,-92060130892.5934,"NaN","NaN"
5404.8,3211.687,108110703713.258,-108110700501.571,"NaN","NaN"
5411.8,3912.119,126762855821.33,-126762851909.211,"NaN","NaN"
5418.8,4807.754,145533698877.525,-145533694069.771,"NaN","NaN"
5425.9,5789.738,157449606824.329,-157449601034.591,"NaN","NaN"
5432.9,6563.447,158090217678.655,-158090211115.208,"NaN","NaN"
5439.9,6913.51,150610689638.103,-150610682724.593,"NaN","NaN"
5446.9,6073.835,129367659202.845,-129367653129.01,"NaN","NaN"
5453.9,5054.234,107651110686.844,-107651105632.61,"NaN","NaN"
5461,4205.792,89580034767.3219,-89580030561.5299,"NaN","NaN"
5468,3499.774,74542393868.0379,-74542390368.2639,"NaN","NaN"
5475,2912.274,62029135700.545,-62029132788.271,"NaN","NaN"
5482,2423.397,51616437009.6663,-51616434586.2693,"NaN","NaN"
5489,2016.584,42951693837.4832,-42951691820.8992,"NaN","NaN"
5496.1,1678.062,35741492951.1896,-35741491273.1276,"NaN","NaN"
5503.1,1396.368,29741674369.0986,-29741672972.7306,"NaN","NaN"
5510.1,1161.961,24749032722.8585,-24749031560.8975,"NaN","NaN"
5517.1,966.9261,20594460066.7955,-20594459099.8694,"NaN","NaN"
5524.1,804.6381,17137315682.4509,-17137314877.8128,"NaN","NaN"
5531.2,669.587,14260509641.3369,-14260508971.7499,"NaN","NaN"
5538.2,557.2036,11866643317.6397,-11866642760.4361,"NaN","NaN"
5545.2,463.6835,9874636545.51868,-9874636081.83518,"NaN","NaN"
5552.2,385.8596,8217008461.04521,-8217008075.18561,"NaN","NaN"
5559.2,321.0979,6837644930.80835,-6837644609.71045,"NaN","NaN"
5566.2,267.1977,5689828267.32889,-5689828000.13119,"NaN","NaN"
5573.3,1227.629,17311991795.5965,-17311990567.9675,"NaN","NaN"
5580.3,2541.473,34877050475.6032,-34877047934.1302,"NaN","NaN"
5587.3,3896.748,56556755021.9523,-56556751125.2043,"NaN","NaN"
5594.3,4996.938,80834200398.478,-80834195401.54,"NaN","NaN"
5601.3,5683.077,105166112580.808,-105166106897.731,"NaN","NaN"
5608.4,6150.577,125137327409.972,-125137321259.395,"NaN","NaN"
5615.4,6441.2,137210619137.166,-137210612695.966,"NaN","NaN"
5622.4,6568.707,139788192832.165,-139788186263.458,"NaN","NaN"
5629.4,6537.509,133838800806.411,-133838794268.902,"NaN","NaN"
5636.4,6325.916,121276044123.884,-121276037797.968,"NaN","NaN"
5643.5,5958.922,105230986133.068,-105230980174.146,"NaN","NaN"
5650.5,5478.59,88518930989.6368,-88518925511.0468,"NaN","NaN"
5657.5,4930.298,72912335873.6284,-72912330943.3304,"NaN","NaN"
5664.5,4365.243,59417667878.8836,-59417663513.6406,"NaN","NaN"
5671.5,3820.052,48342167737.0213,-48342163916.9693,"NaN","NaN"
5678.6,3310.865,39523916892.9977,-39523913582.1327,"NaN","NaN"
5685.6,2848.695,32676255472.9231,-32676252624.2281,"NaN","NaN"
5692.6,2468.863,27956065135.1504,-27956062666.2874,"NaN","NaN"
5699.6,2233.776,26540787660.0919,-26540785426.3159,"NaN","NaN"
5706.6,2100.36,28329774130.8542,-28329772030.4942,"NaN","NaN"
5713.7,2051.502,33084437717.4119,-33084435665.9099,"NaN","NaN"
5720.7,2074.727,40369683522.5244,-40369681447.7974,"NaN","NaN"
5727.7,2087.425,47580453478.1074,-47580451390.6824,"NaN","NaN"
5734.7,2093.753,53781889947.1793,-53781887853.4263,"NaN","NaN"
5741.7,2108.22,58981051406.8916,-58981049298.6716,"NaN","NaN"
5748.8,2133.237,63289981127.5991,-63289978994.3621,"NaN","NaN"
5755.8,2240.709,68915161264.7126,-68915159024.0036,"NaN","NaN"
5762.8,2481.034,78023356237.9414,-78023353756.9074,"NaN","NaN"
5769.8,2846.493,90618157461.269,-90618154614.776,"NaN","NaN"
5776.8,3350.652,106415041234.787,-106415037884.135,"NaN","NaN"
5783.8,4020.984,124719253215.161,-124719249194.177,"NaN","NaN"
5790.9,4880.065,143753579196.421,-143753574316.356,"NaN","NaN"
5797.9,5812.363,158063515038.29,-158063509225.927,"NaN","NaN"
5804.9,6650.201,163241161345.933,-163241154695.732,"NaN","NaN"
5811.9,7205.636,159718521726.345,-159718514520.709,"NaN","NaN"
5818.9,7458.632,151799729648.751,-151799722190.119,"NaN","NaN"
5826,7509.869,142347360958.403,-142347353448.534,"NaN","NaN"
5833,6668.274,123525373549.204,-123525366880.93,"NaN","NaN"
5840,5548.9,102789612896.192,-102789607347.292,"NaN","NaN"
5847,4617.413,85534493183.6713,-85534488566.2583,"NaN","NaN"
5854,3842.298,71176017553.9524,-71176013711.6544,"NaN","NaN"
5861.1,3197.298,59227845265.5884,-59227842068.2904,"NaN","NaN"
5868.1,2660.571,49285393914.4819,-49285391253.9109,"NaN","NaN"
5875.1,2213.944,41011984144.8452,-41011981930.9012,"NaN","NaN"
5882.1,1842.391,34127431032.8813,-34127429190.4903,"NaN","NaN"
5889.1,2726.416,42706635839.1091,-42706633112.6931,"NaN","NaN"
5896.2,3451.092,49639395441.2137,-49639391990.1217,"NaN","NaN"
5903.2,4052.767,55373145145.8885,-55373141093.1215,"NaN","NaN"
5910.2,4591.045,60740381597.9958,-60740377006.9508,"NaN","NaN"
5917.2,5106.116,66280347555.6572,-66280342449.5412,"NaN","NaN"
5924.2,5610.333,72167457781.2029,-72167452170.8699,"NaN","NaN"
5931.2,6124.51,78358160855.533,-78358154731.023,"NaN","NaN"
5938.3,6753.626,86122647501.1257,-86122640747.4997,"NaN","NaN"
5945.3,7416.928,96391400176.47,-96391392759.542,"NaN","NaN"
5952.3,7953.621,110999510837.063,-110999502883.442,"NaN","NaN"
5959.3,8254.326,128860093040.945,-128860084786.619,"NaN","NaN"
5966.3,8335.729,142116561202.513,-142116552866.784,"NaN","NaN"
5973.4,8240.54,143977795019.184,-143977786778.644,"NaN","NaN"
5980.4,7966.021,134526994715.73,-134526986749.709,"NaN","NaN"
5987.4,7511.853,118142916251.444,-118142908739.591,"NaN","NaN"
5994.4,6900.051,99388572181.3284,-99388565281.2774,"NaN","NaN"
6001.4,6180.065,81277828971.1016,-81277822791.0366,"NaN","NaN"
6008.5,5412.232,65278343759.3185,-65278338347.0865,"NaN","NaN"
6015.5,4652.108,51889452932.9684,-51889448280.8604,"NaN","NaN"
6022.5,3941.019,41102675476.5852,-41102671535.5662,"NaN","NaN"
6029.5,3332.322,33036209983.7528,-33036206651.4308,"NaN","NaN"
6036.5,2832.532,27510237308.3646,-27510234475.8326,"NaN","NaN"
6043.6,2415.538,23937083581.814,-23937081166.276,"NaN","NaN"
6050.6,2065.528,21808698741.7194,-21808696676.1914,"NaN","NaN"
6057.6,1777.883,20858856521.6757,-20858854743.7927,"NaN","NaN"
6064.6,1557.111,21230665640.6571,-21230664083.5461,"NaN","NaN"
6071.6,1383.029,22651781211.0757,-22651779828.0467,"NaN","NaN"
6078.7,1244.506,24816683498.4949,-24816682253.9889,"NaN","NaN"
6085.7,1139.325,27621589728.6883,-27621588589.3633,"NaN","NaN"
6092.7,1112.283,32829880147.0608,-32829879034.7778,"NaN","NaN"
6099.7,1169.396,41463296290.4781,-41463295121.0821,"NaN","NaN"
6106.7,1323.309,53950971832.6618,-53950970509.3528,"NaN","NaN"
6113.8,1608.648,70552541525.1599,-70552539916.5119,"NaN","NaN"
6120.8,2014.589,89771937170.6734,-89771935156.0844,"NaN","NaN"
6127.8,2535.494,109859565118.629,-109859562583.135,"NaN","NaN"
6134.8,3214.729,129956680664.97,-129956677450.241,"NaN","NaN"
6141.8,4066.191,148253451807.211,-148253447741.02,"NaN","NaN"
6148.8,5028.98,160674661517.286,-160674656488.306,"NaN","NaN"
6155.9,5989.955,164091528155.8,-164091522165.845,"NaN","NaN"
6162.9,6742.534,159311114085.307,-159311107342.773,"NaN","NaN"
6169.9,7152.15,149563420114.088,-149563412961.938,"NaN","NaN"
6176.9,6774.789,133037094412.141,-133037087637.352,"NaN","NaN"
6183.9,5637.533,110704545346.851,-110704539709.318,"NaN","NaN"
6191,4691.17,92120818695.3537,-92120814004.1837,"NaN","NaN"
6198,3903.674,76656727683.8965,-76656723780.2225,"NaN","NaN"
6205,3248.372,63788552193.196,-63788548944.824,"NaN","NaN"
6212,2703.073,53080562240.2361,-53080559537.1631,"NaN","NaN"
6219,2249.312,44170119366.7885,-44170117117.4765,"NaN","NaN"
6226.1,1871.728,36755390420.0765,-36755388548.3485,"NaN","NaN"
6233.1,1557.555,30585332835.9792,-30585331278.4242,"NaN","NaN"
6240.1,1296.122,25451043177.3048,-25451041881.1828,"NaN","NaN"
6247.1,1078.565,21178641503.1301,-21178640424.5651,"NaN","NaN"
6254.1,897.5416,17623459140.2948,-17623458242.7532,"NaN","NaN"
6261.2,746.8986,14665058094.5774,-14665057347.6788,"NaN","NaN"
6268.2,621.5335,12203275316.143,-12203274694.6095,"NaN","NaN"
6275.2,1737.334,22553086058.0202,-22553084320.6862,"NaN","NaN"
6282.2,2789.802,32431790510.1327,-32431787720.3307,"NaN","NaN"
6289.2,3704.646,41239260557.2968,-41239256852.6508,"NaN","NaN"
6296.2,4528.974,49553956212.8723,-49553951683.8983,"NaN","NaN"
6303.3,5345.574,58860028758.458,-58860023412.884,"NaN","NaN"
6310.3,6207.132,70238363004.8977,-70238356797.7657,"NaN","NaN"
6317.3,6986.496,82975904050.6872,-82975897064.1912,"NaN","NaN"
6324.3,7586.544,98479014389.8095,-98479006803.2655,"NaN","NaN"
6331.3,7927.793,117307747748.481,-117307739820.688,"NaN","NaN"
6338.4,8028.622,134469856290.199,-134469848261.577,"NaN","NaN"
6345.4,7919.135,141868417283.903,-141868409364.768,"NaN","NaN"
6352.4,7615.798,136432823261.097,-136432815645.299,"NaN","NaN"
6359.4,7134.787,121692137613.857,-121692130479.07,"NaN","NaN"
6366.4,6540.206,103719654241,-103719647700.794,"NaN","NaN"
6373.5,5866.815,86062106778.5805,-86062100911.7655,"NaN","NaN"
6380.5,5157.312,70298777012.4658,-70298771855.1538,"NaN","NaN"
6387.5,4459.791,57012224144.6349,-57012219684.8439,"NaN","NaN"
6394.5,3847.296,46779102219.7145,-46779098372.4185,"NaN","NaN"
6401.5,3342.028,39624968747.7386,-39624965405.7106,"NaN","NaN"
6408.6,2922.042,34914999880.9764,-34914996958.9344,"NaN","NaN"
6415.6,2573.359,32077889701.9897,-32077887128.6307,"NaN","NaN"
6422.6,2290.965,30755216198.9085,-30755213907.9435,"NaN","NaN"
6429.6,2075.101,30917763417.2912,-30917761342.1902,"NaN","NaN"
6436.6,1905.123,32167298671.924,-32167296766.801,"NaN","NaN"
6443.7,1767.34,34117243809.488,-34117242042.148,"NaN","NaN"
6450.7,1658.598,36608414823.0129,-36608413164.4149,"NaN","NaN"
6457.7,1628.879,41234694153.2408,-41234692524.3618,"NaN","NaN"
6464.7,1673.999,48543444103.9582,-48543442429.9592,"NaN","NaN"
6471.7,1790.899,58474728951.7318,-58474727160.8328,"NaN","NaN"
6478.8,1990.706,70955771006.1934,-70955769015.4874,"NaN","NaN"
6485.8,2267.398,85276876460.6592,-85276874193.2612,"NaN","NaN"
6492.8,2622.805,100727614157.258,-100727611534.453,"NaN","NaN"
6499.8,3082.326,117124337342.218,-117124334259.892,"NaN","NaN"
6506.8,3665.003,134043750790.864,-134043747125.861,"NaN","NaN"
6513.8,4392.587,150719404703.155,-150719400310.568,"NaN","NaN"
6520.9,5264.729,164985977774.682,-164985972509.953,"NaN","NaN"
6527.9,6157.744,172517272820.7,-172517266662.956,"NaN","NaN"
6534.9,6936.131,171792571538.754,-171792564602.623,"NaN","NaN"
6541.9,7450.457,164388489904.315,-164388482453.858,"NaN","NaN"
6548.9,7663.76,153497102319.236,-153497094655.476,"NaN","NaN"
6556,7677.065,141740189535.807,-141740181858.742,"NaN","NaN"
6563,6587.984,120070080129.649,-120070073541.665,"NaN","NaN"
6570,5482.088,99914240516.7244,-99914235034.6364,"NaN","NaN"
