,"x",72.57231,
"1",60.3898481272077,60.38854,0.0013081272077
"2",50.2523904397909,50.24973,0.002660439790901
"3",41.816651585222,41.81245,0.004201585221999
"4",34.796969843072,34.79492,0.002049843072001
"5",28.9556826915894,28.95511,0.000572691589401
"6",24.0949626758506,24.09435,0.000612675850597
"7",20.0502042722349,20.04978,0.000424272234902
"8",16.6844316580102,16.68434,9.16580102021669E-05
"9",13.8836626238367,13.88372,-5.73761632995939E-05
"10",11.5530427248168,11.55327,-0.0002272751832
"11",9.61366013658502,9.614006,-0.00034586341498
"12",243.003398519314,243.0016,0.001798519313979
"13",2068.89407787136,2068.894,7.78713601903291E-05
"14",4138.28380178644,4138.284,-0.000198213559997
"15",110600.39161915,110600.4,-0.008380849991227
"16",238159.524185605,238159.5,0.024185604997911
"17",348009.793141539,348009.8,-0.006858461012598
"18",442809.877425955,442742.1,67.7774259550497
"19",527872.696295787,527825.3,47.3962957869517
"20",600228.491035744,600198.9,29.5910357439425
"21",653857.27492144,653844.4,12.8749214400305
"22",688128.94382593,688019.8,109.143825929961
"23",713296.12029028,713233.8,62.3202902800404
"24",732034.520891503,732033.6,0.920891502988525
"25",751648.704733301,751655.2,-6.49526669899933
"26",787123.503967662,787084.7,38.8039676620392
"27",852787.30469107,852728,59.3046910701087
"28",960011.518995406,959907.5,104.018995406106
"29",1119344.98556596,1119168,176.985565959942
"30",1337262.78722532,1337002,260.787225320004
"31",1610248.15506129,1610230,18.1550612899009
"32",1914357.11722104,1914378,-20.8827789600473
"33",2242482.08915448,2242500,-17.9108455199748
"34",2595202.69927294,2595235,-32.300727059599
"35",2973794.66588978,2974037,-242.334110219963
"36",3357835.92133281,3358065,-229.078667189926
"37",3735486.45655676,3735805,-318.543443240225
"38",4103774.00521784,4104105,-330.994782159571
"39",4459100.16356569,4459273,-172.836434310302
"40",4738149.39410345,4738304,-154.605896550231
"41",4862265.73432633,4862455,-189.265673669986
"42",4815133.65545324,4815276,-142.344546760432
"43",4580121.91687849,4580231,-109.083121509291
"44",4162371.33774326,4161773,598.337743259966
"45",3708393.5646328,3707950,443.564632799942
"46",3262611.94094046,3262282,329.94094046019
"47",2847918.84330362,2847674,244.843303619884
"48",2478352.60620255,2477474,878.606202550233
"49",2062317.99713053,2061515,802.997130529955
"50",1716123.24719146,1715430,693.247191460105
"51",1428042.3689638,1427570,472.368963799905
"52",1188319.48784174,1187906,413.487841740018
"53",988839.051017658,988569.5,269.55101765797
"54",822844.923763404,822641.8,203.123763403972
"55",684716.86861269,684564.3,152.568612689967
"56",569775.270709836,569665.8,109.470709835994
"57",474128.606828764,474043.8,84.8068287640344
"58",394537.896129515,394458.7,79.1961295150104
"59",328307.872463006,328268.2,39.6724630059907
"60",273195.77259229,273169.7,26.0725922900019
"61",227335.097768176,227320.1,14.9977681760211
"62",189172.936837609,189160.4,12.5368376090191
"63",159114.402906401,159099.6,14.8029064009897
"64",229445.136917984,229479.7,-34.563082016015
"65",288657.664963417,288748.1,-90.4350365830469
"66",352214.47377485,352388.9,-174.426225150004
"67",439198.006949959,439416.6,-218.593050041061
"68",553100.857408135,553366,-265.142591865035
"69",695839.39225246,696160.5,-321.107747539994
"70",935530.186972002,935976.2,-446.01302799792
"71",1390187.14609494,1390716,-528.853905060096
"72",2185917.17186235,2186470,-552.828137650155
"73",3408859.58716294,3409413,-553.412837060168
"74",5067427.98873345,5068620,-1192.01126655005
"75",7027688.35054325,7028887,-1198.64945674967
"76",9144058.6021696,9145243,-1184.39783040062
"77",11296289.8426988,11297420,-1130.15730120055
"78",13390358.192445,13391250,-891.807555001229
"79",15340969.4428531,15341690,-720.55714689754
"80",17116908.7995208,17118170,-1261.20047919825
"81",18765989.6588884,18767790,-1800.3411116004
"82",20378413.1916215,20381320,-2906.808378499
"83",22088564.5057212,22092220,-3655.49427879974
"84",24080179.5226827,24087910,-7730.47731729969
"85",26548525.9884499,26556970,-8444.01155009866
"86",29714717.5713421,29724190,-9472.42865790054
"87",33810254.8879884,33823520,-13265.1120115966
"88",38526490.1904594,38543750,-17259.8095405996
"89",43141583.9086455,43161240,-19656.0913544968
"90",47286518.0193169,47305490,-18971.9806831032
"91",50607678.8476706,50628730,-21051.1523294002
"92",52955792.4518728,52976880,-21087.5481271967
"93",54234746.2816929,54256010,-21263.7183071002
"94",54115784.1430715,54136970,-21185.8569284976
"95",52295921.4909385,52315160,-19238.5090615004
"96",48415124.0572095,48425520,-10395.9427904934
"97",43643578.3136246,43652270,-8691.68637540192
"98",38659487.5159445,38666750,-7262.48405549675
"99",33857566.2606092,33863630,-6063.73939079791
"100",29491095.4069851,29496300,-5204.59301489964
"101",24949653.7590021,24954820,-5166.24099789932
"102",20761430.2166177,20764830,-3399.78338230029
"103",17276250.488158,17280620,-4369.51184200123
"104",14376125.7131267,14380080,-3954.28687329963
"105",11962835.4838759,11966010,-3174.51612409949
"106",9954658.37594141,9957618,-2959.62405858934
"107",8283596.03672773,8286163,-2566.96327226981
"108",6893050.71996389,6895295,-2244.28003611043
"109",5735935.15720087,5737860,-1924.84279912896
"110",4773054.02337394,4773420,-365.976626059972
"111",3971812.6523923,3973170,-1357.34760770015
"112",3305071.85039705,3306234,-1162.14960295008
"113",2750264.11903162,2751298,-1033.88096838025
"114",2288583.6805636,2289417,-833.319436400197
"115",1904404.56867561,1905115,-710.431324389996
"116",1584714.63560731,1585295,-580.364392689895
"117",1383770.41400124,1384549,-778.585998760071
"118",2330930.37076965,2331612,-681.62923034979
"119",3476097.55350868,3477092,-994.446491320152
"120",5040107.97540933,5040927,-819.024590670131
"121",7072695.30769451,7073385,-689.692305490375
"122",10537665.3172377,10536880,785.317237699404
"123",17996967.4727324,17997200,-232.527267601341
"124",32375549.1001376,32380640,-5090.89986240119
"125",55362028.4873025,55377470,-15441.5126974955
"126",86024956.5673019,86095700,-70743.4326981008
"127",117828940.377845,117910700,-81759.6221549809
"128",146971882.154585,147071800,-99917.8454149961
"129",172506473.665422,172617500,-111026.334578007
"130",194564774.42523,194676400,-111625.574770004
"131",213835933.845002,213945800,-109866.154998004
"132",231333017.299332,231450100,-117082.700668007
"133",248280515.315342,248406200,-125684.684657961
"134",266020526.989799,266156200,-135673.010201007
"135",285914660.223374,286065700,-151039.776625991
"136",309235251.72974,309427100,-191848.270259976
"137",337479783.239416,337729500,-249716.760583997
"138",372210191.734254,372468800,-258608.265745997
"139",414485701.564894,414825200,-339498.435105979
"140",459037139.91928,459399600,-362460.080720007
"141",502438798.952578,502821000,-382201.047421932
"142",543473864.73034,543875700,-401835.269659996
"143",580714353.077032,581118000,-403646.92296803
"144",612951899.430953,613365200,-413300.569046974
"145",638731163.134385,639124900,-393736.86561501
"146",655650829.694167,656060600,-409770.305832982
"147",661351001.826709,661775500,-424498.173290968
"148",648263553.866397,648835200,-571646.133602977
"149",595131328.080683,595667200,-535871.919317007
"150",522367168.683219,522842400,-475231.316781044
"151",440263239.302416,440750100,-486860.697583973
"152",366357575.59996,366762700,-405124.400039971
"153",304858147.861891,305188800,-330652.138109028
"154",253682370.019628,253952300,-269929.980372012
"155",211097352.848454,211317200,-219847.151546001
"156",175660972.118464,175853900,-192927.881536007
"157",146173355.875768,146333500,-160144.124231994
"158",121635562.454666,121767800,-132237.545333996
"159",101216904.664443,101328000,-111095.335556999
"160",84225772.5569267,84319210,-93437.4430732876
"161",70087017.3916945,70166410,-79392.608305499
"162",58321692.6859424,58388750,-67057.3140576035
"163",48531396.5312508,48588250,-56853.4687491953
"164",40384556.5188019,40433250,-48693.4811981022
"165",33605279.7744413,33646340,-41060.2255586982
"166",27964041.3287964,27997660,-33618.6712035984
"167",30237036.0308961,30272830,-35793.9691038989
"168",47083723.9447761,47133090,-49366.0552238971
"169",72136277.9685286,72205790,-69512.0314714015
"170",100144682.783569,100238700,-94017.2164309919
"171",123367358.369307,123480900,-113541.630693004
"172",143899008.599174,144029500,-130491.400826007
"173",167166185.697546,167315000,-148814.302453995
"174",201437699.618497,201512300,-74600.381502986
"175",265846406.435937,265915500,-69093.5640630424
"176",381408019.68225,381519500,-111480.317749977
"177",563805135.373688,564028200,-223064.626312017
"178",816901102.248788,817414600,-513497.751212001
"179",1123387014.83915,1124172000,-784985.160850048
"180",1460876508.30887,1461952000,-1075491.69112992
"181",1808032097.22044,1809401000,-1368902.77955985
"182",2146481443.54242,2148154000,-1672556.45758009
"183",2464551545.33962,2466480000,-1928454.66037989
"184",2757685361.08868,2759898000,-2212638.91131973
"185",3028760690.17174,3031360000,-2599309.82825994
"186",3289771972.17704,3292792000,-3020027.8229599
"187",3556411189.52899,3559870000,-3458810.47101021
"188",3836387011.39342,3840253000,-3865988.6065793
"189",4156259992.48775,4160246000,-3986007.51224995
"190",4549664399.02039,4553777000,-4112600.97961044
"191",5045209104.55525,5050054000,-4844895.44474983
"192",5626525498.95848,5631799000,-5273501.04152012
"193",6270092785.89298,6275999000,-5906214.10702038
"194",6960809170.20187,6967213000,-6403829.79813004
"195",7677784340.43737,7684682000,-6897659.5626297
"196",8286767519.82856,8294194000,-7426480.17143917
"197",8607636127.34647,8614940000,-7303872.65353012
"198",8576934167.89167,8584487000,-7552832.10832882
"199",8138044403.26513,8144895000,-6850596.73486996
"200",7362205309.11283,7366108000,-3902690.88716984
"201",6612725574.27944,6616536000,-3810425.72056007
"202",5920054864.81499,5923710000,-3655135.18500996
"203",5286205615.04409,5289663000,-3457384.95590973
"204",4704735601.47787,4708649000,-3913398.52213001
"205",4130351677.93265,4133827000,-3475322.06734991
"206",3570288494.24908,3573203000,-2914505.75091982
"207",2970954333.22674,2973356000,-2401666.77326012
"208",2472229987.83623,2474294000,-2064012.1637702
"209",2057220787.2988,2058942000,-1721212.70120001
"210",1711879961.20361,1713327000,-1447038.79639006
"211",1424510122.61536,1425810000,-1299877.38463998
"212",1185383403.75615,1186494000,-1110596.24384999
"213",986395818.383514,987347300,-951481.616486073
"214",820811953.150526,821641900,-829946.849473953
"215",683023329.684235,683713800,-690470.315765023
"216",568365016.075774,568915000,-549983.924226046
"217",581677238.128464,582133300,-456061.871536017
"218",631679173.224693,632295600,-616426.775307059
"219",666559378.394733,667218900,-659521.605267048
"220",689181490.095879,689870900,-689409.904121041
"221",701913223.175417,702621600,-708376.824583054
"222",718758952.921207,719579300,-820347.078793049
"223",775214936.211892,776045900,-830963.788107991
"224",887822652.358515,888760300,-937647.641484976
"225",1063340139.03484,1064448000,-1107860.96516013
"226",1456671387.75279,1458839000,-2167612.24721003
"227",2310151513.22078,2313579000,-3427486.7792201
"228",3839327031.17484,3844422000,-5094968.82516003
"229",6170601817.7217,6177828000,-7226182.27830029
"230",9285255611.03436,9296550000,-11294388.9656391
"231",12886976350.0127,12901270000,-14293649.9873009
"232",16695311830.2534,16712680000,-17368169.7465992
"233",20508998695.7758,20529540000,-20541304.2242012
"234",24180469815.1048,24203250000,-22780184.8951988
"235",27784215217.3319,27809320000,-25104782.6680984
"236",31367841612.5615,31395460000,-27618387.4384995
"237",34812726179.018,34843680000,-30953820.9820023
"238",38059689051.4054,38095160000,-35470948.5945969
"239",41063654311.1542,41105100000,-41445688.8458023
"240",43684367521.795,43729000000,-44632478.2049942
"241",46095146527.639,46140190000,-45043472.3610001
"242",48561471019.5359,48607320000,-45848980.4640961
"243",51275236966.3358,51324710000,-49473033.6641998
"244",54135483714.1546,54186490000,-51006285.845398
"245",56989689471.788,57042740000,-53050528.211998
"246",59672191476.014,59725890000,-53698523.9860001
"247",61955461195.4095,62008760000,-53298804.5904999
"248",63853812591.2316,63908790000,-54977408.7684021
"249",65453818955.9455,65509470000,-55651044.0544968
"250",66565420753.7241,66622750000,-57329246.2759018
"251",66972655748.357,67030930000,-58274251.6429977
"252",65951986692.7168,66022250000,-70263307.2832031
"253",61486010642.8654,61554110000,-68099357.1345978
"254",54888412517.1528,54950660000,-62247482.8471909
"255",47800639932.6326,47859900000,-59260067.3674011
"256",39776485149.1208,39825690000,-49204850.8792038
"257",33099332320.4205,33139570000,-40237679.5794983
"258",27543040596.4478,27575410000,-32369403.5521965
"259",22919439845.9148,22948540000,-29100154.0852013
"260",19072006611.2778,19096610000,-24603388.7221985
"261",15870428778.5882,15890680000,-20251221.4118004
"262",13206293605.0293,13223370000,-17076394.9707012
"263",10989380197.6156,11003660000,-14279802.3843994
"264",9144621740.80812,9156689000,-12067259.1918793
"265",7609539538.81692,7619716000,-10176461.1830797
"266",6332149789.66649,6340748000,-8598210.3335104
"267",5269188608.75713,5276433000,-7244391.24287033
"268",4384659818.21735,4390742000,-6082181.78264999
"269",3648617061.0713,3653733000,-5115938.92869997
"270",3036131937.56053,3040272000,-4140062.43946981
"271",2526468907.74603,2529932000,-3463092.25397015
"272",2102356172.57958,2105378000,-3021827.42041993
"273",1749437950.72606,1752000000,-2562049.27394009
"274",1455762102.70249,1457936000,-2173897.29750991
"275",2399666528.78699,2403434000,-3767471.21300983
"276",4810188395.10636,4817697000,-7508604.89363956
"277",8485759502.63095,8498554000,-12794497.36905
"278",13710725915.2919,13740310000,-29584084.7080994
"279",21533536583.7596,21575940000,-42403416.2403984
"280",33575090621.6914,33630160000,-55069378.3086014
"281",49976317655.7332,50042490000,-66172344.2667999
"282",68825439901.6844,68904530000,-79090098.3155975
"283",86987182479.1412,87058800000,-71617520.8587952
"284",102696797498.059,102768100000,-71302501.9409943
"285",115307852199.133,115377800000,-69947800.8670044
"286",124767652903.49,124829900000,-62247096.5099945
"287",131802061709.576,131853800000,-51738290.423996
"288",137292529797.533,137337800000,-45270202.4669952
"289",141634371592.554,141671900000,-37528407.4460144
"290",145147497999.191,145178900000,-31402000.8089905
"291",148001403683.856,148029700000,-28296316.1440124
"292",150139955179.278,150164000000,-24044820.7219849
"293",151610367113.57,151625800000,-15432886.4299927
"294",152380477759.107,152383100000,-2622240.89300537
"295",152593216603.165,152553300000,39916603.1650085
"296",154775154553.007,154737200000,37954553.0069885
"297",159271229360.678,159238500000,32729360.678009
"298",165321592875.815,165295300000,26292875.8150024
"299",171820737009.828,171803000000,17737009.8280029
"300",177539514478.394,177535100000,4414478.39401245
"301",182385114512.019,182391700000,-6585487.98098755
"302",186468803388.594,186483700000,-14896611.4060059
"303",189770924819.259,189793300000,-22375180.7409973
"304",191778611712.727,191816900000,-38288287.2730103
"305",189533325428.666,189581400000,-48074571.3340149
"306",181716152770.539,181773300000,-57147229.4609985
"307",169484625926.975,169546800000,-62174073.0249939
"308",154522105091.118,154611500000,-89394908.8819885
"309",135812647102.749,135915300000,-102652897.251007
"310",113014193346.045,113098500000,-84306653.9549866
"311",94042851307.6787,94111390000,-68538692.3213043
"312",78256050407.242,78306470000,-50419592.7579956
"313",65119391128.8515,65167000000,-47608871.1484985
"314",54187957521.1301,54229030000,-41072478.8699036
"315",45091559425.5338,45125380000,-33820574.4662018
"316",37522163778.3867,37547880000,-25716221.6132965
"317",31223435257.4521,31242030000,-18594742.5479012
"318",25982038363.9465,26000950000,-18911636.0535011
"319",21620483148.5195,21636740000,-16256851.4804993
"320",17991102041.5922,18005140000,-14037958.4077988
"321",14970967374.6945,14982450000,-11482625.3055
"322",12457829609.7626,12466920000,-9090390.23740005
"323",10366565692.5808,10374010000,-7444307.4192009
"324",16702247011.9516,16714800000,-12552988.048399
"325",22172455062.9403,22189230000,-16774937.0597038
"326",27060846866.6785,27080980000,-20133133.3214989
"327",31587622473.4571,31609520000,-21897526.5429001
"328",35911376828.3381,35935220000,-23843171.6619034
"329",40092337394.2687,40119130000,-26792605.7313004
"330",45159169483.9972,45160950000,-1780516.00279999
"331",54556501329.2118,54572200000,-15698670.7881928
"332",72882427649.0866,72908630000,-26202350.9134064
"333",96845239682.9604,96873850000,-28610317.0396118
"334",109121774009.72,109091600000,30174009.7200012
"335",107583050342.79,107537200000,45850342.7899933
"336",98746473557.8323,98681220000,65253557.8323059
"337",87069567332.7764,87002420000,67147332.7763977
"338",75066673963.6591,75001440000,65233963.6591034
"339",64707992464.6382,64645580000,62412464.6381989
"340",56796801125.7162,56736190000,60611125.7161942
"341",50926368894.3318,50868250000,58118894.3318024
"342",46637975601.1366,46581580000,56395601.1365967
"343",43509140157.1446,43454430000,54710157.1445923
"344",41189551949.462,41135760000,53791949.461998
"345",39389262236.6855,39337360000,51902236.6855011
"346",37890345550.8514,37840440000,49905550.8514023
"347",36713659942.1559,36647070000,66589942.1558991
"348",37683577234.2279,37621950000,61627234.2278977
"349",41375381535.98,41317930000,57451535.9800034
"350",47777412342.9225,47725120000,52292342.9225006
"351",56943256044.4242,56894370000,48886044.424202
"352",70820462759.5689,70773690000,46772759.5688934
"353",91021798774.7089,90971270000,50528774.7088928
"354",114895576319.153,114842800000,52776319.1529999
"355",134053960813.004,134008300000,45660813.0040131
"356",142513130605.594,142436500000,76630605.5939941
"357",144537617818.75,144478900000,58717818.75
"358",142096236121.392,142052600000,43636121.3919983
"359",136843647378.509,136812100000,31547378.5090179
"360",130341682032.355,130323100000,18582032.3549957
"361",114766786030.401,114748400000,18386030.401001
"362",95501186626.8335,95486200000,14986626.8334961
"363",79469665375.5688,79460740000,8925375.56880188
"364",66129317886.0491,66124820000,4497886.04910278
"365",55028372657.9648,55026840000,1532657.96479797
"366",45790913536.1459,45791490000,-576463.854103088
"367",38104122235.9601,38102580000,1542235.96009827
"368",31707684638.2873,31705790000,1894638.28730011
"369",26384998370.0649,26383420000,1578370.06490326
"370",21955823781.4522,21954350000,1473781.45220566
"371",18270179114.5293,18269500000,679114.52930069
"372",15203225458.2697,15203120000,105458.269697189
"373",27227271799.1141,27240240000,-12968200.8858986
"374",37035621619.0125,37048550000,-12928380.9875031
"375",44556412597.4784,44569950000,-13537402.5215988
"376",50250205881.6772,50264830000,-14624118.3227997
"377",46996601978.7545,47011910000,-15308021.2454987
"378",51753604038.6679,51767000000,-13395961.3320999
"379",60417097217.8872,60431190000,-14092782.1128006
"380",73736764000.0298,73753950000,-17185999.9701996
"381",91063455238.6405,91083140000,-19684761.3594971
"382",111826344051.745,111860400000,-34055948.2550049
"383",130369717130.535,130398000000,-28282869.4649811
"384",140481699412.257,140497100000,-15400587.7430115
"385",139605285586.164,139604900000,385586.164001465
"386",129551600290.844,129547200000,4400290.84399414
"387",113817332026.171,113823000000,-5667973.82899475
"388",96080918123.6674,96075740000,5178123.66740418
"389",78918835984.2592,78918090000,745984.25920105
"390",63668702240.0135,63668520000,182240.013496399
"391",51434773249.1557,51435170000,-396750.844299316
"392",42436595782.2315,42435060000,1535782.23149872
"393",36037540174.7262,36037450000,90174.7261962891
"394",31663674065.6794,31663950000,-275934.320598602
"395",28863865587.6882,28863540000,325587.688201904
"396",27339894856.0757,27341070000,-1175143.92430115
"397",26723253566.9138,26726860000,-3606433.08620071
"398",26699971362.7094,26706650000,-6678637.29059982
"399",27207621173.3644,27196300000,11321173.364399
"400",30277322542.5681,30270810000,6512542.56809998
"401",36921880606.7737,36920380000,1500606.7736969
"402",47477659944.0996,47482780000,-5120055.90039825
"403",62176262570.0829,62185210000,-8947429.917099
"404",79448327365.9326,79460490000,-12162634.0673981
"405",97595626986.7355,97609240000,-13613013.2644959
"406",116329604197.009,116341300000,-11695802.9909973
"407",135044020807.395,135049300000,-5279192.60499573
"408",152351578531.957,152342200000,9378531.95700073
"409",161343411140.986,161337200000,6211140.98599243
"410",158337511742.872,158333800000,3711742.87200928
"411",145174661304.07,145175700000,-1038695.92999268
"412",120804634102.226,120804700000,-65897.774017334
"413",100525535698.463,100522500000,3035698.46299744
"414",83650506978.9028,83645200000,5306978.90280151
"415",69608296138.3861,69608990000,-693861.61390686
"416",57923315189.6096,57925360000,-2044810.39040375
"417",48199867208.2915,48201200000,-1332791.70850372
"418",40108705684.9183,40110730000,-2024315.08170319
"419",33375777631.4917,33378320000,-2542368.50830078
"420",27773045066.0429,27775610000,-2564933.95709991
"421",23110848928.4348,23113280000,-2431071.56520081
"422",19231280174.9927,19233490000,-2209825.00730133
"423",16002997092.7776,16004780000,-1782907.22239876
"424",13316612197.9239,13318370000,-1757802.0760994
"425",11081183446.9181,11082770000,-1586553.08189964
"426",9221002334.68527,9222433000,-1430665.31472969
"427",7673088916.8818,7674301000,-1212083.1182003
"428",18328946484.5629,18332450000,-3503515.43709946
"429",34127267426.7511,34131650000,-4382573.24890518
"430",51795164392.7536,51800310000,-5145607.2463913
"431",70229771375.4514,70235810000,-6038624.54859924
"432",88725026674.8195,88731690000,-6663325.18049622
"433",108172883606.139,108178000000,-5116393.86099243
"434",127522962616.599,127523100000,-137383.401000977
"435",142540278334.541,142535900000,4378334.54098511
"436",148254839332.318,148253800000,1039332.31799316
"437",143180139811.11,143181500000,-1360188.89001465
"438",129979481959.538,129970700000,8781959.53799439
"439",113635051873.55,113632600000,2451873.55000305
"440",97134796718.132,97132360000,2436718.13200378
"441",81924484669.9773,81927220000,-2735330.02270508
"442",68666005397.964,68676560000,-10554602.0360031
"443",57658027802.4721,57669820000,-11792197.5278931
"444",48865703787.6579,48875130000,-9426212.34210205
"445",42003068752.8736,42013800000,-10731247.1264038
"446",36752334268.9635,36763580000,-11245731.036499
"447",33183283477.215,33184880000,-1596522.78499985
"448",32067366008.1451,32071460000,-4093991.85490036
"449",33019736883.7851,33026980000,-7243116.21490097
"450",35559099828.5418,35568910000,-9810171.45819855
"451",39241821387.755,39254090000,-12268612.2450027
"452",43580902325.1315,43593670000,-12767674.8684998
"453",48273545326.2088,48287130000,-13584673.7911911
"454",53149474290.3915,53164030000,-14555709.6084976
"455",58110225241.3347,58124110000,-13884758.6652985
"456",65657933839.9515,65670880000,-12946160.0485001
"457",78452159965.9579,78459310000,-7150034.042099
"458",96207840687.1908,96204260000,3580687.1907959
"459",117297903423.322,117290700000,7203423.32202148
"460",137469443737.625,137452800000,16643737.625
"461",148723809285.44,148703500000,20309285.4400024
"462",148358981602.76,148339500000,19481602.7600098
"463",140860055245.834,140841800000,18255245.8340149
"464",118267142764.668,118246800000,20342764.6679993
"465",98414008117.7849,98395400000,18608117.7848969
"466",81893490080.4116,81877860000,15630080.4116211
"467",68146192647.1841,68134510000,11682647.1840973
"468",56706651332.8152,56697540000,9111332.81520081
"469",47187450084.7948,47178310000,9140084.7947998
"470",39266221252.0155,39259180000,7041252.01550293
"471",32674710154.6229,32671040000,3670154.62290192
"472",27189666359.1162,27187310000,2356359.11619949
"473",22625400199.695,22624030000,1370199.69499969
"474",18827331395.5383,18825480000,1851395.53829956
"475",15666834030.8194,15664680000,2154030.81940079
"476",13036890344.5212,13035060000,1830344.52120018
"477",10848427386.9171,10846930000,1497386.91710091
"478",19375387174.3384,19373360000,2027174.33840179
"479",31252373957.3625,31249210000,3163957.36249924
"480",41823637234.5406,41819540000,4097234.54060364
"481",51838482198.3036,51832670000,5812198.3035965
"482",64056080655.3383,64045440000,10640655.3383102
"483",80303856612.3737,80293060000,10796612.373703
"484",99712443510.4648,99701470000,10973510.464798
"485",120000610748.876,119991900000,8710748.87600708
"486",133631348295.126,133606100000,25248295.1260071
"487",136728735299.164,136705700000,23035299.1640015
"488",130463588840.032,130436200000,27388840.0319977
"489",118225897990.083,118198900000,26997990.0829926
"490",103372123481.022,103348400000,23723481.0220032
"491",88392339795.2465,88374130000,18209795.2465057
"492",74623920569.3469,74605700000,18220569.3468933
"493",62652335643.0751,62634120000,18215643.0751038
"494",52635998605.1979,52624280000,11718605.1978989
"495",45435927257.7788,45427950000,7977257.77880096
"496",41423670205.5241,41417550000,6120205.52410126
"497",39891130377.1508,39886010000,5120377.15080261
"498",40196529546.1581,40191510000,5019546.15809631
"499",41264158383.767,41273670000,-9511616.23299408
"500",41282229319.9858,41288260000,-6030680.0141983
"501",40272805758.8576,40275380000,-2574241.14240265
"502",38496843278.9526,38495590000,1253278.95259857
"503",36458733846.2989,36428950000,29783846.2988968
"504",37025914202.1577,36999370000,26544202.1576996
"505",41310767731.5016,41289700000,21067731.5016022
"506",49502371549.483,49488060000,14311549.4830017
"507",61771061800.9654,61764370000,6691800.9654007
"508",75914852515.686,75910120000,4732515.68600464
"509",89723980534.5752,89720900000,3080534.57519531
"510",103342826435.888,103340700000,2126435.88800049
"511",116951885240.008,116949000000,2885240.00801086
"512",131146663937.72,131129800000,16863937.7200165
"513",146893735683.982,146869400000,24335683.9819946
"514",162500032144.418,162466000000,34032144.4179993
"515",173766760505.201,173736100000,30660505.2009888
"516",177502416746.793,177489700000,12716746.7929993
"517",172379658687.113,172366400000,13258687.1130066
"518",161356477059.412,161343100000,13377059.4120178
"519",140514680554.576,140443700000,70980554.5759888
"520",116926939680.584,116864200000,62739680.5839996
"521",97298763377.876,97244000000,54763377.8760071
"522",80965387050.4876,80926340000,39047050.4875946
"523",67373915929.8166,67342690000,31225929.816597
"524",56063999693.3479,56037160000,26839693.3479004
"525",46652653697.757,46625750000,26903697.7570038
"526",38821167294.6324,38799220000,21947294.6324005
"527",32304359769.9136,32288890000,15469769.9136009
"528",26881516912.1358,26869190000,12326912.1357994
"529",22369052338.9333,22359340000,9712338.93330002
"530",33399324834.2615,33384150000,15174834.2615013
"531",43875222990.2362,43863410000,11812990.2361984
"532",55056051946.2225,55046660000,9391946.22250366
"533",67321306417.4364,67313750000,7556417.43640137
"534",79136522367.9931,79130670000,5852367.99310303
"535",89150469651.7789,89145940000,4529651.77890015
"536",97380963547.5551,97377570000,3393547.55509949
"537",104593262129.243,104590800000,2462129.24299622
"538",114350686873.14,114281700000,68986873.1399994
"539",130490867179.466,130403600000,87267179.4660034
"540",141462987780.906,141418200000,44787780.9060059
"541",133933858661.816,133907100000,26758661.815979
"542",113231818575.983,113162300000,69518575.9830017
"543",92491498430.2076,92435430000,56068430.2075958
"544",75280416192.3125,75232600000,47816192.3125
"545",61673680749.4822,61635990000,37690749.4822083
"546",51252944645.6159,51226950000,25994645.6158981
"547",42930801713.746,42911600000,19201713.7460022
"548",35951370825.0812,35934670000,16700825.0811996
"549",30231621310.7075,30213380000,18241310.7075005
"550",25648124076.5119,25634060000,14064076.5119019
"551",22178437711.6353,22164440000,13997711.6352997
"552",19966709055.4343,19956230000,10479055.4342995
"553",18758433847.8228,18751550000,6883847.82279968
"554",18290453634.9064,18286860000,3593634.90639877
"555",18500829098.1256,18481830000,18999098.1255989
"556",21365813924.7994,21352700000,13113924.7993965
"557",28381857035.9858,28373090000,8767035.9858017
"558",40496939182.7856,40493880000,3059182.78559113
"559",58332228159.5704,58330470000,1758159.57039642
"560",77312061855.6525,77314820000,-2758144.34750366
"561",93106331970.5878,93112770000,-6438029.41220093
"562",106066759992.608,106076300000,-9540007.39198303
"563",116602606200.682,116614100000,-11493799.3180084
"564",127778201349.637,127707800000,70401349.6369934
"565",145208431615.727,145144800000,63631615.7269897
"566",157390437327.281,157331500000,58937327.2810059
"567",155961600643.544,155912800000,48800643.5440369
"568",139156445456.256,139120000000,36445456.256012
"569",115796617049.988,115766400000,30217049.9880066
"570",96358198161.7915,96331660000,26538161.7915192
"571",80182846968.1564,80161790000,21056968.1564026
"572",66722693776.7043,66703530000,19163776.7042923
"573",55522112135.6369,55506820000,15292135.6369019
"574",46201730235.1361,46188430000,13300235.1361008
"575",38445966278.2662,38437870000,8096278.2661972
"576",31992142225.2686,31986270000,5872225.26860046
"577",26621718148.9217,26617590000,4128148.92169952
"578",22152788661.9457,22148860000,3928661.9457016
"579",18434046730.5647,18430050000,3996730.56470108
"580",15339568001.2865,15336080000,3488001.28650093
"581",29977258331.6207,29979700000,-2441668.37929916
"582",42770072082.5096,42771610000,-1537917.49039459
"583",54088224238.7942,54088320000,-95761.2058029175
"584",64419258442.0536,64418730000,528442.053596497
"585",74028769393.3405,74029230000,-460606.659500122
"586",83633780765.3633,83630660000,3120765.36329651
"587",93621944162.9754,93620420000,1524162.97540283
"588",103488342265.298,103488200000,142265.297988892
"589",113163932465.667,113164700000,-767534.332992554
"590",125138580260.677,125095800000,42780260.677002
"591",140244340018.983,140190600000,53740018.9830017
"592",148780573777.586,148758800000,21773777.5859985
"593",141404162127.812,141393400000,10762127.8120117
"594",121844072258.991,121806700000,37372258.9909973
"595",100511957958.706,100489900000,22057958.7059937
"596",81493094641.6955,81475490000,17604641.6954956
"597",65678338451.5719,65668530000,9808451.57189942
"598",53078078865.7724,53075880000,2198865.7723999
"599",43695606940.6792,43695860000,-253059.320800781
"600",37250658354.4488,37252720000,-2061645.55120087
"601",33087816948.3341,33093260000,-5443051.66590118
"602",30623050607.4328,30630030000,-6979392.56719971
"603",29559678886.8086,29562000000,-2321113.19139862
"604",30078480009.0769,30081670000,-3189990.92309952
"605",31793489805.8064,31800100000,-6610194.19360352
"606",34290842545.1284,34299360000,-8517454.87160111
"607",37385593195.446,37378470000,7123195.44599915
"608",42707428403.8203,42703470000,3958403.82029724
"609",50921641442.5871,50921750000,-108557.412902832
"610",62078002762.7888,62082210000,-4207237.2111969
"611",76179659195.8464,76184860000,-5200804.15359497
"612",92522260719.5433,92528640000,-6379280.45669556
"613",110248801395.046,110253700000,-4898604.95397949
"614",128717247538.79,128716300000,947538.789993286
"615",146606677734.371,146605100000,1577734.3710022
"616",161343556812.417,161330000000,13556812.4169922
"617",171288889253.526,171273000000,15889253.526001
"618",176019434434.323,176000400000,19034434.322998
"619",175597678067.895,175576000000,21678067.894989
"620",170501615834.128,170530000000,-28384165.8719788
"621",158108570463.96,158123900000,-15329536.0400085
"622",138550784545.321,138555500000,-4715454.6789856
"623",115292682912.373,115296600000,-3917087.6269989
"624",95938829184.4536,95939920000,-1090815.54640198
"625",79833808905.8858,79829430000,4378905.88580322
"626",66432305946.9823,66435470000,-3164053.01770019
"627",55280476483.3001,55284310000,-3833516.69989777
"628",46000694316.6582,46003440000,-2745683.34179687
"629",38278699861.5095,38281770000,-3070138.4905014
"630",31852919803.1382,31855830000,-2910196.86180115
"631",26505844564.7455,26508530000,-2685435.25450134
"632",22056372243.819,22058990000,-2617756.18099976
"633",18353792416.7142,18352560000,1232416.71419907
"634",15272817251.6929,15274530000,-1712748.3071003
"635",12709017277.9196,12710070000,-1052722.08040047
"636",10575588344.0523,10577460000,-1871655.9477005
"637",19407570531.8636,19396350000,11220531.8636017
"638",30074518952.7617,30063960000,10558952.7616997
"639",41211147668.7123,41194580000,16567668.7123032
"640",52762824135.8677,52740490000,22334135.8676987
"641",64295960983.8228,64268280000,27680983.8227921
"642",77991395847.1953,77905250000,86145847.1952972
"643",99213305325.3616,99118690000,94615325.3616028
"644",116533496632.36,116464300000,69196632.3600159
"645",114401618984.73,114346300000,55318984.7299805
"646",97654929065.0184,97594090000,60839065.0184021
"647",78544890144.8398,78502950000,41940144.839798
"648",61590000526.1792,61549950000,40050526.1792068
"649",47715805572.8418,47688700000,27105572.8417969
"650",36876345640.8817,36855810000,20535640.8816986
"651",29171117059.0643,29155900000,15217059.0643005
"652",24450629775.2444,24439350000,11279775.2444038
"653",22114613890.0701,22105950000,8663890.07009888
"654",21634621261.8622,21627680000,6941261.86220551
"655",22354217936.1488,22353480000,737936.148799896
"656",23338237681.017,23337610000,627681.016998291
"657",24287869088.9397,24288300000,-430911.06029892
"658",25075988412.9478,25076840000,-851587.052204132
"659",25831956566.2291,25812630000,19326566.2290993
"660",28871319464.6229,28853110000,18209464.6229019
"661",35686120437.5857,35673060000,13060437.585701
"662",46847547343.0479,46842050000,5497343.04788971
"663",62657765314.6395,62657160000,605314.639503479
"664",82440313577.6838,82440680000,-366422.316192627
"665",104599215496.55,104596900000,2315496.55000305
"666",126363968377.068,126349700000,14268377.0679779
"667",141539825453.448,141521300000,18525453.447998
"668",146437491217.457,146370300000,67191217.4570007
"669",146803980595.077,146748900000,55080595.0769959
"670",144075975167.028,144031000000,44975167.0280151
"671",139090792994.423,139054100000,36692994.4230041
"672",132292761868.605,132305700000,-12938131.3950043
"673",122472778946.661,122488100000,-15321053.3389893
"674",104808912096.128,104817600000,-8687903.87199402
"675",87214913640.789,87223360000,-8446359.21099854
"676",72574390312.7284,72580420000,-6029687.27160645
"677",60391526711.5114,60401250000,-9723288.48860168
"678",50253712288.2865,50263210000,-9497711.71350098
"679",41817738184.3632,41826880000,-9141815.63680267
"680",34797863264.7675,34804830000,-6966735.23249817
"681",28956523980.9869,28961070000,-4546019.01309586
"682",24095652041.3589,24099030000,-3377958.64110184
"683",20050780557.7698,20053570000,-2789442.23020172
"684",16684909871.2499,16687230000,-2320128.75009918
"685",13884058321.7191,13885980000,-1921678.28089905
"686",11553377756.9519,11555790000,-2412243.04809952
"687",9613946982.37916,9616208000,-2261017.62084007
"688",8000076702.5672,8002187000,-2110297.43279934
"689",6657124535.91752,6658870000,-1745464.08248043
"690",15018265982.4481,15018500000,-234017.551902771
"691",26211223755.198,26212760000,-1536244.80199814
"692",40607233256.9524,40605760000,1473256.95240021
"693",58028110265.1349,58023840000,4270265.13490295
"694",79546251350.0233,79575820000,-29568649.9766998
"695",102300017842.064,102334100000,-34082157.9360046
"696",122980300661.664,123010200000,-29899338.3359985
"697",138616477623.447,138640700000,-24222376.553009
"698",147378672981.444,147414100000,-35427018.5559998
"699",147252945827.375,147288000000,-35054172.625
"700",138813163913.251,138850900000,-37736086.7489929
"701",124841117048.83,124874700000,-33582951.1699982
"702",108405683642.586,108424700000,-19016357.4140015
"703",92702106198.1103,92720610000,-18503801.8897095
"704",79405523830.2234,79421140000,-15616169.7765961
"705",68553556706.5211,68564840000,-11283293.4788971
"706",59939431757.465,59952710000,-13278242.5350037
"707",53479520341.385,53487490000,-7969658.61499786
"708",49390128025.6528,49400250000,-10121974.3471985
"709",47132914370.4985,47145590000,-12675629.5014954
"710",46162560919.5257,46177430000,-14869080.4742966
"711",46213841201.2431,46206780000,7061201.24310303
"712",49130734738.6907,49127020000,3714738.69069672
"713",55309409609.1196,55309700000,-290390.880401611
"714",64418929763.3055,64425730000,-6800236.69450378
"715",76158824567.7992,76168230000,-9405432.20080567
"716",89631744554.5941,89642700000,-10955445.4058838
"717",104032846152.177,104044100000,-11253847.822998
"718",119198198699.899,119206300000,-8101300.10101318
"719",134842197891.448,134843000000,-802108.552001953
"720",150787460287.948,150771600000,15860287.9480286
"721",164534172477.609,164518900000,15272477.6090088
"722",169108560110.653,169094900000,13660110.6530457
"723",163701572678.887,163690600000,10972678.8869934
"724",152756658030.986,152740100000,16558030.9859924
"725",132086773024.012,132084600000,2173024.01199341
"726",109913821511.983,109909400000,4421511.98300171
"727",91462983568.7501,91459700000,3283568.75010681
"728",76109228229.3773,76108250000,978229.377304077
"729",63332951259.2444,63332620000,331259.244392395
"730",52701403338.4887,52700200000,1203338.48870087
"731",43854579926.8515,43853920000,659926.851509094
"732",36492826424.1493,36494680000,-1853575.85070038
"733",30366870753.3469,30369210000,-2339246.65309906
"734",25269276559.5287,25271890000,-2613440.47129822
"735",21027369885.7845,21028820000,-1450114.21549988
"736",17497554854.9861,17498070000,-515145.013900757
"737",14560274746.944,14560620000,-345253.055999756
"738",12116094638.5728,12116410000,-315361.427200317
"739",10082205415.4674,10082460000,-254584.532600403
"740",8389723345.2473,8389939000,-215654.752699852
"741",6981370726.77107,6981558000,-187273.228930473
"742",11084305864.5769,11085970000,-1664135.42309952
"743",25769600420.6206,25770680000,-1079579.37939835
"744",44687388836.8364,44688610000,-1221163.16360474
"745",67395496907.3135,67396950000,-1453092.68650055
"746",92108877741.8971,92125830000,-16952258.1029053
"747",114442924233.799,114457500000,-14575766.2009888
"748",128553818816.358,128563600000,-9781183.64199829
"749",130732715166.273,130735300000,-2584833.727005
"750",122512838601.434,122489000000,23838601.4340057
"751",109784219279.527,109764200000,20019279.5269928
"752",96054052819.6189,96030850000,23202819.6188965
"753",82936673154.1856,82913540000,23133154.1855927
"754",71216435370.3305,71202040000,14395370.3305054
"755",61541431762.8763,61530120000,11311762.876297
"756",54075533652.3504,54063990000,11543652.3503952
"757",48436868929.7181,48428590000,8278929.7181015
"758",44237079538.0678,44231530000,5549538.06780243
"759",41527580315.7509,41511190000,16390315.7509079
"760",41129310232.9364,41116200000,13110232.9364014
"761",42643895830.8179,42633740000,10155830.8179016
"762",45600652769.7184,45593890000,6762769.71839905
"763",49605981741.8151,49601740000,4241741.81510162
"764",54363439402.0209,54358010000,5429402.02089691
"765",59663844262.7413,59657450000,6394262.74130249
"766",65376025894.1268,65368780000,7245894.12680054
"767",71432984998.6999,71425080000,7904998.6999054
"768",79713801018.7435,79705750000,8051018.74349976
"769",92060133585.6584,92048490000,11643585.6584015
"770",108110703713.258,108092300000,18403713.2579803
"771",126762855821.33,126747100000,15755821.3300018
"772",145533698877.525,145514000000,19698877.5249939
"773",157449606824.329,157432300000,17306824.32901
"774",158090217678.655,158078300000,11917678.6550293
"775",150610689638.103,150602900000,7789638.10302734
"776",129367659202.845,129360400000,7259202.84500122
"777",107651110686.844,107643400000,7710686.8440094
"778",89580034767.3219,89571020000,9014767.32188416
"779",74542393868.0379,74540960000,1433868.03790283
"780",62029135700.545,62029210000,-74299.4550018311
"781",51616437009.6663,51615780000,657009.666290283
"782",42951693837.4832,42947320000,4373837.48320007
"783",35741492951.1896,35737800000,3692951.18959808
"784",29741674369.0986,29741340000,334369.09859848
"785",24749032722.8585,24749260000,-227277.141498566
"786",20594460066.7955,20595190000,-729933.204498291
"787",17137315682.4509,17137310000,5682.4508972168
"788",14260509641.3369,14260000000,509641.336900711
"789",11866643317.6397,11866190000,453317.639701843
"790",9874636545.51868,9874246000,390545.518680572
"791",8217008461.04521,8216584000,424461.045210838
"792",6837644930.80835,6837672000,-27069.1916503906
"793",5689828267.32889,5690064000,-235732.671110153
"794",17311991795.5965,17314100000,-2108204.4034996
"795",34877050475.6032,34881200000,-4149524.39679718
"796",56556755021.9523,56562810000,-6054978.04769898
"797",80834200398.478,80841540000,-7339601.52200317
"798",105166112580.808,105184000000,-17887419.1919861
"799",125137327409.972,125150400000,-13072590.0279999
"800",137210619137.166,137215100000,-4480862.83401489
"801",139788192832.165,139784300000,3892832.16500854
"802",133838800806.411,133838100000,700806.410995483
"803",121276044123.884,121283500000,-7455876.11601257
"804",105230986133.068,105229300000,1686133.06800842
"805",88518930989.6368,88519890000,-959010.363204956
"806",72912335873.6284,72913440000,-1104126.37159729
"807",59417667878.8836,59418270000,-602121.116401672
"808",48342167737.0213,48338740000,3427737.02130127
"809",39523916892.9977,39518940000,4976892.99770355
"810",32676255472.9231,32671440000,4815472.92309952
"811",27956065135.1504,27938190000,17875135.1503983
"812",26540787660.0919,26524890000,15897660.0918999
"813",28329774130.8542,28318430000,11344130.8541985
"814",33084437717.4119,33077780000,6657717.41189957
"815",40369683522.5244,40389680000,-19996477.4756012
"816",47580453478.1074,47597640000,-17186521.892601
"817",53781889947.1793,53796140000,-14250052.8207016
"818",58981051406.8916,58992290000,-11238593.1083984
"819",63289981127.5991,63297540000,-7558872.40090179
"820",68915161264.7126,68920310000,-5148735.28739929
"821",78023356237.9414,78024970000,-1613762.05859375
"822",90618157461.269,90616750000,1407461.26899719
"823",106415041234.787,106409400000,5641234.7869873
"824",124719253215.161,124708700000,10553215.1609955
"825",143753579196.421,143739400000,14179196.42099
"826",158063515038.29,158050000000,13515038.2900085
"827",163241161345.933,163229500000,11661345.9330139
"828",159718521726.345,159692400000,26121726.3450012
"829",151799729648.751,151778600000,21129648.7510071
"830",142347360958.403,142330300000,17060958.4030151
"831",123525373549.204,123506100000,19273549.2039948
"832",102789612896.192,102771200000,18412896.1920013
"833",85534493183.6713,85521100000,13393183.6712799
"834",71176017553.9524,71165300000,10717553.9523926
"835",59227845265.5884,59217140000,10705265.5884018
"836",49285393914.4819,49278980000,6413914.48190308
"837",41011984144.8452,41008330000,3654144.84519958
"838",34127431032.8813,34125200000,2231032.88130569
"839",42706635839.1091,42705590000,1045839.10909271
"840",49639395441.2137,49638460000,935441.213699341
"841",55373145145.8885,55368510000,4635145.88848877
"842",60740381597.9958,60734320000,6061597.99578857
"843",66280347555.6572,66274560000,5787555.65719604
"844",72167457781.2029,72162810000,4647781.20289612
"845",78358160855.533,78355570000,2590855.53300476
"846",86122647501.1257,86121770000,877501.125717163
"847",96391400176.47,96392020000,-619823.529983521
"848",110999510837.063,110998700000,810837.06300354
"849",128860093040.945,128849300000,10793040.9450226
"850",142116561202.513,142100200000,16361202.5130005
"851",143977795019.184,143966600000,11195019.1839905
"852",134526994715.73,134525500000,1494715.73001099
"853",118142916251.444,118133600000,9316251.44400024
"854",99388572181.3284,99363340000,25232181.3283997
"855",81277828971.1016,81243120000,34708971.101593
"856",65278343759.3185,65250120000,28223759.3184967
"857",51889452932.9684,51873160000,16292932.968399
"858",41102675476.5852,41090990000,11685476.5852051
"859",33036209983.7528,33027650000,8559983.75279999
"860",27510237308.3646,27503940000,6297308.36460114
"861",23937083581.814,23933170000,3913581.81399918
"862",21808698741.7194,21807430000,1268741.7193985
"863",20858856521.6757,20854060000,4796521.67570114
"864",21230665640.6571,21226020000,4645640.65710068
"865",22651781211.0757,22649350000,2431211.07569885
"866",24816683498.4949,24815780000,903498.49489975
"867",27621589728.6883,27604900000,16689728.6883011
"868",32829880147.0608,32817720000,12160147.0607986
"869",41463296290.4781,41456510000,6786290.47810364
"870",53950971832.6618,53947570000,3401832.66179657
"871",70552541525.1599,70552370000,171525.159896851
"872",89771937170.6734,89773500000,-1562829.32659912
"873",109859565118.629,109860500000,-934881.371002197
"874",129956680664.97,129953200000,3480664.97001648
"875",148253451807.211,148243100000,10351807.2109985
"876",160674661517.286,160660400000,14261517.2860107
"877",164091528155.8,164077700000,13828155.7999878
"878",159311114085.307,159297700000,13414085.3070068
"879",149563420114.088,149550800000,12620114.0880127
"880",133037094412.141,132975700000,61394412.1410217
"881",110704545346.851,110650000000,54545346.8509979
"882",92120818695.3537,92068590000,52228695.3536987
"883",76656727683.8965,76609690000,47037683.8964996
"884",63788552193.196,63756650000,31902193.1959991
"885",53080562240.2361,53054510000,26052240.2360992
"886",44170119366.7885,44147400000,22719366.7884979
"887",36755390420.0765,36737610000,17780420.0764999
"888",30585332835.9792,30570770000,14562835.9791985
"889",25451043177.3048,25439330000,11713177.3047981
"890",21178641503.1301,21169250000,9391503.13010025
"891",17623459140.2948,17615950000,7509140.29480362
"892",14665058094.5774,14658880000,6178094.57740021
"893",12203275316.143,12199490000,3785316.14299965
"894",22553086058.0202,22551250000,1836058.02019882
"895",32431790510.1327,32430800000,990510.132701874
"896",41239260557.2968,41238760000,500557.296798706
"897",49553956212.8723,49579880000,-25923787.1277008
"898",58860028758.458,58868220000,-8191241.54200745
"899",70238363004.8977,70244830000,-6466995.10229492
"900",82975904050.6872,82980910000,-5005949.31280518
"901",98479014389.8095,98482400000,-3385610.19050598
"902",117307747748.481,117305900000,1847748.48100281
"903",134469856290.199,134470000000,-143709.800994873
"904",141868417283.903,141872300000,-3882716.09698486
"905",136432823261.097,136429400000,3423261.09698486
"906",121692137613.857,121675000000,17137613.8569946
"907",103719654241,103716700000,2954241
"908",86062106778.5805,86049790000,12316778.5805054
"909",70298777012.4658,70294110000,4667012.46580505
"910",57012224144.6349,57010680000,1544144.63490295
"911",46779102219.7145,46778100000,1002219.71450043
"912",39624968747.7386,39625810000,-841252.261398316
"913",34914999880.9764,34918080000,-3080119.02359772
"914",32077889701.9897,32082990000,-5100298.01029587
"915",30755216198.9085,30756980000,-1763801.09149933
"916",30917763417.2912,30915610000,2153417.29119873
"917",32167298671.924,32168710000,-1411328.07600021
"918",34117243809.488,34123210000,-5966190.51200104
"919",36608414823.0129,36598650000,9764823.01290131
"920",41234694153.2408,41228640000,6054153.24079895
"921",48543444103.9582,48539180000,4264103.95819855
"922",58474728951.7318,58474760000,-31048.2682037353
"923",70955771006.1934,70959330000,-3558993.80659485
"924",85276876460.6592,85282990000,-6113539.34080505
"925",100727614157.258,100734700000,-7085842.74200439
"926",117124337342.218,117127700000,-3362657.78198242
"927",134043750790.864,134032800000,10950790.8639984
"928",150719404703.155,150706500000,12904703.1549988
"929",164985977774.682,164970700000,15277774.6820374
"930",172517272820.7,172502900000,14372820.7000122
"931",171792571538.754,171778400000,14171538.7539978
"932",164388489904.315,164368000000,20489904.315033
"933",153497102319.236,153478700000,18402319.2359924
"934",141740189535.807,141723800000,16389535.8070068
"935",120070080129.649,120053300000,16780129.6490021
"936",99914240516.7244,99896370000,17870516.7243958
