"p","omega","delta","mu_e","mu_ql","mu_el","mu_qn","mu_en","mu_qa","mu_ea","mu_h","beta_nh","beta_hl","beta_hn","tau","lambda_l","lambda_n","lambda_a","alpha","f_l","f_n","f_a","kappa","c","Tf","obsprob","T_min_l","gamma","E0","QL0","EL_s0","EL_i0","QN_s0","QN_i0","EN_s0","EN_i0","QA_s0","QA_i0","EA0","H_s0","H_i0"
2000,21.4491215185497,0.5,0.02618,0.0068,0.001428,0.0034,0.000476,0.00136,0.000408,0.00273972602739726,0.9,0.8,0.8,0.310036320021685,16.9409853513922,0.0869388477783152,0.640219566042727,0.680487374755014,0.930553877419996,0.0624228237449625,0.00802463091121259,0.0870054479584112,0.4,4,4.24886535644531,0.21184008427452,6.6983584647352,11.328125,2.734375,3.515625,54.296875,23.828125,69.140625,66.015625,86.328125,33.203125,70.703125,30.078125,0.470703125,0.474609375
2000,23.6685940766535,0.5,0.02618,0.0068,0.001428,0.0034,0.000476,0.00136,0.000408,0.00273972602739726,0.9,0.8,0.8,0.280574813739,18.749530910173,0.0959059489190278,0.580096231887577,0.618492795417902,0.984427233118423,0.0561854143465587,0.0088536484710473,0.0962017298235447,0.4,4,3.83019348144531,0.190705609771684,6.6983584647352,61.328125,52.734375,53.515625,4.296875,73.828125,19.140625,16.015625,36.328125,83.203125,20.703125,80.078125,0.220703125,0.224609375
2000,20.3393852394978,0.5,0.02618,0.0068,0.001428,0.0034,0.000476,0.00136,0.000408,0.00273972602739726,0.9,0.8,0.8,0.295305566880342,19.6538036895635,0.0914223983486715,0.610157898965152,0.587495505749347,0.903617199570782,0.0593041190457606,0.00761012213129523,0.100799870756111,0.4,4,4.03952941894531,0.201272847023102,6.6983584647352,36.328125,77.734375,28.515625,29.296875,48.828125,94.140625,41.015625,61.328125,58.203125,45.703125,55.078125,0.345703125,0.099609375
2000,22.5588577976016,0.5,0.02618,0.0068,0.001428,0.0034,0.000476,0.00136,0.000408,0.00273972602739726,0.9,0.8,0.8,0.265844060597658,17.8452581307826,0.0824552972079589,0.550034564810002,0.649490085086458,0.95749055526921,0.0655415284441643,0.00843913969112995,0.0916035888909779,0.4,4,4.45820129394531,0.222407321525937,6.6983584647352,86.328125,27.734375,78.515625,79.296875,98.828125,44.140625,91.015625,11.328125,8.203125,95.703125,5.078125,0.095703125,0.349609375
2000,20.8942533790237,0.5,0.02618,0.0068,0.001428,0.0034,0.000476,0.00136,0.000408,0.00273972602739726,0.9,0.8,0.8,0.287940190309671,16.488848961697,0.0981477242042059,0.625188732503939,0.63399144025218,0.970958894193816,0.0608634713953615,0.00906090286100598,0.0939026593572613,0.4,4,4.14419738769531,0.227690940151646,6.6983584647352,23.828125,65.234375,91.015625,91.796875,86.328125,81.640625,3.515625,98.828125,70.703125,83.203125,42.578125,0.158203125,0.162109375
2000,23.1137259371275,0.5,0.02618,0.0068,0.001428,0.0034,0.000476,0.00136,0.000408,0.00273972602739726,0.9,0.8,0.8,0.317401696592356,18.2973945204778,0.0891806230634933,0.56506539834879,0.571996860915069,0.917085538495389,0.0671008807937653,0.00823188530117127,0.0847063774921278,0.4,4,4.56286926269531,0.20655646564881,6.6983584647352,73.828125,15.234375,41.015625,41.796875,36.328125,31.640625,53.515625,48.828125,20.703125,33.203125,92.578125,0.408203125,0.412109375
2000,22.0039896580756,0.5,0.02618,0.0068,0.001428,0.0034,0.000476,0.00136,0.000408,0.00273972602739726,0.9,0.8,0.8,0.273209437168329,19.2016672998683,0.084697072493137,0.655250399581514,0.602994150583624,0.99789557204303,0.0639821760945634,0.00864639408108863,0.0893045184246946,0.4,4,4.35353332519531,0.195989228397393,6.6983584647352,48.828125,40.234375,66.015625,16.796875,61.328125,56.640625,78.515625,73.828125,45.703125,8.203125,67.578125,0.033203125,0.287109375
2000,24.2234622161794,0.5,0.02618,0.0068,0.001428,0.0034,0.000476,0.00136,0.000408,0.00273972602739726,0.9,0.8,0.8,0.302670943451014,17.3931217410874,0.0936641736338496,0.595127065426365,0.664988729920736,0.944022216344603,0.0577447666961596,0.00781737652125391,0.098500800289828,0.4,4,3.93486145019531,0.217123702900228,6.6983584647352,98.828125,90.234375,16.015625,66.796875,11.328125,6.640625,28.515625,23.828125,95.703125,58.203125,17.578125,0.283203125,0.037109375
2000,20.0619511697348,0.5,0.02618,0.0068,0.001428,0.0034,0.000476,0.00136,0.000408,0.00273972602739726,0.9,0.8,0.8,0.321084384877691,18.5234627153254,0.0880597354209042,0.632704149273333,0.672738052337875,0.950756385806906,0.061643147570162,0.00750649493631589,0.0858559127252695,0.4,4,4.51053527832031,0.198631037710247,6.6983584647352,30.078125,58.984375,47.265625,35.546875,5.078125,87.890625,97.265625,42.578125,26.953125,51.953125,36.328125,0.001953125,0.193359375
2000,22.2814237278386,0.5,0.02618,0.0068,0.001428,0.0034,0.000476,0.00136,0.000408,0.00273972602739726,0.9,0.8,0.8,0.291622878595007,16.7149171565446,0.0970268365616169,0.572580815118183,0.610743473000763,0.896883030108479,0.0678805569685657,0.00833551249615061,0.095052194590403,0.4,4,4.09186340332031,0.219765512213083,6.6983584647352,80.078125,8.984375,97.265625,85.546875,55.078125,37.890625,47.265625,92.578125,76.953125,1.953125,86.328125,0.251953125,0.443359375
2000,21.1716874487867,0.5,0.02618,0.0068,0.001428,0.0034,0.000476,0.00136,0.000408,0.00273972602739726,0.9,0.8,0.8,0.306353631736349,17.619189935935,0.0925432859912605,0.602642482195758,0.579746183332208,0.97769306365612,0.0647618522693639,0.00792100371623325,0.0996503355229697,0.4,4,3.88252746582031,0.230332749464501,6.6983584647352,5.078125,33.984375,22.265625,60.546875,30.078125,62.890625,22.265625,17.578125,51.953125,26.953125,61.328125,0.126953125,0.318359375
2000,23.3911600068905,0.5,0.02618,0.0068,0.001428,0.0034,0.000476,0.00136,0.000408,0.00273972602739726,0.9,0.8,0.8,0.276892125453665,19.4277354947159,0.0835761848505479,0.542519148040609,0.641740762669319,0.923819707957692,0.0585244428709601,0.00875002127606796,0.0904540536578363,0.4,4,4.30119934082031,0.209198274961665,6.6983584647352,55.078125,83.984375,72.265625,10.546875,80.078125,12.890625,72.265625,67.578125,1.953125,76.953125,11.328125,0.376953125,0.068359375
2000,21.7265555883127,0.5,0.02618,0.0068,0.001428,0.0034,0.000476,0.00136,0.000408,0.00273972602739726,0.9,0.8,0.8,0.284257502024336,18.9755991050206,0.0947850612764387,0.617673315734546,0.626242117835041,0.937288046882299,0.0632024999197629,0.00854276688610929,0.0927531241241196,0.4,4,3.77785949707031,0.203914656335956,6.6983584647352,42.578125,21.484375,59.765625,23.046875,92.578125,50.390625,34.765625,30.078125,64.453125,89.453125,48.828125,0.314453125,0.380859375
2000,23.9460281464164,0.5,0.02618,0.0068,0.001428,0.0034,0.000476,0.00136,0.000408,0.00273972602739726,0.9,0.8,0.8,0.31371900830702,17.1670535462398,0.0858179601357261,0.557549981579396,0.56424753849793,0.991161402580727,0.0569650905213592,0.00771374932627457,0.0835568422589862,0.4,4,4.19653137207031,0.225049130838792,6.6983584647352,92.578125,71.484375,9.765625,73.046875,42.578125,0.390625,84.765625,80.078125,14.453125,39.453125,98.828125,0.064453125,0.130859375
2000,20.6168193092608,0.5,0.02618,0.0068,0.001428,0.0034,0.000476,0.00136,0.000408,0.00273972602739726,0.9,0.8,0.8,0.269526748882994,18.0713263256302,0.0813344095653698,0.64773498281212,0.595244828166486,0.910351369033086,0.0600837952205611,0.00895727566602664,0.0881549831915529,0.4,4,4.40586730957031,0.214481893587374,6.6983584647352,17.578125,96.484375,84.765625,98.046875,67.578125,75.390625,59.765625,5.078125,39.453125,14.453125,73.828125,0.439453125,0.005859375
2000,22.8362918673645,0.5,0.02618,0.0068,0.001428,0.0034,0.000476,0.00136,0.000408,0.00273972602739726,0.9,0.8,0.8,0.298988255165678,19.8798718844111,0.0903015107060824,0.587611648656971,0.657239407503597,0.964224724731513,0.0663212046189648,0.00812825810619193,0.0973512650566864,0.4,4,3.98719543457031,0.193347419084538,6.6983584647352,67.578125,46.484375,34.765625,48.046875,17.578125,25.390625,9.765625,55.078125,89.453125,64.453125,23.828125,0.189453125,0.255859375
2000,20.7555363441423,0.5,0.02618,0.0068,0.001428,0.0034,0.000476,0.00136,0.000408,0.00273972602739726,0.9,0.8,0.8,0.267685404740326,18.6364968127492,0.0852575163144316,0.583853940272274,0.63786610146075,0.906984284301934,0.066711042706365,0.00859458048359896,0.0852811451086987,0.4,4,3.85636047363281,0.199951942366674,6.6983584647352,45.703125,93.359375,94.140625,32.421875,14.453125,78.515625,44.140625,70.703125,61.328125,92.578125,76.953125,0.330078125,0.302734375
2000,22.975008902246,0.5,0.02618,0.0068,0.001428,0.0034,0.000476,0.00136,0.000408,0.00273972602739726,0.9,0.8,0.8,0.29714691102301,16.8279512539684,0.0942246174551442,0.643977274427424,0.575871522123638,0.960857640000361,0.0604736333079613,0.00776556292376424,0.0944774269738322,0.4,4,4.27503234863281,0.22108641686951,6.6983584647352,95.703125,43.359375,44.140625,82.421875,64.453125,28.515625,94.140625,20.703125,11.328125,42.578125,26.953125,0.080078125,0.052734375
2000,21.8652726231941,0.5,0.02618,0.0068,0.001428,0.0034,0.000476,0.00136,0.000408,0.00273972602739726,0.9,0.8,0.8,0.282416157881668,17.7322240333588,0.0897410668847879,0.553792273194699,0.606868811792194,0.933920962151148,0.0573549286087594,0.00900908926351631,0.0990755679063989,0.4,4,4.48436828613281,0.231653654120928,6.6983584647352,20.703125,18.359375,69.140625,57.421875,39.453125,53.515625,69.140625,95.703125,36.328125,17.578125,1.953125,0.455078125,0.177734375
2000,24.0847451812979,0.5,0.02618,0.0068,0.001428,0.0034,0.000476,0.00136,0.000408,0.00273972602739726,0.9,0.8,0.8,0.311877664164352,19.5407695921397,0.0807739657440752,0.613915607349849,0.668863391129306,0.987794317849575,0.0635923380071632,0.0081800717036816,0.0898792860412654,0.4,4,4.06569641113281,0.210519179618092,6.6983584647352,70.703125,68.359375,19.140625,7.421875,89.453125,3.515625,19.140625,45.703125,86.328125,67.578125,51.953125,0.205078125,0.427734375
2000,21.3104044836682,0.5,0.02618,0.0068,0.001428,0.0034,0.000476,0.00136,0.000408,0.00273972602739726,0.9,0.8,0.8,0.304512287593681,18.184360423054,0.0964663927403223,0.568823106733486,0.653364746295028,0.974325978924968,0.0589142809583603,0.00755830853380556,0.0921783565075488,0.4,4,4.58903625488281,0.205235560992383,6.6983584647352,33.203125,30.859375,6.640625,19.921875,76.953125,66.015625,81.640625,58.203125,48.828125,55.078125,89.453125,0.017578125,0.115234375
2000,23.529877041772,0.5,0.02618,0.0068,0.001428,0.0034,0.000476,0.00136,0.000408,0.00273972602739726,0.9,0.8,0.8,0.275050781310997,16.3758148642732,0.0874992915996097,0.628946440888636,0.591370166957916,0.920452623226541,0.0651516903567641,0.00838732609364028,0.0829820746424153,0.4,4,4.17036437988281,0.226370035495219,6.6983584647352,83.203125,80.859375,56.640625,69.921875,26.953125,16.015625,31.640625,8.203125,98.828125,5.078125,39.453125,0.267578125,0.365234375
2000,20.2006682046163,0.5,0.02618,0.0068,0.001428,0.0034,0.000476,0.00136,0.000408,0.00273972602739726,0.9,0.8,0.8,0.319243040735023,17.2800876436636,0.0830157410292534,0.598884773811061,0.56037287728936,0.947389301075754,0.068270395055966,0.00797281731372292,0.0875802155749821,0.4,4,3.96102844238281,0.215802798243801,6.6983584647352,8.203125,55.859375,31.640625,94.921875,51.953125,91.015625,6.640625,83.203125,73.828125,30.078125,14.453125,0.142578125,0.490234375
2000,22.4201407627201,0.5,0.02618,0.0068,0.001428,0.0034,0.000476,0.00136,0.000408,0.00273972602739726,0.9,0.8,0.8,0.289781534452339,19.0886332024444,0.091982842169966,0.659008107966211,0.622367456626472,0.893515945377327,0.0620329856575622,0.00880183487355763,0.0967764974401155,0.4,4,4.37970031738281,0.194668323740965,6.6983584647352,58.203125,5.859375,81.640625,44.921875,1.953125,41.015625,56.640625,33.203125,23.828125,80.078125,64.453125,0.392578125,0.240234375
2000,22.1427066929571,0.5,0.02618,0.0068,0.001428,0.0034,0.000476,0.00136,0.000408,0.00273972602739726,0.9,0.8,0.8,0.278733469596333,16.6018830591208,0.0886201792421988,0.57633852350288,0.645615423877889,0.994528487311878,0.0581346047835599,0.00911271645849565,0.0864306803418404,0.4,4,4.11803039550781,0.213160988930947,6.6983584647352,14.453125,49.609375,50.390625,51.171875,8.203125,59.765625,12.890625,1.953125,55.078125,86.328125,83.203125,0.173828125,0.021484375
2000,24.3621792510609,0.5,0.02618,0.0068,0.001428,0.0034,0.000476,0.00136,0.000408,0.00273972602739726,0.9,0.8,0.8,0.308194975879017,18.4104286179016,0.0975872803829114,0.63646185765803,0.583620844540777,0.940655131613451,0.0643720141819636,0.00828369889866094,0.0956269622069738,0.4,4,4.53670227050781,0.192026514428111,6.6983584647352,64.453125,99.609375,0.390625,1.171875,58.203125,9.765625,62.890625,51.953125,5.078125,36.328125,33.203125,0.423828125,0.271484375
2000,21.0329704139052,0.5,0.02618,0.0068,0.001428,0.0034,0.000476,0.00136,0.000408,0.00273972602739726,0.9,0.8,0.8,0.293464222737675,19.3147013972921,0.0931037298125551,0.546276856425305,0.614618134209333,0.967591809462665,0.0674907188811655,0.0086982076785783,0.100225103139541,0.4,4,4.32736633300781,0.202593751679529,6.6983584647352,39.453125,74.609375,75.390625,26.171875,33.203125,84.765625,87.890625,26.953125,30.078125,11.328125,8.203125,0.048828125,0.396484375
2000,23.252442972009,0.5,0.02618,0.0068,0.001428,0.0034,0.000476,0.00136,0.000408,0.00273972602739726,0.9,0.8,0.8,0.322925729020359,17.5061558385112,0.0841366286718425,0.606400190580455,0.676612713546445,0.913718453764237,0.0612533094827618,0.00786919011874358,0.0910288212744071,0.4,4,3.90869445800781,0.223728226182365,6.6983584647352,89.453125,24.609375,25.390625,76.171875,83.203125,34.765625,37.890625,76.953125,80.078125,61.328125,58.203125,0.298828125,0.146484375
2000,20.4781022743793,0.5,0.02618,0.0068,0.001428,0.0034,0.000476,0.00136,0.000408,0.00273972602739726,0.9,0.8,0.8,0.300829599308346,17.054019448816,0.0953455050977332,0.561307689964093,0.661114068712167,0.90025011483963,0.0659313665315646,0.00807644450870226,0.0933278917406905,0.4,4,4.22269836425781,0.229011844808074,6.6983584647352,1.953125,87.109375,37.890625,88.671875,95.703125,97.265625,50.390625,14.453125,42.578125,73.828125,95.703125,0.486328125,0.333984375
2000,22.6975748324831,0.5,0.02618,0.0068,0.001428,0.0034,0.000476,0.00136,0.000408,0.00273972602739726,0.9,0.8,0.8,0.271368093025662,18.8625650075968,0.0863784039570206,0.621431024119242,0.599119489375055,0.954123470538058,0.0596939571331608,0.00890546206853697,0.084131609875557,0.4,4,3.80402648925781,0.207877370305238,6.6983584647352,51.953125,37.109375,87.890625,38.671875,45.703125,47.265625,0.390625,64.453125,92.578125,23.828125,45.703125,0.236328125,0.083984375
2000,21.5878385534312,0.5,0.02618,0.0068,0.001428,0.0034,0.000476,0.00136,0.000408,0.00273972602739726,0.9,0.8,0.8,0.315560352449688,19.7668377869873,0.0818948533866643,0.591369357041668,0.568122199706499,0.927186792688844,0.0565752524339589,0.0076619357287849,0.0887297508081237,0.4,4,4.01336242675781,0.19731013305382,6.6983584647352,26.953125,12.109375,12.890625,13.671875,70.703125,72.265625,25.390625,39.453125,67.578125,48.828125,20.703125,0.361328125,0.208984375
2000,23.8073111115349,0.5,0.02618,0.0068,0.001428,0.0034,0.000476,0.00136,0.000408,0.00273972602739726,0.9,0.8,0.8,0.286098846167004,17.9582922282064,0.0908619545273769,0.651492691196817,0.630116779043611,0.981060148387272,0.0628126618323627,0.00849095328861962,0.0979260326732572,0.4,4,4.43203430175781,0.218444607556656,6.6983584647352,76.953125,62.109375,62.890625,63.671875,20.703125,22.265625,75.390625,89.453125,17.578125,98.828125,70.703125,0.111328125,0.458984375
2000,20.2700267220571,0.5,0.02618,0.0068,0.001428,0.0034,0.000476,0.00136,0.000408,0.00273972602739726,0.9,0.8,0.8,0.316481024521022,17.7887410820707,0.0900212887954351,0.634583003465681,0.562310207893645,0.912034911398661,0.0610583904390616,0.00887955526979214,0.0999377193312551,0.4,4,4.41895080566406,0.232314106449142,6.6983584647352,72.265625,98.046875,51.953125,40.234375,69.140625,45.703125,70.703125,78.515625,37.890625,56.640625,53.515625,0.181640625,0.044921875
2000,22.4894992801608,0.5,0.02618,0.0068,0.001428,0.0034,0.000476,0.00136,0.000408,0.00273972602739726,0.9,0.8,0.8,0.287019518238338,19.5972866408516,0.0810541876547225,0.574459669310532,0.624304787230757,0.965908267097089,0.0672957998374654,0.00805053770995742,0.0907414374661217,0.4,4,4.00027893066406,0.211179631946306,6.6983584647352,22.265625,48.046875,1.953125,90.234375,19.140625,95.703125,20.703125,28.515625,87.890625,6.640625,3.515625,0.431640625,0.294921875
2000,21.3797630011089,0.5,0.02618,0.0068,0.001428,0.0034,0.000476,0.00136,0.000408,0.00273972602739726,0.9,0.8,0.8,0.30175027137968,18.6930138614611,0.0855377382250788,0.604521336388107,0.655302076899312,0.938971589247875,0.0641770951382635,0.00846504648987478,0.0861432965335549,0.4,4,3.79094299316406,0.200612394694888,6.6983584647352,97.265625,23.046875,76.953125,65.234375,94.140625,20.703125,45.703125,53.515625,62.890625,31.640625,28.515625,0.056640625,0.419921875
2000,23.5992355592127,0.5,0.02618,0.0068,0.001428,0.0034,0.000476,0.00136,0.000408,0.00273972602739726,0.9,0.8,0.8,0.272288765096995,16.8844683026803,0.0945048393657914,0.544398002232957,0.593307497562201,0.992844944946303,0.0579396857398598,0.00763602893004007,0.0953395783986884,0.4,4,4.20961486816406,0.221746869197724,6.6983584647352,47.265625,73.046875,26.953125,15.234375,44.140625,70.703125,95.703125,3.515625,12.890625,81.640625,78.515625,0.306640625,0.169921875
2000,21.9346311406349,0.5,0.02618,0.0068,0.001428,0.0034,0.000476,0.00136,0.000408,0.00273972602739726,0.9,0.8,0.8,0.294384894809009,17.3366046923755,0.0832959629399007,0.619552169926894,0.608806142396479,0.979376606021696,0.0626177427886626,0.0082577920999161,0.0884423669998383,0.4,4,3.89561096191406,0.216463250572015,6.6983584647352,59.765625,35.546875,39.453125,2.734375,31.640625,8.203125,8.203125,91.015625,50.390625,94.140625,66.015625,0.494140625,0.357421875
2000,24.1541036987387,0.5,0.02618,0.0068,0.001428,0.0034,0.000476,0.00136,0.000408,0.00273972602739726,0.9,0.8,0.8,0.323846401091693,19.1451502511564,0.0922630640806133,0.559428835771744,0.67080072173359,0.925503250323268,0.0563803333902588,0.00908680965975082,0.0976386488649718,0.4,4,4.31428283691406,0.195328776069179,6.6983584647352,9.765625,85.546875,89.453125,52.734375,81.640625,58.203125,58.203125,41.015625,0.390625,44.140625,16.015625,0.244140625,0.107421875
2000,20.824894861583,0.5,0.02618,0.0068,0.001428,0.0034,0.000476,0.00136,0.000408,0.00273972602739726,0.9,0.8,0.8,0.279654141667667,18.2408774717659,0.0967466146509696,0.649613837004469,0.639803432065035,0.952439928172482,0.0594990380894607,0.00784328331999875,0.0930405079324051,0.4,4,4.52361877441406,0.205896013320597,6.6983584647352,84.765625,60.546875,14.453125,77.734375,6.640625,33.203125,83.203125,66.015625,25.390625,19.140625,41.015625,0.369140625,0.232421875
2000,23.0443674196868,0.5,0.02618,0.0068,0.001428,0.0034,0.000476,0.00136,0.000408,0.00273972602739726,0.9,0.8,0.8,0.309115647950351,16.4323319129851,0.087779513510257,0.589490502849319,0.577808852727923,0.898566572474055,0.0657364474878644,0.00867230087983346,0.0838442260672716,0.4,4,4.10494689941406,0.227030487823433,6.6983584647352,34.765625,10.546875,64.453125,27.734375,56.640625,83.203125,33.203125,16.015625,75.390625,69.140625,91.015625,0.119140625,0.482421875
2000,21.102328931346,0.5,0.02618,0.0068,0.001428,0.0034,0.000476,0.00136,0.000408,0.00273972602739726,0.9,0.8,0.8,0.320163712806357,19.371218446004,0.0933839517232024,0.642098420235075,0.570059530310784,0.999579114408606,0.063397418963463,0.00836141929489544,0.101087254564397,0.4,4,4.36661682128906,0.203254204007742,6.6983584647352,91.015625,41.796875,95.703125,71.484375,50.390625,14.453125,89.453125,47.265625,44.140625,62.890625,59.765625,0.337890625,0.263671875
2000,23.3218014894497,0.5,0.02618,0.0068,0.001428,0.0034,0.000476,0.00136,0.000408,0.00273972602739726,0.9,0.8,0.8,0.290702206523673,17.5626728872231,0.0844168505824898,0.581975086079926,0.632054109647896,0.945705758710179,0.0571600095650593,0.00753240173506073,0.0918909726992634,0.4,4,3.94794494628906,0.224388678510578,6.6983584647352,41.015625,91.796875,45.703125,21.484375,0.390625,64.453125,39.453125,97.265625,94.140625,12.890625,9.765625,0.087890625,0.013671875
2000,19.9925926522941,0.5,0.02618,0.0068,0.001428,0.0034,0.000476,0.00136,0.000408,0.00273972602739726,0.9,0.8,0.8,0.305432959665015,16.6584001078327,0.0889004011528461,0.6120367531575,0.663051399316451,0.972642436559392,0.0602787142642612,0.0087759280748128,0.0872928317666966,0.4,4,4.15728088378906,0.21382144125916,6.6983584647352,66.015625,66.796875,70.703125,46.484375,75.390625,39.453125,14.453125,22.265625,69.140625,37.890625,34.765625,0.462890625,0.138671875
2000,22.2120652103979,0.5,0.02618,0.0068,0.001428,0.0034,0.000476,0.00136,0.000408,0.00273972602739726,0.9,0.8,0.8,0.275971453382331,18.4669456666135,0.0978675022935587,0.551913419002351,0.60105681997934,0.918769080860965,0.0665161236626649,0.00794691051497808,0.0964891136318301,0.4,4,4.57595275878906,0.192686966756324,6.6983584647352,16.015625,16.796875,20.703125,96.484375,25.390625,89.453125,64.453125,72.265625,19.140625,87.890625,84.765625,0.212890625,0.388671875
2000,20.54746079182,0.5,0.02618,0.0068,0.001428,0.0034,0.000476,0.00136,0.000408,0.00273972602739726,0.9,0.8,0.8,0.283336829953002,19.8233548356992,0.0821750752973116,0.627067586696288,0.616555464813618,0.905300741936358,0.0618380666138621,0.00773965612501941,0.08959190223298,0.4,4,4.05261291503906,0.197970585382033,6.6983584647352,78.515625,79.296875,8.203125,83.984375,37.890625,26.953125,26.953125,34.765625,56.640625,75.390625,72.265625,0.025390625,0.076171875
2000,22.7669333499238,0.5,0.02618,0.0068,0.001428,0.0034,0.000476,0.00136,0.000408,0.00273972602739726,0.9,0.8,0.8,0.312798336235686,18.0148092769183,0.0911421764380242,0.566944252541138,0.678550044150729,0.959174097634785,0.0680754760122659,0.00856867368485412,0.0987881840981135,0.4,4,4.47128479003906,0.219105059884869,6.6983584647352,28.515625,29.296875,58.203125,33.984375,87.890625,76.953125,76.953125,84.765625,6.640625,25.390625,22.265625,0.275390625,0.326171875
2000,21.6571970708719,0.5,0.02618,0.0068,0.001428,0.0034,0.000476,0.00136,0.000408,0.00273972602739726,0.9,0.8,0.8,0.26860607681166,17.1105364975279,0.0956257270083805,0.657129253773863,0.647552754482174,0.932237419785572,0.064956771313064,0.00815416490493676,0.0941900431655467,0.4,4,4.26194885253906,0.229672297136287,6.6983584647352,53.515625,4.296875,33.203125,8.984375,12.890625,1.953125,51.953125,9.765625,31.640625,0.390625,47.265625,0.150390625,0.451171875
2000,23.8766696289757,0.5,0.02618,0.0068,0.001428,0.0034,0.000476,0.00136,0.000408,0.00273972602739726,0.9,0.8,0.8,0.298067583094344,18.9190820563087,0.0866586258676679,0.597005919618713,0.585558175145062,0.986110775483999,0.0587193619146602,0.00898318246477148,0.0849937613004133,0.4,4,3.84327697753906,0.208537822633451,6.6983584647352,3.515625,54.296875,83.203125,58.984375,62.890625,51.953125,1.953125,59.765625,81.640625,50.390625,97.265625,0.400390625,0.201171875
2000,21.7959141057534,0.5,0.02618,0.0068,0.001428,0.0034,0.000476,0.00136,0.000408,0.00273972602739726,0.9,0.8,0.8,0.270447420954328,19.4842525434278,0.0917026202593187,0.578217377695229,0.59718215877077,0.92887033505442,0.0591092000020605,0.00768784252752974,0.100512486947826,0.4,4,4.02644592285156,0.201933299351315,6.6983584647352,81.640625,7.421875,48.828125,74.609375,66.015625,5.078125,42.578125,62.890625,66.015625,78.515625,0.390625,0.009765625,0.248046875
2000,24.0153866638572,0.5,0.02618,0.0068,0.001428,0.0034,0.000476,0.00136,0.000408,0.00273972602739726,0.9,0.8,0.8,0.299908927237012,17.6757069846469,0.0827355191186061,0.638340711850378,0.659176738107882,0.982743690752848,0.0653466094004642,0.00851686008736445,0.0913162050826925,0.4,4,4.44511779785156,0.223067773854151,6.6983584647352,31.640625,57.421875,98.828125,24.609375,16.015625,55.078125,92.578125,12.890625,16.015625,28.515625,50.390625,0.259765625,0.498046875
2000,20.6861778267015,0.5,0.02618,0.0068,0.001428,0.0034,0.000476,0.00136,0.000408,0.00273972602739726,0.9,0.8,0.8,0.28517817409567,16.7714342052565,0.0872190696889624,0.548155710617654,0.628179448439326,0.901933657205206,0.0684653140996661,0.00810235130744709,0.0867180641501258,0.4,4,4.23578186035156,0.212500536602733,6.6983584647352,56.640625,82.421875,23.828125,49.609375,91.015625,30.078125,67.578125,87.890625,41.015625,3.515625,75.390625,0.134765625,0.373046875
2000,22.9056503848053,0.5,0.02618,0.0068,0.001428,0.0034,0.000476,0.00136,0.000408,0.00273972602739726,0.9,0.8,0.8,0.314639680378354,18.5799797640373,0.096186170829675,0.608279044772803,0.566184869102215,0.955807012903634,0.0622279047012623,0.00893136886728181,0.0959143460152592,0.4,4,3.81710998535156,0.191366062099897,6.6983584647352,6.640625,32.421875,73.828125,99.609375,41.015625,80.078125,17.578125,37.890625,91.015625,53.515625,25.390625,0.384765625,0.123046875
2000,20.1313096871756,0.5,0.02618,0.0068,0.001428,0.0034,0.000476,0.00136,0.000408,0.00273972602739726,0.9,0.8,0.8,0.307274303807683,19.0321161537325,0.0849772944037843,0.563186544156441,0.581683513936492,0.969275351828241,0.0669059617500651,0.00830960569740577,0.0890171346164092,0.4,4,4.34044982910156,0.196649680725606,6.6983584647352,94.140625,69.921875,61.328125,87.109375,28.515625,42.578125,80.078125,50.390625,28.515625,66.015625,12.890625,0.322265625,0.435546875
2000,22.3507822452793,0.5,0.02618,0.0068,0.001428,0.0034,0.000476,0.00136,0.000408,0.00273972602739726,0.9,0.8,0.8,0.277812797524999,17.2235705949517,0.0939443955444969,0.623309878311591,0.643678093273604,0.915401996129813,0.0606685523516614,0.00748058813757106,0.0982134164815426,0.4,4,3.92177795410156,0.217784155228442,6.6983584647352,44.140625,19.921875,11.328125,37.109375,78.515625,92.578125,30.078125,0.390625,78.515625,16.015625,62.890625,0.072265625,0.185546875
2000,21.2410459662275,0.5,0.02618,0.0068,0.001428,0.0034,0.000476,0.00136,0.000408,0.00273972602739726,0.9,0.8,0.8,0.322005056949025,16.3192978155613,0.0984279461148532,0.593248211234016,0.67467538294216,0.996212029677454,0.0575498476524595,0.00872411447732313,0.0936152755489759,0.4,4,4.13111389160156,0.22835139247986,6.6983584647352,69.140625,44.921875,86.328125,12.109375,3.515625,17.578125,5.078125,75.390625,53.515625,41.015625,87.890625,0.447265625,0.060546875
2000,23.4605185243312,0.5,0.02618,0.0068,0.001428,0.0034,0.000476,0.00136,0.000408,0.00273972602739726,0.9,0.8,0.8,0.292543550666341,18.1278433743421,0.0894608449741406,0.653371545389166,0.612680803605048,0.942338673979027,0.0637872570508633,0.00789509691748842,0.0844189936838424,0.4,4,4.54978576660156,0.207216917977024,6.6983584647352,19.140625,94.921875,36.328125,62.109375,53.515625,67.578125,55.078125,25.390625,3.515625,91.015625,37.890625,0.197265625,0.310546875
2000,20.9636118964645,0.5,0.02618,0.0068,0.001428,0.0034,0.000476,0.00136,0.000408,0.00273972602739726,0.9,0.8,0.8,0.274130109239663,17.4496387897993,0.0928235079019078,0.585732794464622,0.589432836353631,0.94907284344133,0.0661262855752647,0.00820597850242643,0.0993629517146843,0.4,4,3.97411193847656,0.230993201792715,6.6983584647352,50.390625,51.171875,5.078125,43.359375,59.765625,36.328125,23.828125,6.640625,72.265625,97.265625,6.640625,0.478515625,0.466796875
2000,23.1830844545683,0.5,0.02618,0.0068,0.001428,0.0034,0.000476,0.00136,0.000408,0.00273972602739726,0.9,0.8,0.8,0.303591615522347,19.2581843485802,0.0838564067611952,0.645856128619772,0.651427415690743,0.895199487742903,0.0598888761768609,0.00903499606226115,0.0901666698495508,0.4,4,4.39278381347656,0.209858727289879,6.6983584647352,0.390625,1.171875,55.078125,93.359375,9.765625,86.328125,73.828125,56.640625,22.265625,47.265625,56.640625,0.228515625,0.216796875
2000,22.0733481755164,0.5,0.02618,0.0068,0.001428,0.0034,0.000476,0.00136,0.000408,0.00273972602739726,0.9,0.8,0.8,0.288860862381005,18.3539115691897,0.0883399573315515,0.555671127387047,0.620430126022187,0.976009521290544,0.0567701714776591,0.00779146972250908,0.0855685289169841,0.4,4,4.60211975097656,0.199291490038461,6.6983584647352,75.390625,26.171875,30.078125,68.359375,84.765625,11.328125,98.828125,31.640625,47.265625,22.265625,81.640625,0.353515625,0.091796875
2000,24.2928207336201,0.5,0.02618,0.0068,0.001428,0.0034,0.000476,0.00136,0.000408,0.00273972602739726,0.9,0.8,0.8,0.31832236866369,16.5453660104089,0.0973070584722641,0.615794461542197,0.558435546685076,0.922136165592117,0.0630075808760628,0.00862048728234379,0.0947648107821176,0.4,4,4.18344787597656,0.220425964541297,6.6983584647352,25.390625,76.171875,80.078125,18.359375,34.765625,61.328125,48.828125,81.640625,97.265625,72.265625,31.640625,0.103515625,0.341796875
2000,21.5184800359904,0.5,0.02618,0.0068,0.001428,0.0034,0.000476,0.00136,0.000408,0.00273972602739726,0.9,0.8,0.8,0.296226238951676,17.9017751794945,0.0816146314760171,0.570701960925835,0.573934191519353,0.935604504516724,0.05832952382726,0.00882774167230247,0.0878675993832675,0.4,4,4.49745178222656,0.215142345915588,6.6983584647352,62.890625,13.671875,92.578125,5.859375,47.265625,23.828125,61.328125,19.140625,34.765625,59.765625,19.140625,0.166015625,0.154296875
2000,23.7379525940942,0.5,0.02618,0.0068,0.001428,0.0034,0.000476,0.00136,0.000408,0.00273972602739726,0.9,0.8,0.8,0.266764732668992,19.7103207382754,0.0905817326167297,0.630825295080985,0.635928770856465,0.989477860215151,0.0645669332256637,0.00799872411246775,0.0970638812484009,0.4,4,4.07877990722656,0.194007871412752,6.6983584647352,12.890625,63.671875,42.578125,55.859375,97.265625,73.828125,11.328125,69.140625,84.765625,9.765625,69.140625,0.416015625,0.404296875
2000,20.4087437569385,0.5,0.02618,0.0068,0.001428,0.0034,0.000476,0.00136,0.000408,0.00273972602739726,0.9,0.8,0.8,0.310956992093018,18.8060479588849,0.095065283187086,0.60076362800341,0.666926060525021,0.90866782666751,0.0676856379248656,0.00841323289238511,0.0924657403158342,0.4,4,3.86944396972656,0.20457510866417,6.6983584647352,87.890625,88.671875,67.578125,80.859375,22.265625,48.828125,36.328125,44.140625,59.765625,34.765625,94.140625,0.041015625,0.279296875
2000,22.6282163150423,0.5,0.02618,0.0068,0.001428,0.0034,0.000476,0.00136,0.000408,0.00273972602739726,0.9,0.8,0.8,0.281495485810334,16.9975024001041,0.0860981820463734,0.660886962158559,0.604931481187909,0.962541182365937,0.0614482285264619,0.0075842153325504,0.0832694584507007,0.4,4,4.28811584472656,0.225709583167006,6.6983584647352,37.890625,38.671875,17.578125,30.859375,72.265625,98.828125,86.328125,94.140625,9.765625,84.765625,44.140625,0.291015625,0.029296875
2000,20.8595741203034,0.5,0.02618,0.0068,0.001428,0.0034,0.000476,0.00136,0.000408,0.00273972602739726,0.9,0.8,0.8,0.280114477703333,17.9865507525624,0.0971669475169405,0.564125971252615,0.600088154677197,0.971800665376604,0.0584269833491101,0.00904794946163357,0.0888734427122664,0.4,4,4.30774108886719,0.199621716202567,6.6983584647352,94.921875,69.140625,13.671875,22.265625,23.046875,83.984375,85.546875,7.421875,38.671875,41.796875,16.796875,0.130859375,0.072265625
2000,23.0790466784071,0.5,0.02618,0.0068,0.001428,0.0034,0.000476,0.00136,0.000408,0.00273972602739726,0.9,0.8,0.8,0.309575983986018,19.7950963113432,0.0881998463762279,0.624249305407765,0.662082734014309,0.917927309678177,0.0646643927475138,0.00821893190179885,0.0980697245773999,0.4,4,3.88906921386719,0.220756190705403,6.6983584647352,44.921875,19.140625,63.671875,72.265625,73.046875,33.984375,35.546875,57.421875,88.671875,91.796875,66.796875,0.380859375,0.322265625
2000,21.9693103993553,0.5,0.02618,0.0068,0.001428,0.0034,0.000476,0.00136,0.000408,0.00273972602739726,0.9,0.8,0.8,0.265383724561991,18.8908235319528,0.0837162958058716,0.59418763833019,0.631085444345753,0.998737343225818,0.0677830974467157,0.00863344068171621,0.0934715836448332,0.4,4,4.09840515136719,0.231323427956821,6.6983584647352,69.921875,44.140625,38.671875,97.265625,48.046875,58.984375,10.546875,32.421875,63.671875,66.796875,91.796875,0.005859375,0.447265625
2000,24.188782957459,0.5,0.02618,0.0068,0.001428,0.0034,0.000476,0.00136,0.000408,0.00273972602739726,0.9,0.8,0.8,0.294845230844676,17.082277973172,0.0926833969465842,0.65431097248534,0.569090865008642,0.944863987527391,0.0615456880483119,0.00780442312188149,0.0842753017796997,0.4,4,4.51707702636719,0.210188953453985,6.6983584647352,19.921875,94.140625,88.671875,47.265625,98.046875,8.984375,60.546875,82.421875,13.671875,16.796875,41.796875,0.255859375,0.197265625
2000,21.4144422598293,0.5,0.02618,0.0068,0.001428,0.0034,0.000476,0.00136,0.000408,0.00273972602739726,0.9,0.8,0.8,0.316941360556689,17.5344143628672,0.0859580710910497,0.579156804791403,0.58458950984292,0.931395648602784,0.0662237450971147,0.00801167751184017,0.100368795043683,0.4,4,3.99373718261719,0.204905334828276,6.6983584647352,82.421875,6.640625,76.171875,34.765625,85.546875,71.484375,48.046875,19.921875,51.171875,4.296875,4.296875,0.443359375,0.259765625
2000,23.6339148179331,0.5,0.02618,0.0068,0.001428,0.0034,0.000476,0.00136,0.000408,0.00273972602739726,0.9,0.8,0.8,0.287479854274004,19.342959921648,0.0949251722317623,0.639280138946553,0.646584089180031,0.985269004301211,0.059986335698711,0.00884069507167489,0.0911725131785498,0.4,4,4.41240905761719,0.226039809331112,6.6983584647352,32.421875,56.640625,26.171875,84.765625,35.546875,21.484375,98.046875,69.921875,1.171875,54.296875,54.296875,0.193359375,0.009765625
2000,20.3047059807774,0.5,0.02618,0.0068,0.001428,0.0034,0.000476,0.00136,0.000408,0.00273972602739726,0.9,0.8,0.8,0.302210607415347,18.4386871422576,0.090441621661406,0.549095137713828,0.677581378848587,0.90445897075357,0.0568676309995091,0.00759716873192281,0.0865743722459831,0.4,4,4.20307312011719,0.215472572079694,6.6983584647352,57.421875,81.640625,51.171875,59.765625,60.546875,96.484375,73.046875,44.921875,26.171875,79.296875,79.296875,0.318359375,0.134765625
2000,22.5241785388812,0.5,0.02618,0.0068,0.001428,0.0034,0.000476,0.00136,0.000408,0.00273972602739726,0.9,0.8,0.8,0.272749101132662,16.6301415834768,0.0814745205206934,0.609218471868978,0.615586799511475,0.958332326451998,0.0631050403979129,0.00842618629175753,0.0957706541111165,0.4,4,3.78440124511719,0.194338097576858,6.6983584647352,7.421875,31.640625,1.171875,9.765625,10.546875,46.484375,23.046875,94.921875,76.171875,29.296875,29.296875,0.068359375,0.384765625
2000,21.6918763295923,0.5,0.02618,0.0068,0.001428,0.0034,0.000476,0.00136,0.000408,0.00273972602739726,0.9,0.8,0.8,0.29116254255934,19.1168917268004,0.0960460598743514,0.556610554483222,0.592338832260058,0.938129818065087,0.0670034212719152,0.00852981348673687,0.0877239074791248,0.4,4,4.46474304199219,0.21283076276684,6.6983584647352,63.671875,12.890625,32.421875,91.015625,4.296875,52.734375,54.296875,63.671875,44.921875,35.546875,23.046875,0.349609375,0.353515625
2000,23.9113488876961,0.5,0.02618,0.0068,0.001428,0.0034,0.000476,0.00136,0.000408,0.00273972602739726,0.9,0.8,0.8,0.320624048842024,17.3083461680196,0.0870789587336388,0.616733888638371,0.65433341159717,0.992003173763515,0.0607660118735115,0.00770079592690215,0.0969201893442582,0.4,4,4.04607116699219,0.191696288264004,6.6983584647352,13.671875,62.890625,82.421875,41.015625,54.296875,2.734375,4.296875,13.671875,94.921875,85.546875,73.046875,0.099609375,0.103515625
2000,20.5821400505404,0.5,0.02618,0.0068,0.001428,0.0034,0.000476,0.00136,0.000408,0.00273972602739726,0.9,0.8,0.8,0.276431789417998,16.4040733886292,0.0825954081632825,0.586672221560797,0.623336121928614,0.911193140215873,0.0576473071743096,0.00894432226665423,0.0923220484116915,0.4,4,3.83673522949219,0.202263525515422,6.6983584647352,88.671875,87.890625,7.421875,16.015625,29.296875,77.734375,29.296875,88.671875,69.921875,60.546875,98.046875,0.474609375,0.228515625
2000,22.8016126086442,0.5,0.02618,0.0068,0.001428,0.0034,0.000476,0.00136,0.000408,0.00273972602739726,0.9,0.8,0.8,0.305893295700682,18.21261894741,0.0915625093039951,0.646795555715946,0.561341542591503,0.965066495914301,0.0638847165727133,0.00811530470681951,0.083125766546558,0.4,4,4.25540710449219,0.223398000018258,6.6983584647352,38.671875,37.890625,57.421875,66.015625,79.296875,27.734375,79.296875,38.671875,19.921875,10.546875,48.046875,0.224609375,0.478515625
2000,20.0272719110145,0.5,0.02618,0.0068,0.001428,0.0034,0.000476,0.00136,0.000408,0.00273972602739726,0.9,0.8,0.8,0.313258672271353,19.5690281164956,0.089320734018817,0.571641388022009,0.576840187425781,0.951598156989694,0.0592066595239105,0.00749354153694348,0.0992192598105416,0.4,4,3.94140319824219,0.228681618643967,6.6983584647352,51.171875,50.390625,69.921875,53.515625,91.796875,90.234375,16.796875,51.171875,57.421875,23.046875,10.546875,0.037109375,0.041015625
2000,22.2467444691182,0.5,0.02618,0.0068,0.001428,0.0034,0.000476,0.00136,0.000408,0.00273972602739726,0.9,0.8,0.8,0.283797165988669,17.7604825577148,0.0982878351595296,0.631764722177159,0.638834766762892,0.897724801291267,0.0654440689223143,0.00832255909677819,0.0900229779454081,0.4,4,4.36007507324219,0.207547144141131,6.6983584647352,1.171875,0.390625,19.921875,3.515625,41.796875,40.234375,66.796875,1.171875,7.421875,73.046875,60.546875,0.287109375,0.291015625
2000,21.1370081900663,0.5,0.02618,0.0068,0.001428,0.0034,0.000476,0.00136,0.000408,0.00273972602739726,0.9,0.8,0.8,0.298527919130011,16.8562097783244,0.0938042845891733,0.541579720944434,0.669832056431448,0.978534834838908,0.0685627736215161,0.00790805031686083,0.0854248370128414,0.4,4,4.56941101074219,0.196979906889713,6.6983584647352,76.171875,25.390625,94.921875,28.515625,66.796875,65.234375,91.796875,76.171875,32.421875,98.046875,85.546875,0.162109375,0.416015625
2000,23.3564807481701,0.5,0.02618,0.0068,0.001428,0.0034,0.000476,0.00136,0.000408,0.00273972602739726,0.9,0.8,0.8,0.269066412847327,18.6647553371052,0.0848371834484607,0.601703055099584,0.607837477094336,0.92466147914048,0.0623253642231124,0.00873706787669555,0.0946211188779749,0.4,4,4.15073913574219,0.218114381392549,6.6983584647352,26.171875,75.390625,44.921875,78.515625,16.796875,15.234375,41.796875,26.171875,82.421875,48.046875,35.546875,0.412109375,0.166015625
2000,21.2757252249478,0.5,0.02618,0.0068,0.001428,0.0034,0.000476,0.00136,0.000408,0.00273972602739726,0.9,0.8,0.8,0.296686574987343,19.6820622139194,0.097727391338235,0.628007013792462,0.565216203800072,0.975167750107756,0.0619355261357122,0.00754535513443315,0.0882986750956956,0.4,4,3.91523620605469,0.211509858110413,6.6983584647352,60.546875,34.765625,85.546875,87.890625,13.671875,68.359375,1.171875,48.046875,66.796875,19.921875,63.671875,0.052734375,0.150390625
2000,23.4951977830516,0.5,0.02618,0.0068,0.001428,0.0034,0.000476,0.00136,0.000408,0.00273972602739726,0.9,0.8,0.8,0.267225068704659,17.8735166551386,0.0887602901975224,0.567883679637312,0.627210783137184,0.921294394409329,0.0681729355341159,0.00837437269426786,0.0974949569608291,0.4,4,4.33390808105469,0.190375383607577,6.6983584647352,10.546875,84.765625,35.546875,37.890625,63.671875,18.359375,51.171875,98.046875,16.796875,69.921875,13.671875,0.302734375,0.400390625
2000,20.1659889458959,0.5,0.02618,0.0068,0.001428,0.0034,0.000476,0.00136,0.000408,0.00273972602739726,0.9,0.8,0.8,0.311417328128685,16.9692438757482,0.0842767396271661,0.658068680870037,0.65820807280574,0.948231072258542,0.065054230834914,0.0079598639143505,0.0928968160282623,0.4,4,4.54324401855469,0.200942620858995,6.6983584647352,85.546875,59.765625,60.546875,12.890625,38.671875,93.359375,76.171875,23.046875,41.796875,94.921875,38.671875,0.177734375,0.275390625
2000,22.3854615039997,0.5,0.02618,0.0068,0.001428,0.0034,0.000476,0.00136,0.000408,0.00273972602739726,0.9,0.8,0.8,0.281955821846001,18.777789434529,0.0932438407678787,0.597945346714887,0.596213493468628,0.894357716560115,0.0588168214365103,0.00878888147418522,0.0837005341631289,0.4,4,4.12457214355469,0.222077095361831,6.6983584647352,35.546875,9.765625,10.546875,62.890625,88.671875,43.359375,26.171875,73.046875,91.796875,44.921875,88.671875,0.427734375,0.025390625
2000,20.7208570854219,0.5,0.02618,0.0068,0.001428,0.0034,0.000476,0.00136,0.000408,0.00273972602739726,0.9,0.8,0.8,0.27459044527533,19.2299258242242,0.0865185149123443,0.643037847331249,0.611712138302906,0.907826055484722,0.0634948784853131,0.00858162708422654,0.0997940274271124,0.4,4,4.43857604980469,0.22736071398754,6.6983584647352,73.046875,97.265625,23.046875,50.390625,76.171875,80.859375,63.671875,35.546875,29.296875,32.421875,51.171875,0.365234375,0.462890625
2000,22.9403296435257,0.5,0.02618,0.0068,0.001428,0.0034,0.000476,0.00136,0.000408,0.00273972602739726,0.9,0.8,0.8,0.304051951558014,17.4213802654434,0.0954856160530569,0.5829145131761,0.673706717640017,0.961699411183149,0.0572574690869094,0.00775260952439182,0.090597745561979,0.4,4,4.01990417480469,0.206226239484704,6.6983584647352,23.046875,47.265625,73.046875,0.390625,26.171875,30.859375,13.671875,85.546875,79.296875,82.421875,1.171875,0.115234375,0.212890625
2000,21.8305933644738,0.5,0.02618,0.0068,0.001428,0.0034,0.000476,0.00136,0.000408,0.00273972602739726,0.9,0.8,0.8,0.289321198416672,16.517107486053,0.0910020654827006,0.612976180253675,0.642709427971462,0.934762733333936,0.0603761737861112,0.0089961358641439,0.0859996046294122,0.4,4,3.81056823730469,0.195659002233286,6.6983584647352,98.046875,22.265625,48.046875,25.390625,51.171875,55.859375,38.671875,10.546875,54.296875,57.421875,26.171875,0.490234375,0.087890625
2000,24.0500659225775,0.5,0.02618,0.0068,0.001428,0.0034,0.000476,0.00136,0.000408,0.00273972602739726,0.9,0.8,0.8,0.318782704699356,18.3256530448338,0.082034964341988,0.552852846098525,0.58071484863435,0.988636089032363,0.066613583184515,0.00816711830430918,0.0951958864945457,0.4,4,4.22924011230469,0.216793476736122,6.6983584647352,48.046875,72.265625,98.046875,75.390625,1.171875,5.859375,88.671875,60.546875,4.296875,7.421875,76.171875,0.240234375,0.337890625
2000,20.4434230156589,0.5,0.02618,0.0068,0.001428,0.0034,0.000476,0.00136,0.000408,0.00273972602739726,0.9,0.8,0.8,0.30773463984335,17.1953120705958,0.0943647284104678,0.620491597023068,0.572965526217211,0.901091886022418,0.0627152023105126,0.00806349110932984,0.0894482103288373,0.4,4,4.07223815917969,0.19830081154614,6.6983584647352,79.296875,78.515625,66.796875,19.140625,7.421875,99.609375,32.421875,79.296875,73.046875,1.171875,69.921875,0.458984375,0.431640625
2000,22.6628955737627,0.5,0.02618,0.0068,0.001428,0.0034,0.000476,0.00136,0.000408,0.00273972602739726,0.9,0.8,0.8,0.278273133560666,19.0038576293766,0.0853976272697552,0.560368262867919,0.634960105554323,0.954965241720846,0.0564777929121089,0.00889250866916456,0.0986444921939708,0.4,4,4.49091003417969,0.219435286048976,6.6983584647352,29.296875,28.515625,16.796875,69.140625,57.421875,49.609375,82.421875,29.296875,23.046875,51.171875,19.921875,0.208984375,0.181640625
2000,21.5531592947108,0.5,0.02618,0.0068,0.001428,0.0034,0.000476,0.00136,0.000408,0.00273972602739726,0.9,0.8,0.8,0.322465392984692,18.0995848499862,0.0809140766993989,0.650553264100643,0.665957395222879,0.928028563871632,0.0595964976113108,0.00764898232941248,0.094046351261404,0.4,4,4.28157409667969,0.230002523300394,6.6983584647352,54.296875,3.515625,91.796875,94.140625,32.421875,74.609375,57.421875,54.296875,48.046875,76.171875,44.921875,0.333984375,0.056640625
2000,23.7726318528146,0.5,0.02618,0.0068,0.001428,0.0034,0.000476,0.00136,0.000408,0.00273972602739726,0.9,0.8,0.8,0.293003886702008,16.2910392912054,0.0898811778401115,0.590429929945493,0.603962815885767,0.98190191957006,0.0658339070097145,0.0084779998892472,0.0848500693962705,0.4,4,3.86290222167969,0.208868048797558,6.6983584647352,4.296875,53.515625,41.796875,44.140625,82.421875,24.609375,7.421875,4.296875,98.046875,26.171875,94.921875,0.083984375,0.306640625
2000,22.1080274342367,0.5,0.02618,0.0068,0.001428,0.0034,0.000476,0.00136,0.000408,0.00273972602739726,0.9,0.8,0.8,0.270907756989995,17.647448460291,0.0876394025549333,0.635522430561856,0.619461460720045,0.995370258494666,0.0611558499609117,0.00909976305912323,0.100943562660254,0.4,4,4.38624206542969,0.203584430171849,6.6983584647352,91.796875,41.015625,29.296875,31.640625,94.921875,62.109375,94.921875,91.796875,35.546875,38.671875,57.421875,0.146484375,0.244140625
2000,24.3274999923405,0.5,0.02618,0.0068,0.001428,0.0034,0.000476,0.00136,0.000408,0.00273972602739726,0.9,0.8,0.8,0.300369263272679,19.4559940190718,0.096606503695646,0.575399096406706,0.681456040057156,0.941496902796239,0.0673932593593154,0.00827074549928852,0.0917472807951207,0.4,4,3.96757019042969,0.224718904674685,6.6983584647352,41.796875,91.015625,79.296875,81.640625,44.921875,12.109375,44.921875,41.796875,85.546875,88.671875,7.421875,0.396484375,0.494140625
2000,20.9982911551849,0.5,0.02618,0.0068,0.001428,0.0034,0.000476,0.00136,0.000408,0.00273972602739726,0.9,0.8,0.8,0.285638510131337,18.5517212396814,0.0921229531252896,0.605460763484281,0.650458750388601,0.968433580645453,0.0642745546601136,0.00868525427920588,0.0871491398625539,0.4,4,4.17690612792969,0.214151667423267,6.6983584647352,66.796875,66.015625,4.296875,56.640625,69.921875,87.109375,19.921875,66.796875,60.546875,63.671875,32.421875,0.021484375,0.369140625
2000,23.2177637132886,0.5,0.02618,0.0068,0.001428,0.0034,0.000476,0.00136,0.000408,0.00273972602739726,0.9,0.8,0.8,0.315100016414021,16.7431756809006,0.083155851984577,0.545337429329131,0.588464171051489,0.914560224947025,0.0580371452617098,0.00785623671937116,0.0963454217276874,0.4,4,4.59557800292969,0.193017192920431,6.6983584647352,16.796875,16.015625,54.296875,6.640625,19.921875,37.109375,69.921875,16.796875,10.546875,13.671875,82.421875,0.271484375,0.119140625
2000,22.038668916796,0.5,0.02618,0.0068,0.001428,0.0034,0.000476,0.00136,0.000408,0.00273972602739726,0.9,0.8,0.8,0.286559182202671,17.1387950218839,0.0845569615378134,0.55848940867557,0.636897436158607,0.976851292473332,0.0660288260534146,0.00824483870054369,0.0920346646034061,0.4,4,4.55632751464844,0.201603073187208,6.6983584647352,33.984375,30.078125,68.359375,83.203125,71.484375,7.421875,77.734375,2.734375,33.984375,30.859375,93.359375,0.466796875,0.376953125
2000,24.2581414748998,0.5,0.02618,0.0068,0.001428,0.0034,0.000476,0.00136,0.000408,0.00273972602739726,0.9,0.8,0.8,0.316020688485355,18.9473405806647,0.093524062678526,0.61861274283072,0.574902856821496,0.922977936774904,0.0597914166550109,0.0090738562603784,0.0828383827382726,0.4,4,4.13765563964844,0.222737547690044,6.6983584647352,83.984375,80.078125,18.359375,33.203125,21.484375,57.421875,27.734375,52.734375,83.984375,80.859375,43.359375,0.216796875,0.126953125
2000,20.9289326377441,0.5,0.02618,0.0068,0.001428,0.0034,0.000476,0.00136,0.000408,0.00273972602739726,0.9,0.8,0.8,0.271828429061328,19.8516133600551,0.0980076132488823,0.588551075753145,0.605900146490052,0.949914614624118,0.056672711955809,0.00783032992062633,0.0874365236708393,0.4,4,3.92831970214844,0.212170310438626,6.6983584647352,8.984375,55.078125,93.359375,8.203125,96.484375,32.421875,2.734375,27.734375,58.984375,55.859375,18.359375,0.341796875,0.001953125
2000,23.1484051958479,0.5,0.02618,0.0068,0.001428,0.0034,0.000476,0.00136,0.000408,0.00273972602739726,0.9,0.8,0.8,0.301289935344013,18.0430678012743,0.0890405121081697,0.648674409908295,0.667894725827163,0.896041258925691,0.0629101213542127,0.00865934748046104,0.0966328055359728,0.4,4,4.34699157714844,0.19103583593579,6.6983584647352,58.984375,5.078125,43.359375,58.203125,46.484375,82.421875,52.734375,77.734375,8.984375,5.859375,68.359375,0.091796875,0.251953125
2000,20.3740644982182,0.5,0.02618,0.0068,0.001428,0.0034,0.000476,0.00136,0.000408,0.00273972602739726,0.9,0.8,0.8,0.323386065056026,16.6866586321887,0.0912822873933478,0.573520242214358,0.652396080992885,0.909509597850298,0.0582320643054099,0.00886660187041972,0.085137453204556,0.4,4,3.82365173339844,0.196319454561499,6.6983584647352,46.484375,92.578125,30.859375,70.703125,33.984375,44.921875,40.234375,15.234375,71.484375,18.359375,80.859375,0.154296875,0.189453125
2000,22.5935370563219,0.5,0.02618,0.0068,0.001428,0.0034,0.000476,0.00136,0.000408,0.00273972602739726,0.9,0.8,0.8,0.293924558773342,18.4952041909695,0.0823151862526352,0.633643576369507,0.590401501655774,0.963382953548725,0.0644694737038137,0.00803758431058501,0.0943337350696894,0.4,4,4.24232360839844,0.217453929064335,6.6983584647352,96.484375,42.578125,80.859375,20.703125,83.984375,94.921875,90.234375,65.234375,21.484375,68.359375,30.859375,0.404296875,0.439453125
2000,21.4838007772701,0.5,0.02618,0.0068,0.001428,0.0034,0.000476,0.00136,0.000408,0.00273972602739726,0.9,0.8,0.8,0.308655311914684,19.3994769703599,0.0867987368229915,0.543458575136783,0.559404211987218,0.936446275699511,0.0675881784030156,0.00845209309050236,0.0989318760022562,0.4,4,4.45165954589844,0.228021166315753,6.6983584647352,21.484375,17.578125,5.859375,45.703125,8.984375,19.921875,65.234375,40.234375,46.484375,93.359375,5.859375,0.029296875,0.314453125
2000,23.7032733353738,0.5,0.02618,0.0068,0.001428,0.0034,0.000476,0.00136,0.000408,0.00273972602739726,0.9,0.8,0.8,0.279193805632,17.5909314115791,0.0957658379637041,0.603581909291932,0.62139879132433,0.990319631397939,0.0613507690046118,0.00762307553066765,0.0897355941371227,0.4,4,4.03298767089844,0.206886691812917,6.6983584647352,71.484375,67.578125,55.859375,95.703125,58.984375,69.921875,15.234375,90.234375,96.484375,43.359375,55.859375,0.279296875,0.064453125
2000,20.6514985679811,0.5,0.02618,0.0068,0.001428,0.0034,0.000476,0.00136,0.000408,0.00273972602739726,0.9,0.8,0.8,0.290241870488006,18.2691359961219,0.0811942986100462,0.566004825444964,0.644646758575746,0.902775428387994,0.0590117404802104,0.00772670272564699,0.0931841998365478,0.4,4,4.18998962402344,0.230662975628608,6.6983584647352,2.734375,86.328125,87.109375,1.953125,52.734375,26.171875,58.984375,71.484375,27.734375,49.609375,99.609375,0.060546875,0.158203125
2000,22.8709711260849,0.5,0.02618,0.0068,0.001428,0.0034,0.000476,0.00136,0.000408,0.00273972602739726,0.9,0.8,0.8,0.31970337677069,16.4605904373411,0.0901613997507588,0.626128159600114,0.582652179238635,0.956648784086422,0.0652491498786141,0.0085557202854817,0.0839879179714143,0.4,4,3.77131774902344,0.209528501125772,6.6983584647352,52.734375,36.328125,37.109375,51.953125,2.734375,76.171875,8.984375,21.484375,77.734375,99.609375,49.609375,0.310546875,0.408203125
2000,21.761234847033,0.5,0.02618,0.0068,0.001428,0.0034,0.000476,0.00136,0.000408,0.00273972602739726,0.9,0.8,0.8,0.275511117346664,17.3648632167315,0.0946449503211151,0.596066492522539,0.613649468907191,0.929712106237208,0.068367854577816,0.00814121150556435,0.088586058903981,0.4,4,3.98065368652344,0.198961263874354,6.6983584647352,27.734375,11.328125,62.109375,76.953125,77.734375,1.171875,33.984375,96.484375,52.734375,74.609375,24.609375,0.185546875,0.283203125
2000,23.9807074051368,0.5,0.02618,0.0068,0.001428,0.0034,0.000476,0.00136,0.000408,0.00273972602739726,0.9,0.8,0.8,0.304972623629348,19.1734087755123,0.0856778491804025,0.656189826677688,0.675644048244302,0.983585461935635,0.0621304451794123,0.00897022906539906,0.0977823407691145,0.4,4,4.39932556152344,0.22009573837719,6.6983584647352,77.734375,61.328125,12.109375,26.953125,27.734375,51.171875,83.984375,46.484375,2.734375,24.609375,74.609375,0.435546875,0.033203125
2000,21.2063667075071,0.5,0.02618,0.0068,0.001428,0.0034,0.000476,0.00136,0.000408,0.00273972602739726,0.9,0.8,0.8,0.312338000200019,18.7212723858171,0.0924031750359369,0.581035658983751,0.660145403410024,0.997053800860242,0.0668085022282151,0.00834846589552302,0.0862869884376977,0.4,4,4.08532165527344,0.214812119751481,6.6983584647352,15.234375,48.828125,24.609375,39.453125,40.234375,13.671875,21.484375,58.984375,65.234375,12.109375,87.109375,0.373046875,0.470703125
2000,23.4258392656109,0.5,0.02618,0.0068,0.001428,0.0034,0.000476,0.00136,0.000408,0.00273972602739726,0.9,0.8,0.8,0.282876493917335,16.9127268270363,0.0834360738952243,0.641158993138901,0.598150824072913,0.943180445161815,0.0605710928298113,0.00751944833568831,0.0954832703028311,0.4,4,4.50399353027344,0.193677645248645,6.6983584647352,65.234375,98.828125,74.609375,89.453125,90.234375,63.671875,71.484375,8.984375,15.234375,62.109375,37.109375,0.123046875,0.220703125
2000,20.0966304284552,0.5,0.02618,0.0068,0.001428,0.0034,0.000476,0.00136,0.000408,0.00273972602739726,0.9,0.8,0.8,0.297607247058677,17.8169996064267,0.0879196244655806,0.550973991906176,0.567153534404357,0.970117123011029,0.0574523881306095,0.00876297467544038,0.100081411235398,0.4,4,4.29465759277344,0.204244882500063,6.6983584647352,40.234375,73.828125,49.609375,64.453125,15.234375,38.671875,96.484375,83.984375,40.234375,87.109375,12.109375,0.498046875,0.095703125
2000,22.316102986559,0.5,0.02618,0.0068,0.001428,0.0034,0.000476,0.00136,0.000408,0.00273972602739726,0.9,0.8,0.8,0.268145740775993,19.6255451652075,0.0968867256062932,0.611097326061326,0.629148113741469,0.916243767312601,0.0636897975290132,0.00793395711560567,0.0908851293702644,0.4,4,3.87598571777344,0.225379357002899,6.6983584647352,90.234375,23.828125,99.609375,14.453125,65.234375,88.671875,46.484375,33.984375,90.234375,37.109375,62.109375,0.248046875,0.345703125
2000,20.2353474633367,0.5,0.02618,0.0068,0.001428,0.0034,0.000476,0.00136,0.000408,0.00273972602739726,0.9,0.8,0.8,0.299448591201345,18.8343064832409,0.0839965177165189,0.622370451215417,0.679518709452872,0.966750038279877,0.063299959441613,0.00829665229803335,0.0937589674531186,0.4,4,4.16382263183594,0.231983880285035,6.6983584647352,24.609375,64.453125,33.984375,5.078125,68.359375,41.796875,12.109375,43.359375,62.109375,8.984375,40.234375,0.357421875,0.330078125
2000,22.4548200214405,0.5,0.02618,0.0068,0.001428,0.0034,0.000476,0.00136,0.000408,0.00273972602739726,0.9,0.8,0.8,0.269987084918661,17.0257609244601,0.0929636188572315,0.562247117060267,0.61752413011576,0.912876682581449,0.0570625500432092,0.00746763473819864,0.0845626855879851,0.4,4,4.58249450683594,0.210849405782199,6.6983584647352,74.609375,14.453125,83.984375,55.078125,18.359375,91.796875,62.109375,93.359375,12.109375,58.984375,90.234375,0.107421875,0.080078125
2000,21.3450837423886,0.5,0.02618,0.0068,0.001428,0.0034,0.000476,0.00136,0.000408,0.00273972602739726,0.9,0.8,0.8,0.314179344342687,17.9300337038505,0.0974471694275878,0.652432118292992,0.586526840447204,0.993686716129091,0.0601812547424111,0.00871116107795071,0.0891608265205519,0.4,4,4.37315856933594,0.200282168530781,6.6983584647352,49.609375,39.453125,8.984375,80.078125,93.359375,16.796875,87.109375,18.359375,37.109375,83.984375,65.234375,0.482421875,0.205078125
2000,23.5645563004923,0.5,0.02618,0.0068,0.001428,0.0034,0.000476,0.00136,0.000408,0.00273972602739726,0.9,0.8,0.8,0.284717838060003,19.7385792626313,0.0884800682868751,0.592308784137842,0.648521419784316,0.939813360430663,0.0664186641408148,0.007882143518116,0.0983571083856853,0.4,4,3.95448669433594,0.221416643033617,6.6983584647352,99.609375,89.453125,58.984375,30.078125,43.359375,66.796875,37.109375,68.359375,87.109375,33.984375,15.234375,0.232421875,0.455078125
2000,21.8999518819145,0.5,0.02618,0.0068,0.001428,0.0034,0.000476,0.00136,0.000408,0.00273972602739726,0.9,0.8,0.8,0.277352461489332,18.3821700935457,0.0907218435720533,0.637401284754204,0.633022774950038,0.926345021506056,0.061740607092012,0.00767488912815732,0.0868617560542685,0.4,4,4.26849060058594,0.216133024407908,6.6983584647352,12.109375,1.953125,71.484375,42.578125,30.859375,4.296875,74.609375,30.859375,49.609375,46.484375,27.734375,0.044921875,0.017578125
2000,24.1194244400183,0.5,0.02618,0.0068,0.001428,0.0034,0.000476,0.00136,0.000408,0.00273972602739726,0.9,0.8,0.8,0.306813967772016,16.5736245347649,0.0817547424313407,0.577277950599054,0.571028195612926,0.980218377204484,0.0679780164904158,0.00850390668799203,0.096058037919402,0.4,4,3.84981872558594,0.194998549905072,6.6983584647352,62.109375,51.953125,21.484375,92.578125,80.859375,54.296875,24.609375,80.859375,99.609375,96.484375,77.734375,0.294921875,0.267578125
2000,20.7902156028626,0.5,0.02618,0.0068,0.001428,0.0034,0.000476,0.00136,0.000408,0.00273972602739726,0.9,0.8,0.8,0.292083214630674,17.4778973141553,0.086238293001697,0.607339617676629,0.602025485281482,0.899408343656843,0.0648593117912139,0.00808939790807468,0.100656178851969,0.4,4,4.05915466308594,0.20556578715649,6.6983584647352,37.109375,76.953125,96.484375,67.578125,5.859375,29.296875,49.609375,5.859375,74.609375,71.484375,52.734375,0.169921875,0.392578125
2000,23.0096881609664,0.5,0.02618,0.0068,0.001428,0.0034,0.000476,0.00136,0.000408,0.00273972602739726,0.9,0.8,0.8,0.321544720913358,19.2864428729361,0.0952053941424096,0.54721628352148,0.664020064618594,0.95328169935527,0.0586219023928102,0.00891841546790939,0.0914598969868352,0.4,4,4.47782653808594,0.226700261659326,6.6983584647352,87.109375,26.953125,46.484375,17.578125,55.859375,79.296875,99.609375,55.859375,24.609375,21.484375,2.734375,0.419921875,0.142578125
2000,21.6225178121515,0.5,0.02618,0.0068,0.001428,0.0034,0.000476,0.00136,0.000408,0.00273972602739726,0.9,0.8,0.8,0.30313127948668,16.3475563399173,0.0828756300739298,0.62988586798481,0.671769387035733,0.93307919096836,0.0609609309172116,0.00881478827293005,0.0926094322199769,0.4,4,3.79748474121094,0.202923977843636,6.6983584647352,43.359375,20.703125,15.234375,86.328125,62.109375,23.046875,30.859375,87.109375,55.859375,15.234375,46.484375,0.138671875,0.111328125
2000,23.8419903702553,0.5,0.02618,0.0068,0.001428,0.0034,0.000476,0.00136,0.000408,0.00273972602739726,0.9,0.8,0.8,0.273669773203996,18.1561018986981,0.0918427312146424,0.569762533829661,0.609774807698621,0.986952546666787,0.0671983403156153,0.00798577071309534,0.0834131503548434,0.4,4,4.21615661621094,0.224058452346472,6.6983584647352,93.359375,70.703125,65.234375,36.328125,12.109375,73.046875,80.859375,37.109375,5.859375,65.234375,96.484375,0.388671875,0.361328125
2000,20.5127815330997,0.5,0.02618,0.0068,0.001428,0.0034,0.000476,0.00136,0.000408,0.00273972602739726,0.9,0.8,0.8,0.317862032628023,19.0603746780885,0.0963262817849987,0.659947535062385,0.578777518030065,0.906142513119146,0.0640796356164134,0.00840027949301269,0.0880112912874102,0.4,4,4.42549255371094,0.213491215095054,6.6983584647352,18.359375,95.703125,40.234375,11.328125,87.109375,48.046875,55.859375,62.109375,30.859375,90.234375,71.484375,0.013671875,0.486328125
2000,22.7322540912034,0.5,0.02618,0.0068,0.001428,0.0034,0.000476,0.00136,0.000408,0.00273972602739726,0.9,0.8,0.8,0.288400526345338,17.2518291193077,0.0873591806442861,0.599824200907236,0.640772097367177,0.960015868817573,0.0578422262180097,0.00757126193317798,0.0972075731525436,0.4,4,4.00682067871094,0.192356740592218,6.6983584647352,68.359375,45.703125,90.234375,61.328125,37.109375,98.046875,5.859375,12.109375,80.859375,40.234375,21.484375,0.263671875,0.236328125
2000,21.0676496726256,0.5,0.02618,0.0068,0.001428,0.0034,0.000476,0.00136,0.000408,0.00273972602739726,0.9,0.8,0.8,0.266304396633325,16.7996927296125,0.0940845064998205,0.644916701523598,0.625273452532899,0.946547529892967,0.0625202832668125,0.00819302510305402,0.0857122208211268,0.4,4,4.53016052246094,0.197640359217927,6.6983584647352,30.859375,58.203125,77.734375,73.828125,49.609375,35.546875,93.359375,99.609375,43.359375,27.734375,33.984375,0.451171875,0.298828125
2000,23.2871222307294,0.5,0.02618,0.0068,0.001428,0.0034,0.000476,0.00136,0.000408,0.00273972602739726,0.9,0.8,0.8,0.295765902916009,18.6082382883933,0.0851174053591079,0.584793367368448,0.563278873195787,0.892674174194539,0.0562828738684088,0.00902204266288873,0.0949085026862603,0.4,4,4.11148864746094,0.218774833720763,6.6983584647352,80.859375,8.203125,27.734375,23.828125,99.609375,85.546875,43.359375,49.609375,93.359375,77.734375,83.984375,0.201171875,0.048828125
2000,22.1773859516775,0.5,0.02618,0.0068,0.001428,0.0034,0.000476,0.00136,0.000408,0.00273972602739726,0.9,0.8,0.8,0.281035149774667,19.5125110677837,0.0896009559294642,0.614855034446023,0.594276162864343,0.97348420774218,0.0594015785676106,0.00777851632313666,0.099506643618827,0.4,4,3.90215270996094,0.229342070972181,6.6983584647352,5.859375,33.203125,52.734375,48.828125,24.609375,10.546875,18.359375,74.609375,68.359375,52.734375,58.984375,0.326171875,0.173828125
2000,24.3968585097813,0.5,0.02618,0.0068,0.001428,0.0034,0.000476,0.00136,0.000408,0.00273972602739726,0.9,0.8,0.8,0.310496656057351,17.7039655090029,0.0985680570701768,0.554731700290873,0.656270742201455,0.919610852043753,0.0656389879660144,0.00860753388297137,0.0903103617536935,0.4,4,4.32082458496094,0.208207596469345,6.6983584647352,55.859375,83.203125,2.734375,98.828125,74.609375,60.546875,68.359375,24.609375,18.359375,2.734375,8.984375,0.076171875,0.423828125
2000,22.1860557663576,0.5,0.02618,0.0068,0.001428,0.0034,0.000476,0.00136,0.000408,0.00273972602739726,0.9,0.8,0.8,0.287594938282921,18.1207787432532,0.0851524330979388,0.561072833190049,0.576598021100245,0.959805426021876,0.0592797541652981,0.00865610913061794,0.0843112247557354,0.4,4,4.12620758056641,0.221829425738751,6.6983584647352,88.8671875,24.8046875,70.8984375,96.6796875,87.3046875,91.2109375,83.0078125,66.9921875,40.0390625,99.8046875,3.7109375,0.2880859375,0.1044921875
2000,24.4055283244613,0.5,0.02618,0.0068,0.001428,0.0034,0.000476,0.00136,0.000408,0.00273972602739726,0.9,0.8,0.8,0.317056444565605,16.3122331844723,0.0941195342386514,0.621196167345199,0.638592600437357,0.905932070323449,0.0655171635637018,0.00782709157078322,0.0935075066208689,0.4,4,4.54487945556641,0.200694951235915,6.6983584647352,38.8671875,74.8046875,20.8984375,46.6796875,37.3046875,41.2109375,33.0078125,16.9921875,90.0390625,49.8046875,53.7109375,0.0380859375,0.3544921875
2000,21.0763194873057,0.5,0.02618,0.0068,0.001428,0.0034,0.000476,0.00136,0.000408,0.00273972602739726,0.9,0.8,0.8,0.272864185141579,17.2165059638627,0.0986030848090077,0.591134500267624,0.669589890105912,0.98674210387109,0.0623984588644999,0.0090706179105353,0.0981056475534356,0.4,4,4.33554351806641,0.211262188487333,6.6983584647352,63.8671875,99.8046875,95.8984375,21.6796875,62.3046875,66.2109375,8.0078125,91.9921875,65.0390625,24.8046875,78.7109375,0.4130859375,0.4794921875
2000,23.2957920454095,0.5,0.02618,0.0068,0.001428,0.0034,0.000476,0.00136,0.000408,0.00273972602739726,0.9,0.8,0.8,0.302325691424263,19.0250515226436,0.0896359836682951,0.651257834422774,0.607595310768801,0.932868748172663,0.0561610494660962,0.00824160035070058,0.0889093656883021,0.4,4,3.91687164306641,0.232396662990169,6.6983584647352,13.8671875,49.8046875,45.8984375,71.6796875,12.3046875,16.2109375,58.0078125,41.9921875,15.0390625,74.8046875,28.7109375,0.1630859375,0.2294921875
2000,20.5214513477798,0.5,0.02618,0.0068,0.001428,0.0034,0.000476,0.00136,0.000408,0.00273972602739726,0.9,0.8,0.8,0.309691067994934,18.5729151329484,0.0918777589534733,0.576103666728837,0.592096665934523,0.919400409248056,0.0639578112141009,0.00761983718082455,0.0958065770871522,0.4,4,4.23087554931641,0.22711304436446,6.6983584647352,76.3671875,62.3046875,33.3984375,59.1796875,24.8046875,53.7109375,45.5078125,54.4921875,52.5390625,62.3046875,16.2109375,0.1005859375,0.2919921875
2000,22.7409239058835,0.5,0.02618,0.0068,0.001428,0.0034,0.000476,0.00136,0.000408,0.00273972602739726,0.9,0.8,0.8,0.28022956171225,16.7643695741675,0.0829106578127607,0.636227000883986,0.654091245271635,0.973273764946483,0.0577204018156971,0.00844885474065926,0.0866102952220188,0.4,4,3.81220367431641,0.205978569861624,6.6983584647352,26.3671875,12.3046875,83.3984375,9.1796875,74.8046875,3.7109375,95.5078125,4.4921875,2.5390625,12.3046875,66.2109375,0.3505859375,0.0419921875
2000,21.6311876268316,0.5,0.02618,0.0068,0.001428,0.0034,0.000476,0.00136,0.000408,0.00273972602739726,0.9,0.8,0.8,0.294960314853592,17.6686423535579,0.087394208383117,0.546041999651262,0.623093955603079,0.892463731398842,0.060839106514899,0.0080343459607419,0.0912084361545855,0.4,4,4.02153961181641,0.195411332610206,6.6983584647352,51.3671875,37.3046875,8.3984375,34.1796875,49.8046875,78.7109375,70.5078125,79.4921875,27.5390625,37.3046875,91.2109375,0.2255859375,0.1669921875
2000,23.8506601849354,0.5,0.02618,0.0068,0.001428,0.0034,0.000476,0.00136,0.000408,0.00273972602739726,0.9,0.8,0.8,0.265498808570908,19.4771879123388,0.0963613095238296,0.606165333806411,0.561099376265967,0.94633708709727,0.0670765159133027,0.00886336352057662,0.100404718019719,0.4,4,4.44021148681641,0.216545807113042,6.6983584647352,1.3671875,87.3046875,58.3984375,84.1796875,99.8046875,28.7109375,20.5078125,29.4921875,77.5390625,87.3046875,41.2109375,0.4755859375,0.4169921875
2000,20.7988854175427,0.5,0.02618,0.0068,0.001428,0.0034,0.000476,0.00136,0.000408,0.00273972602739726,0.9,0.8,0.8,0.283912249997586,16.9904377690151,0.0817897701701716,0.568588249959443,0.584347343517384,0.939602917634966,0.0647374873889013,0.00896699071555596,0.0831616895225937,0.4,4,3.86453765869141,0.192769523297351,6.6983584647352,70.1171875,68.5546875,77.1484375,15.4296875,93.5546875,72.4609375,51.7578125,10.7421875,46.2890625,81.0546875,9.9609375,0.1943359375,0.3232421875
2000,23.0183579756465,0.5,0.02618,0.0068,0.001428,0.0034,0.000476,0.00136,0.000408,0.00273972602739726,0.9,0.8,0.8,0.31337375628027,18.798983327796,0.0907568713108842,0.628711584114593,0.646341922854496,0.993476273333394,0.0585000779904976,0.00813797315572124,0.0923579713877272,0.4,4,4.28320953369141,0.213903997800187,6.6983584647352,20.1171875,18.5546875,27.1484375,65.4296875,43.5546875,22.4609375,1.7578125,60.7421875,96.2890625,31.0546875,59.9609375,0.4443359375,0.0732421875
2000,21.9086216965946,0.5,0.02618,0.0068,0.001428,0.0034,0.000476,0.00136,0.000408,0.00273972602739726,0.9,0.8,0.8,0.269181496856244,19.7032561071864,0.0952404218812405,0.598649917037018,0.677339212523051,0.912666239785752,0.0616187826896995,0.0085524819356386,0.0969561123202939,0.4,4,4.49254547119141,0.224471235051605,6.6983584647352,95.1171875,43.5546875,52.1484375,90.4296875,68.5546875,97.4609375,26.7578125,35.7421875,71.2890625,6.0546875,84.9609375,0.0693359375,0.1982421875
2000,24.1280942546984,0.5,0.02618,0.0068,0.001428,0.0034,0.000476,0.00136,0.000408,0.00273972602739726,0.9,0.8,0.8,0.298643003138928,17.8947105484055,0.0862733207405279,0.658773251192167,0.61534463318594,0.96653959548418,0.0678561920881032,0.00772346437580388,0.0877598304551604,0.4,4,4.07387359619141,0.203336760548769,6.6983584647352,45.1171875,93.5546875,2.1484375,40.4296875,18.5546875,47.4609375,76.7578125,85.7421875,21.2890625,56.0546875,34.9609375,0.3193359375,0.4482421875
2000,21.3537535570687,0.5,0.02618,0.0068,0.001428,0.0034,0.000476,0.00136,0.000408,0.00273972602739726,0.9,0.8,0.8,0.320739132850941,16.5383013793199,0.0929986465960624,0.58361908349823,0.599845988351662,0.953071256559573,0.0600594303400985,0.00793071876576256,0.0946570418540105,0.4,4,4.59721343994141,0.208620379174478,6.6983584647352,57.6171875,6.0546875,14.6484375,27.9296875,6.0546875,84.9609375,14.2578125,23.2421875,58.7890625,68.5546875,22.4609375,0.3818359375,0.0107421875
2000,23.5732261151724,0.5,0.02618,0.0068,0.001428,0.0034,0.000476,0.00136,0.000408,0.00273972602739726,0.9,0.8,0.8,0.291277626568257,18.3468469381008,0.0840315454553498,0.64374241765338,0.661840567688773,0.899197900861145,0.0662968397385023,0.00875973632559728,0.0854607599888771,0.4,4,4.17854156494141,0.229754853677314,6.6983584647352,7.6171875,56.0546875,64.6484375,77.9296875,56.0546875,34.9609375,64.2578125,73.2421875,8.7890625,18.5546875,72.4609375,0.1318359375,0.2607421875
2000,20.2440172780168,0.5,0.02618,0.0068,0.001428,0.0034,0.000476,0.00136,0.000408,0.00273972602739726,0.9,0.8,0.8,0.306008379709599,19.2511197174912,0.0885150960257061,0.553557416420655,0.630843278020218,0.980007934408787,0.0631781350393004,0.00751620998584521,0.0900589009214438,0.4,4,3.96920562744141,0.219187616425896,6.6983584647352,82.6171875,81.0546875,39.6484375,52.9296875,31.0546875,59.9609375,89.2578125,48.2421875,33.7890625,43.5546875,97.4609375,0.2568359375,0.3857421875
2000,22.4634898361205,0.5,0.02618,0.0068,0.001428,0.0034,0.000476,0.00136,0.000408,0.00273972602739726,0.9,0.8,0.8,0.276546873426915,17.4425741587103,0.0974821971664187,0.613680750575805,0.568848698683106,0.926134578710359,0.0569407256408967,0.00834522754567992,0.0992551827865773,0.4,4,4.38787750244141,0.19805314192306,6.6983584647352,32.6171875,31.0546875,89.6484375,2.9296875,81.0546875,9.9609375,39.2578125,98.2421875,83.7890625,93.5546875,47.4609375,0.0068359375,0.1357421875
2000,20.1053002431353,0.5,0.02618,0.0068,0.001428,0.0034,0.000476,0.00136,0.000408,0.00273972602739726,0.9,0.8,0.8,0.304167035566931,16.4252672818961,0.0834711016340552,0.617438458960502,0.619219294394509,0.983375019139938,0.0573305637282969,0.00787890516827289,0.0837364571391645,0.4,4,4.51871246337891,0.191448618640924,6.6983584647352,54.4921875,84.1796875,30.2734375,18.5546875,77.9296875,56.8359375,4.8828125,76.3671875,68.1640625,65.4296875,50.5859375,0.3974609375,0.1826171875
2000,22.3247728012391,0.5,0.02618,0.0068,0.001428,0.0034,0.000476,0.00136,0.000408,0.00273972602739726,0.9,0.8,0.8,0.274705529284247,18.233812840677,0.0924382027747678,0.557315124805352,0.681213873731621,0.929501663441511,0.0635679731267006,0.00870792272810761,0.092932739004298,0.4,4,4.10004058837891,0.21258309314376,6.6983584647352,4.4921875,34.1796875,80.2734375,68.5546875,27.9296875,6.8359375,54.8828125,26.3671875,18.1640625,15.4296875,0.5859375,0.1474609375,0.4326171875
2000,21.2150365221872,0.5,0.02618,0.0068,0.001428,0.0034,0.000476,0.00136,0.000408,0.00273972602739726,0.9,0.8,0.8,0.318897788708273,19.1380856200674,0.0969217533451241,0.647500126038077,0.650216584063065,0.956438341290725,0.0666866778259025,0.00746439638835554,0.0975308799368648,0.4,4,3.89070465087891,0.223150330395178,6.6983584647352,79.4921875,9.1796875,5.2734375,93.5546875,52.9296875,81.8359375,79.8828125,51.3671875,43.1640625,40.4296875,25.5859375,0.2724609375,0.3076171875
2000,23.4345090802909,0.5,0.02618,0.0068,0.001428,0.0034,0.000476,0.00136,0.000408,0.00273972602739726,0.9,0.8,0.8,0.289436282425589,17.3295400612865,0.0879546522044115,0.587376791882927,0.588222004725953,0.902564985592297,0.0604492684274988,0.00829341394819025,0.0883345980717313,0.4,4,4.30937652587891,0.202015855892342,6.6983584647352,29.4921875,59.1796875,55.2734375,43.5546875,2.9296875,31.8359375,29.8828125,1.3671875,93.1640625,90.4296875,75.5859375,0.0224609375,0.0576171875
2000,21.7699046617131,0.5,0.02618,0.0068,0.001428,0.0034,0.000476,0.00136,0.000408,0.00273972602739726,0.9,0.8,0.8,0.267340152713576,16.8774036715913,0.0901964274895897,0.63246929249929,0.572723359891676,0.916033324516904,0.0682460301755034,0.00891517711806629,0.0952318094705814,0.4,4,3.78603668212891,0.207299474518051,6.6983584647352,66.9921875,46.6796875,67.7734375,31.0546875,15.4296875,94.3359375,67.3828125,88.8671875,30.6640625,77.9296875,63.0859375,0.2099609375,0.4951171875
2000,23.9893772198169,0.5,0.02618,0.0068,0.001428,0.0034,0.000476,0.00136,0.000408,0.00273972602739726,0.9,0.8,0.8,0.29680165899626,18.6859492303722,0.0812293263488771,0.57234595834414,0.634717939228787,0.969906680215332,0.0620086207770997,0.00808615955823157,0.0860355276054479,0.4,4,4.20470855712891,0.228433949020887,6.6983584647352,16.9921875,96.6796875,17.7734375,81.0546875,65.4296875,44.3359375,17.3828125,38.8671875,80.6640625,27.9296875,13.0859375,0.4599609375,0.2451171875
2000,20.6601683826612,0.5,0.02618,0.0068,0.001428,0.0034,0.000476,0.00136,0.000408,0.00273972602739726,0.9,0.8,0.8,0.282070905854918,19.5902220097626,0.0857128769192334,0.602407625421715,0.665715228897343,0.942970002366118,0.0588899160778978,0.00850066833814893,0.0906336685380146,0.4,4,4.41404449462891,0.217866711769469,6.6983584647352,91.9921875,71.6796875,92.7734375,56.0546875,40.4296875,69.3359375,42.3828125,63.8671875,55.6640625,2.9296875,38.0859375,0.0849609375,0.1201171875
2000,22.879640940765,0.5,0.02618,0.0068,0.001428,0.0034,0.000476,0.00136,0.000408,0.00273972602739726,0.9,0.8,0.8,0.311532412137602,17.7816764509817,0.094679978059946,0.542284291266565,0.603720649560231,0.996843358064545,0.0651273254763016,0.00767165077831421,0.0998299504031481,0.4,4,3.99537261962891,0.196732237266633,6.6983584647352,41.9921875,21.6796875,42.7734375,6.0546875,90.4296875,19.3359375,92.3828125,13.8671875,5.6640625,52.9296875,88.0859375,0.3349609375,0.3701171875
2000,21.4924705919501,0.5,0.02618,0.0068,0.001428,0.0034,0.000476,0.00136,0.000408,0.00273972602739726,0.9,0.8,0.8,0.300484347281596,18.9120174252198,0.0823502139914661,0.624953875729896,0.61146997197737,0.895830816129994,0.067466354000703,0.00756802358333488,0.0848859923723062,0.4,4,4.25704254150391,0.220508521082323,6.6983584647352,85.7421875,27.9296875,24.0234375,99.8046875,96.6796875,75.5859375,36.1328125,45.1171875,74.4140625,59.1796875,56.8359375,0.1162109375,0.4013671875
2000,23.7119431500539,0.5,0.02618,0.0068,0.001428,0.0034,0.000476,0.00136,0.000408,0.00273972602739726,0.9,0.8,0.8,0.271022840998911,17.1034718664389,0.0913173151321788,0.564830541574746,0.673464551314482,0.949704171828421,0.0612289446022992,0.00839704114316959,0.0940822742374397,0.4,4,3.83837066650391,0.199374046579487,6.6983584647352,35.7421875,77.9296875,74.0234375,49.8046875,46.6796875,25.5859375,86.1328125,95.1171875,24.4140625,9.1796875,6.8359375,0.3662109375,0.1513671875
2000,20.3827343128983,0.5,0.02618,0.0068,0.001428,0.0034,0.000476,0.00136,0.000408,0.00273972602739726,0.9,0.8,0.8,0.315215100422938,18.0077446458293,0.0958008657025351,0.655015542807471,0.642467261645926,0.922767493979208,0.0581102399030974,0.00798253236325223,0.0986804151700064,0.4,4,4.04770660400391,0.209941283830905,6.6983584647352,60.7421875,52.9296875,49.0234375,24.8046875,71.6796875,50.5859375,61.1328125,20.1171875,49.4140625,34.1796875,31.8359375,0.2412109375,0.0263671875
2000,22.602206871002,0.5,0.02618,0.0068,0.001428,0.0034,0.000476,0.00136,0.000408,0.00273972602739726,0.9,0.8,0.8,0.285753594140253,19.8162902046102,0.0868337645618224,0.594892208652321,0.580472682308814,0.976640849677635,0.0643476493015011,0.00881154992308695,0.089484133304873,0.4,4,4.46637847900391,0.231075758333741,6.6983584647352,10.7421875,2.9296875,99.0234375,74.8046875,21.6796875,0.5859375,11.1328125,70.1171875,99.4140625,84.1796875,81.8359375,0.4912109375,0.2763671875
2000,20.9376024524242,0.5,0.02618,0.0068,0.001428,0.0034,0.000476,0.00136,0.000408,0.00273972602739726,0.9,0.8,0.8,0.278388217569582,18.4598810355246,0.0935590904173569,0.639984709268683,0.564974037474537,0.990109188602242,0.0565508875534964,0.00860429553312827,0.0963813447037231,0.4,4,4.15237457275391,0.225792139708032,6.6983584647352,98.2421875,90.4296875,86.5234375,62.3046875,9.1796875,63.0859375,98.6328125,32.6171875,36.9140625,96.6796875,69.3359375,0.3037109375,0.2138671875
2000,23.157075010528,0.5,0.02618,0.0068,0.001428,0.0034,0.000476,0.00136,0.000408,0.00273972602739726,0.9,0.8,0.8,0.307849723852267,16.6513354767437,0.0845919892766443,0.579861375113534,0.626968616811648,0.936235832903814,0.0627882969519002,0.00777527797329355,0.0871850628385896,0.4,4,4.57104644775391,0.204657665205196,6.6983584647352,48.2421875,40.4296875,36.5234375,12.3046875,59.1796875,13.0859375,48.6328125,82.6171875,86.9140625,46.6796875,19.3359375,0.0537109375,0.4638671875
2000,22.0473387314761,0.5,0.02618,0.0068,0.001428,0.0034,0.000476,0.00136,0.000408,0.00273972602739726,0.9,0.8,0.8,0.293118970710925,17.5556082561341,0.0890755398470006,0.609923042191108,0.657965906480204,0.963172510753028,0.065907001651102,0.00901880431304563,0.0917832037711563,0.4,4,4.36171051025391,0.194090427953778,6.6983584647352,73.2421875,15.4296875,61.5234375,37.3046875,34.1796875,88.0859375,23.6328125,7.6171875,61.9140625,21.6796875,44.3359375,0.4287109375,0.3388671875
2000,24.2668112895799,0.5,0.02618,0.0068,0.001428,0.0034,0.000476,0.00136,0.000408,0.00273972602739726,0.9,0.8,0.8,0.322580476993609,19.364153814915,0.0980426409877132,0.549799708035959,0.595971327143092,0.909299155054601,0.0596695922526983,0.00818978675321091,0.10097948563629,0.4,4,3.94303863525391,0.215224902456614,6.6983584647352,23.2421875,65.4296875,11.5234375,87.3046875,84.1796875,38.0859375,73.6328125,57.6171875,11.9140625,71.6796875,94.3359375,0.1787109375,0.0888671875
2000,21.0069609698649,0.5,0.02618,0.0068,0.001428,0.0034,0.000476,0.00136,0.000408,0.00273972602739726,0.9,0.8,0.8,0.294039642782258,19.0815685713555,0.0966415314344769,0.570467104151791,0.659903237084489,0.981691476774363,0.064152730257801,0.00780118477203839,0.0966687285120085,0.4,4,3.95612213134766,0.222489878066964,6.6983584647352,27.9296875,76.3671875,22.4609375,10.7421875,32.6171875,17.7734375,78.3203125,74.8046875,32.2265625,85.7421875,80.2734375,0.1240234375,0.4091796875
2000,23.2264335279687,0.5,0.02618,0.0068,0.001428,0.0034,0.000476,0.00136,0.000408,0.00273972602739726,0.9,0.8,0.8,0.323501149064943,17.2730230125746,0.0876744302937642,0.630590438306941,0.597908657747377,0.927818121075935,0.0579153208593972,0.0086302023318731,0.087472446646875,0.4,4,4.37479400634766,0.201355403564128,6.6983584647352,77.9296875,26.3671875,72.4609375,60.7421875,82.6171875,67.7734375,28.3203125,24.8046875,82.2265625,35.7421875,30.2734375,0.3740234375,0.1591796875
2000,22.1166972489168,0.5,0.02618,0.0068,0.001428,0.0034,0.000476,0.00136,0.000408,0.00273972602739726,0.9,0.8,0.8,0.279308889640916,16.3687502331842,0.083190879723408,0.600528771229366,0.566911368078821,0.954754798925149,0.0610340255585991,0.00821569355195575,0.0828743057143083,0.4,4,4.58412994384766,0.19078816631271,6.6983584647352,2.9296875,1.3671875,47.4609375,85.7421875,7.6171875,42.7734375,3.3203125,99.8046875,57.2265625,10.7421875,5.2734375,0.2490234375,0.0341796875
2000,24.3361698070206,0.5,0.02618,0.0068,0.001428,0.0034,0.000476,0.00136,0.000408,0.00273972602739726,0.9,0.8,0.8,0.3087703959236,18.1772957919651,0.0921579808641206,0.660652105384516,0.628905947415933,0.900881443226721,0.0672714349570029,0.00904471111179046,0.0920705875794418,0.4,4,4.16545806884766,0.211922640815546,6.6983584647352,52.9296875,51.3671875,97.4609375,35.7421875,57.6171875,92.7734375,53.3203125,49.8046875,7.2265625,60.7421875,55.2734375,0.4990234375,0.2841796875
2000,21.5618291093909,0.5,0.02618,0.0068,0.001428,0.0034,0.000476,0.00136,0.000408,0.00273972602739726,0.9,0.8,0.8,0.316135772494272,19.5337049610507,0.0854326550085861,0.585497937690579,0.644404592250211,0.914349782151328,0.0594746732089982,0.00842294794191443,0.0897715171131584,0.4,4,4.47946197509766,0.217206259441255,6.6983584647352,40.4296875,38.8671875,84.9609375,48.2421875,70.1171875,30.2734375,40.8203125,62.3046875,69.7265625,73.2421875,92.7734375,0.3115234375,0.2216796875
2000,23.7813016674947,0.5,0.02618,0.0068,0.001428,0.0034,0.000476,0.00136,0.000408,0.00273972602739726,0.9,0.8,0.8,0.286674266211587,17.7251594022698,0.0943997561492987,0.645621271845728,0.582410012913099,0.968223137849756,0.0657120826074019,0.00759393038207971,0.0989677989782919,0.4,4,4.06079010009766,0.196071784938419,6.6983584647352,90.4296875,88.8671875,34.9609375,98.2421875,20.1171875,80.2734375,90.8203125,12.3046875,19.7265625,23.2421875,42.7734375,0.0615234375,0.4716796875
2000,20.452092830339,0.5,0.02618,0.0068,0.001428,0.0034,0.000476,0.00136,0.000408,0.00273972602739726,0.9,0.8,0.8,0.301405019352929,16.8208866228794,0.0899162055789424,0.555436270613004,0.613407302581655,0.941286460000542,0.0625933779082,0.00883745672183178,0.0943696580457251,0.4,4,3.85145416259766,0.206639022189837,6.6983584647352,15.4296875,63.8671875,59.9609375,73.2421875,95.1171875,5.2734375,65.8203125,87.3046875,44.7265625,48.2421875,17.7734375,0.4365234375,0.3466796875
2000,22.6715653884428,0.5,0.02618,0.0068,0.001428,0.0034,0.000476,0.00136,0.000408,0.00273972602739726,0.9,0.8,0.8,0.271943513070245,18.6294321816603,0.0809491044382298,0.615559604768154,0.675401881918767,0.995159815698969,0.0563559685097963,0.00800843916199707,0.0851733761805916,0.4,4,4.27012603759766,0.227773496692673,6.6983584647352,65.4296875,13.8671875,9.9609375,23.2421875,45.1171875,55.2734375,15.8203125,37.3046875,94.7265625,98.2421875,67.7734375,0.1865234375,0.0966796875
2000,21.8392631791539,0.5,0.02618,0.0068,0.001428,0.0034,0.000476,0.00136,0.000408,0.00273972602739726,0.9,0.8,0.8,0.282991577926252,17.9512275971174,0.0955206437918878,0.562951687382398,0.65215391466735,0.894147273764418,0.0602543493837987,0.00811206635697641,0.0978182637451502,0.4,4,4.00845611572266,0.209280831502692,6.6983584647352,9.1796875,32.6171875,28.7109375,79.4921875,38.8671875,49.0234375,59.5703125,6.0546875,25.9765625,91.9921875,86.5234375,0.4052734375,0.1279296875
2000,24.0587357372576,0.5,0.02618,0.0068,0.001428,0.0034,0.000476,0.00136,0.000408,0.00273972602739726,0.9,0.8,0.8,0.312453084208936,19.7597731558983,0.0865535426511752,0.623075021537547,0.590159335330238,0.948020629462845,0.0664917587822024,0.00894108391681112,0.0886219818800167,0.4,4,4.42712799072266,0.230415306005528,6.6983584647352,59.1796875,82.6171875,78.7109375,29.4921875,88.8671875,99.0234375,9.5703125,56.0546875,75.9765625,41.9921875,36.5234375,0.1552734375,0.3779296875
2000,20.729526900102,0.5,0.02618,0.0068,0.001428,0.0034,0.000476,0.00136,0.000408,0.00273972602739726,0.9,0.8,0.8,0.26826082478491,18.8555003765079,0.0820699920808189,0.593013354459972,0.559162045661682,0.921083951613632,0.0633730540830005,0.00769755757705905,0.08402384094745,0.4,4,4.21779205322266,0.21984806875411,6.6983584647352,34.1796875,57.6171875,3.7109375,4.4921875,13.8671875,24.0234375,34.5703125,31.0546875,50.9765625,16.9921875,11.5234375,0.2802734375,0.2529296875
2000,22.9489994582057,0.5,0.02618,0.0068,0.001428,0.0034,0.000476,0.00136,0.000408,0.00273972602739726,0.9,0.8,0.8,0.297722331067594,17.046954817727,0.0910370932215315,0.653136688615122,0.621156624998794,0.974957307312059,0.0571356446845968,0.00852657513689377,0.0932201228125834,0.4,4,3.79912017822266,0.198713594251274,6.6983584647352,84.1796875,7.6171875,53.7109375,54.4921875,63.8671875,74.0234375,84.5703125,81.0546875,0.9765625,66.9921875,61.5234375,0.0302734375,0.0029296875
2000,20.174658760576,0.5,0.02618,0.0068,0.001428,0.0034,0.000476,0.00136,0.000408,0.00273972602739726,0.9,0.8,0.8,0.319818460779607,17.4990912074222,0.0887953179363533,0.577982520921185,0.636655269833072,0.988425646236666,0.0649324064326015,0.00873382952685244,0.0909210523463001,0.4,4,4.32246002197266,0.193429975625565,6.6983584647352,21.6796875,95.1171875,66.2109375,66.9921875,51.3671875,11.5234375,22.0703125,18.5546875,63.4765625,54.4921875,99.0234375,0.2177734375,0.4404296875
2000,22.3941313186798,0.5,0.02618,0.0068,0.001428,0.0034,0.000476,0.00136,0.000408,0.00273972602739726,0.9,0.8,0.8,0.290356954496923,19.3076367662031,0.0977624190770659,0.638105855076335,0.57466069049596,0.934552290538239,0.0586949970341977,0.00790481196701773,0.100117334211434,0.4,4,3.90378814697266,0.214564450128401,6.6983584647352,71.6796875,45.1171875,16.2109375,16.9921875,1.3671875,61.5234375,72.0703125,68.5546875,13.4765625,4.4921875,49.0234375,0.4677734375,0.1904296875
2000,21.2843950396279,0.5,0.02618,0.0068,0.001428,0.0034,0.000476,0.00136,0.000408,0.00273972602739726,0.9,0.8,0.8,0.305087707638265,18.4033639868127,0.0932788685067096,0.54792085384361,0.605657980164516,0.961488968387452,0.0618137017333996,0.00831932074693508,0.0955191932788668,0.4,4,4.11312408447266,0.225131687379819,6.6983584647352,46.6796875,20.1171875,91.2109375,41.9921875,76.3671875,36.5234375,97.0703125,43.5546875,38.4765625,29.4921875,24.0234375,0.0927734375,0.0654296875
2000,23.5038675977317,0.5,0.02618,0.0068,0.001428,0.0034,0.000476,0.00136,0.000408,0.00273972602739726,0.9,0.8,0.8,0.275626201355581,16.5948184280318,0.084311767365997,0.60804418799876,0.667652559501628,0.907615612689025,0.0680511111318033,0.00749030318710037,0.0863229114137333,0.4,4,4.53179595947266,0.203997212876983,6.6983584647352,96.6796875,70.1171875,41.2109375,91.9921875,26.3671875,86.5234375,47.0703125,93.5546875,88.4765625,79.4921875,74.0234375,0.3427734375,0.3154296875
2000,21.1456780047464,0.5,0.02618,0.0068,0.001428,0.0034,0.000476,0.00136,0.000408,0.00273972602739726,0.9,0.8,0.8,0.306929051780933,17.3860571099984,0.0983228628983605,0.626832729922244,0.625031286207363,0.964856053118604,0.0684409492192036,0.00878564312434211,0.098393031361721,0.4,4,4.34862701416016,0.210601736159119,6.6983584647352,18.5546875,16.9921875,75.5859375,76.3671875,29.4921875,33.3984375,6.4453125,84.1796875,60.3515625,51.3671875,27.1484375,0.2021484375,0.3623046875
2000,23.3651505628502,0.5,0.02618,0.0068,0.001428,0.0034,0.000476,0.00136,0.000408,0.00273972602739726,0.9,0.8,0.8,0.277467545498248,19.1946026687793,0.0893557617576479,0.566709395767095,0.563036706870252,0.910982697420177,0.0622035398207998,0.0079566255645074,0.0891967494965875,0.4,4,3.92995513916016,0.231736210661955,6.6983584647352,68.5546875,66.9921875,25.5859375,26.3671875,79.4921875,83.3984375,56.4453125,34.1796875,10.3515625,1.3671875,77.1484375,0.4521484375,0.1123046875
2000,20.0359417256946,0.5,0.02618,0.0068,0.001428,0.0034,0.000476,0.00136,0.000408,0.00273972602739726,0.9,0.8,0.8,0.321659804922275,18.2903298893889,0.0848722111872916,0.656894396999819,0.594033996538808,0.991792730967818,0.0590848351215979,0.00837113434442475,0.0845986085640208,0.4,4,4.13929107666016,0.221168973410537,6.6983584647352,43.5546875,91.9921875,50.5859375,1.3671875,4.4921875,8.3984375,81.4453125,59.1796875,35.3515625,26.3671875,52.1484375,0.0771484375,0.2373046875
2000,22.2554142837983,0.5,0.02618,0.0068,0.001428,0.0034,0.000476,0.00136,0.000408,0.00273972602739726,0.9,0.8,0.8,0.292198298639591,16.481784330608,0.0938393123280042,0.596771062844669,0.656028575875919,0.93791937526939,0.0653222445200017,0.00754211678459004,0.0937948904291543,0.4,4,4.55796295166016,0.200034498907701,6.6983584647352,93.5546875,41.9921875,0.5859375,51.3671875,54.4921875,58.3984375,31.4453125,9.1796875,85.3515625,76.3671875,2.1484375,0.3271484375,0.4873046875
2000,20.5908098652205,0.5,0.02618,0.0068,0.001428,0.0034,0.000476,0.00136,0.000408,0.00273972602739726,0.9,0.8,0.8,0.270102168927577,17.8381934996936,0.0871139864724697,0.641863563461032,0.671527220710197,0.924451036344783,0.057525482771997,0.00816387995446608,0.0914958199628709,0.4,4,4.03462310791016,0.194750880281992,6.6983584647352,6.0546875,54.4921875,13.0859375,63.8671875,66.9921875,20.8984375,68.9453125,96.6796875,47.8515625,88.8671875,39.6484375,0.3896484375,0.0498046875
2000,22.8102824233243,0.5,0.02618,0.0068,0.001428,0.0034,0.000476,0.00136,0.000408,0.00273972602739726,0.9,0.8,0.8,0.299563675210262,19.6467390584745,0.0960810876131823,0.581740229305882,0.609532641373085,0.978324392043211,0.0637628921704008,0.00899289751430079,0.100692101828004,0.4,4,4.45329498291016,0.215885354784828,6.6983584647352,56.0546875,4.4921875,63.0859375,13.8671875,16.9921875,70.8984375,18.9453125,46.6796875,97.8515625,38.8671875,89.6484375,0.1396484375,0.2998046875
2000,21.7005461442724,0.5,0.02618,0.0068,0.001428,0.0034,0.000476,0.00136,0.000408,0.00273972602739726,0.9,0.8,0.8,0.28483292206892,18.7424662790841,0.091597537042826,0.611801896383457,0.57853535170453,0.89751435849557,0.0668815968696026,0.00774937117454872,0.0960939608954376,0.4,4,4.24395904541016,0.226452592036246,6.6983584647352,31.0546875,29.4921875,38.0859375,38.8671875,91.9921875,45.8984375,43.9453125,71.6796875,72.8515625,13.8671875,64.6484375,0.2646484375,0.4248046875
2000,23.9200187023761,0.5,0.02618,0.0068,0.001428,0.0034,0.000476,0.00136,0.000408,0.00273972602739726,0.9,0.8,0.8,0.314294428351604,16.9339207203032,0.0826304359021134,0.551678562228307,0.640529931041641,0.951387714193997,0.0606441874711989,0.00857838873438343,0.0868976790303042,0.4,4,3.82528717041016,0.20531811753341,6.6983584647352,81.0546875,79.4921875,88.0859375,88.8671875,41.9921875,95.8984375,93.9453125,21.6796875,22.8515625,63.8671875,14.6484375,0.0146484375,0.1748046875
2000,20.3133757954575,0.5,0.02618,0.0068,0.001428,0.0034,0.000476,0.00136,0.000408,0.00273972602739726,0.9,0.8,0.8,0.295880986924926,19.8728072533221,0.0949601999705932,0.619317313152851,0.632780608624502,0.944653544731694,0.0567458065971965,0.0084747615394041,0.0972434961285793,0.4,4,4.40096099853516,0.223810782723391,6.6983584647352,49.8046875,73.2421875,69.3359375,7.6171875,48.2421875,2.1484375,25.1953125,40.4296875,54.1015625,70.1171875,33.3984375,0.2958984375,0.0810546875
2000,22.5328483535613,0.5,0.02618,0.0068,0.001428,0.0034,0.000476,0.00136,0.000408,0.00273972602739726,0.9,0.8,0.8,0.266419480642242,18.0642616945413,0.0859930988298806,0.559193978997701,0.570786029287391,0.998526900430121,0.0629832159956003,0.00764574397956938,0.0880472142634459,0.4,4,3.98228912353516,0.202676308220555,6.6983584647352,99.8046875,23.2421875,19.3359375,57.6171875,98.2421875,52.1484375,75.1953125,90.4296875,4.1015625,20.1171875,83.3984375,0.0458984375,0.3310546875
2000,21.4231120745094,0.5,0.02618,0.0068,0.001428,0.0034,0.000476,0.00136,0.000408,0.00273972602739726,0.9,0.8,0.8,0.310611740066268,17.1599889151508,0.0815095482595243,0.649378980230425,0.601783318955947,0.91771686688248,0.0661019206948022,0.00888927031932145,0.0834490733308791,0.4,4,3.77295318603516,0.192109070969138,6.6983584647352,24.8046875,48.2421875,94.3359375,82.6171875,23.2421875,27.1484375,50.1953125,15.4296875,29.1015625,45.1171875,58.3984375,0.4208984375,0.4560546875
2000,23.6425846326132,0.5,0.02618,0.0068,0.001428,0.0034,0.000476,0.00136,0.000408,0.00273972602739726,0.9,0.8,0.8,0.281150233783584,18.9685344739317,0.0904766494002369,0.589255646075276,0.663777898293058,0.971590222580907,0.0598645112963984,0.00806025275948674,0.0926453551960126,0.4,4,4.19162506103516,0.213243545471973,6.6983584647352,74.8046875,98.2421875,44.3359375,32.6171875,73.2421875,77.1484375,0.1953125,65.4296875,79.1015625,95.1171875,8.3984375,0.1708984375,0.2060546875
2000,21.9779802140353,0.5,0.02618,0.0068,0.001428,0.0034,0.000476,0.00136,0.000408,0.00273972602739726,0.9,0.8,0.8,0.273784857212913,19.4206708636269,0.0882348741150588,0.634348146691638,0.679276543127336,0.958121883656301,0.0676612730444031,0.00785299836952806,0.0903462847297292,0.4,4,3.87762115478516,0.218527164097682,6.6983584647352,37.3046875,10.7421875,31.8359375,45.1171875,60.7421875,39.6484375,87.6953125,27.9296875,41.6015625,82.6171875,45.8984375,0.1083984375,0.2685546875
2000,24.1974527721391,0.5,0.02618,0.0068,0.001428,0.0034,0.000476,0.00136,0.000408,0.00273972602739726,0.9,0.8,0.8,0.303246363495597,17.612125304846,0.0972019752557714,0.574224812536488,0.617281963790224,0.904248527957873,0.0614238636459994,0.00868201592936277,0.0995425665948627,0.4,4,4.29629302978516,0.197392689594846,6.6983584647352,87.3046875,60.7421875,81.8359375,95.1171875,10.7421875,89.6484375,37.6953125,77.9296875,91.6015625,32.6171875,95.8984375,0.3583984375,0.0185546875
2000,20.8682439349835,0.5,0.02618,0.0068,0.001428,0.0034,0.000476,0.00136,0.000408,0.00273972602739726,0.9,0.8,0.8,0.288515610354255,16.7078525254556,0.0927184246854151,0.604286479614063,0.586284674121669,0.985058561505514,0.0583051589467975,0.00826750714944542,0.094944425662296,0.4,4,4.50562896728516,0.207959926846264,6.6983584647352,12.3046875,85.7421875,6.8359375,70.1171875,85.7421875,14.6484375,12.6953125,2.9296875,66.6015625,7.6171875,70.8984375,0.2333984375,0.1435546875
2000,23.0877164930872,0.5,0.02618,0.0068,0.001428,0.0034,0.000476,0.00136,0.000408,0.00273972602739726,0.9,0.8,0.8,0.317977116636939,18.5163980842365,0.0837513235447025,0.544163145458913,0.64827925345878,0.931185205807087,0.0645425683452012,0.00909652470928013,0.0857481437971625,0.4,4,4.08695709228516,0.2290944013491,6.6983584647352,62.3046875,35.7421875,56.8359375,20.1171875,35.7421875,64.6484375,62.6953125,52.9296875,16.6015625,57.6171875,20.8984375,0.4833984375,0.3935546875
2000,20.4174135716186,0.5,0.02618,0.0068,0.001428,0.0034,0.000476,0.00136,0.000408,0.00273972602739726,0.9,0.8,0.8,0.317516780601272,19.2793782418471,0.0906167603555606,0.635287573787812,0.625999951509506,0.92192572279642,0.0677587325662532,0.00763279058019696,0.0916395118670136,0.4,4,4.06733184814453,0.191118392476817,6.6983584647352,5.2734375,53.7109375,62.3046875,27.1484375,84.9609375,56.0546875,65.0390625,39.6484375,31.4453125,13.0859375,43.5546875,0.0654296875,0.4443359375
2000,22.6368861297224,0.5,0.02618,0.0068,0.001428,0.0034,0.000476,0.00136,0.000408,0.00273972602739726,0.9,0.8,0.8,0.288055274318588,17.4708326830663,0.081649659214848,0.575164239632662,0.564005372172394,0.975799078494847,0.0615213231678494,0.00846180814003168,0.100835793732147,0.4,4,4.48600372314453,0.212252866979653,6.6983584647352,55.2734375,3.7109375,12.3046875,77.1484375,34.9609375,6.0546875,15.0390625,89.6484375,81.4453125,63.0859375,93.5546875,0.3154296875,0.1943359375
2000,21.5271498506705,0.5,0.02618,0.0068,0.001428,0.0034,0.000476,0.00136,0.000408,0.00273972602739726,0.9,0.8,0.8,0.30278602745993,16.5665599036759,0.0861332097852043,0.605225906710237,0.59500266184095,0.894989044947206,0.0584026184686475,0.00804729936011432,0.0962376527995804,0.4,4,4.27666778564453,0.222820104231071,6.6983584647352,30.2734375,28.7109375,87.3046875,52.1484375,59.9609375,81.0546875,40.0390625,14.6484375,56.4453125,88.0859375,68.5546875,0.1904296875,0.0693359375
2000,23.7466224087743,0.5,0.02618,0.0068,0.001428,0.0034,0.000476,0.00136,0.000408,0.00273972602739726,0.9,0.8,0.8,0.273324521177246,18.3751054624567,0.0951003109259169,0.545102572555088,0.656997241178062,0.948862400645633,0.0646400278670513,0.00887631691994903,0.0870413709344469,0.4,4,3.85799591064453,0.201685629728235,6.6983584647352,80.2734375,78.7109375,37.3046875,2.1484375,9.9609375,31.0546875,90.0390625,64.6484375,6.4453125,38.0859375,18.5546875,0.4404296875,0.3193359375
2000,22.0820179901965,0.5,0.02618,0.0068,0.001428,0.0034,0.000476,0.00136,0.000408,0.00273972602739726,0.9,0.8,0.8,0.280689897747917,19.7315146315423,0.0838914345000261,0.620256740249025,0.67249588601234,0.96233073957024,0.0568432661190466,0.00866906252999036,0.0985367232658637,0.4,4,4.38133575439453,0.206969248353944,6.6983584647352,17.7734375,16.2109375,49.8046875,14.6484375,22.4609375,93.5546875,2.5390625,27.1484375,68.9453125,25.5859375,31.0546875,0.2529296875,0.1318359375
2000,24.3014905483002,0.5,0.02618,0.0068,0.001428,0.0034,0.000476,0.00136,0.000408,0.00273972602739726,0.9,0.8,0.8,0.310151404030601,17.9229690727615,0.0928585356407387,0.560133406093875,0.610501306675228,0.908457383871813,0.0630806755174503,0.00784004497015564,0.0893404414007302,0.4,4,3.96266387939453,0.22810372285678,6.6983584647352,67.7734375,66.2109375,99.8046875,64.6484375,72.4609375,43.5546875,52.5390625,77.1484375,18.9453125,75.5859375,81.0546875,0.0029296875,0.3818359375
2000,20.9722817111446,0.5,0.02618,0.0068,0.001428,0.0034,0.000476,0.00136,0.000408,0.00273972602739726,0.9,0.8,0.8,0.265959144606575,17.0186962933711,0.097342086211095,0.6503184073266,0.579504017006672,0.989267417419454,0.0661993802166522,0.00908357130990771,0.0847423004681635,0.4,4,4.17199981689453,0.217536485605362,6.6983584647352,42.7734375,91.2109375,24.8046875,89.6484375,47.4609375,68.5546875,77.5390625,2.1484375,43.9453125,50.5859375,56.0546875,0.3779296875,0.2568359375
2000,23.1917542692483,0.5,0.02618,0.0068,0.001428,0.0034,0.000476,0.00136,0.000408,0.00273972602739726,0.9,0.8,0.8,0.295420650889259,18.8272418521519,0.0883749850703824,0.59019507317145,0.641498596343784,0.935394061721026,0.0599619708182485,0.008254553750073,0.093938582333297,0.4,4,4.59067169189453,0.196402011102526,6.6983584647352,92.7734375,41.2109375,74.8046875,39.6484375,97.4609375,18.5546875,27.5390625,52.1484375,93.9453125,0.5859375,6.0546875,0.1279296875,0.0068359375
